vehicle_reference,casualty_reference,casualty_sex,casualty_age,age_band_of_casualty,severity,car_passenger,bus_or_coach_passenger,pedestrian_road_maintenance_worker,protection_status,ped_behavior,zone_type
2,1,2,46,8,3,0,0,0,0,0_0,1_9
1,1,1,30,6,3,0,0,0,0,0_0,1_2
1,1,2,58,9,3,0,0,0,0,0_0,1_10
2,3,2,78,11,3,0,0,0,0,0_0,2_10
3,2,1,63,9,3,0,0,0,0,0_0,3_7
2,1,1,74,10,2,0,0,0,0,0_0,3_5
1,1,1,50,8,3,0,0,0,0,0_0,1_8
2,1,1,46,8,2,0,0,0,0,0_0,1_3
1,1,1,79,11,3,0,0,0,1,5_2,1_10
1,1,1,13,3,3,0,0,0,0,0_0,1_8
1,1,1,50,8,2,0,0,0,0,0_0,1_3
2,2,2,30,6,3,0,0,0,0,0_0,1_1
2,1,1,45,7,3,0,0,0,0,0_0,1_4
1,1,1,28,6,3,0,0,0,0,0_0,1_7
2,2,1,54,8,2,0,0,0,0,0_0,3_8
1,1,1,42,7,3,0,0,0,0,0_0,1_10
1,1,2,50,8,3,0,0,0,0,0_0,1_2
1,1,1,45,7,3,0,0,0,0,0_0,-1_-1
2,1,1,30,6,2,0,0,0,0,0_0,1_8
2,1,1,58,9,3,0,0,0,0,0_0,1_10
2,1,2,33,6,3,0,0,0,0,0_0,1_1
1,1,1,20,4,3,0,0,0,0,0_0,1_10
1,1,1,24,5,3,0,0,0,1,10_9,-1_-1
1,1,1,18,4,3,0,0,0,0,0_0,3_5
1,1,1,58,9,3,0,0,0,0,0_0,1_3
1,1,1,34,6,3,0,0,0,0,0_0,1_2
1,1,1,14,3,3,0,0,0,1,9_8,1_5
2,1,1,32,6,2,0,0,0,0,0_0,-1_-1
3,1,2,34,6,3,0,0,0,0,0_0,1_8
2,1,1,59,9,3,0,0,0,0,0_0,1_7
1,1,2,19,4,2,0,0,0,0,0_0,2_1
2,1,2,36,7,3,0,0,0,0,0_0,1_2
1,1,1,23,5,2,0,0,0,0,0_0,1_3
1,1,2,43,7,3,0,0,0,0,0_0,1_2
1,1,2,55,8,3,0,0,0,0,0_0,-1_-1
1,1,2,5,1,3,0,0,0,1,5_3,1_1
1,1,1,42,7,3,0,0,0,1,9_9,1_1
2,2,1,31,6,3,0,0,0,0,0_0,1_1
2,1,1,25,5,3,0,0,0,0,0_0,1_1
1,1,1,18,4,2,0,0,0,0,0_0,1_6
2,1,1,26,6,3,0,0,0,0,0_0,-1_-1
2,1,2,52,8,2,0,0,0,0,0_0,1_1
2,2,1,72,10,3,0,0,0,0,0_0,1_1
1,1,1,15,3,3,0,0,0,0,0_0,1_1
1,1,1,22,5,3,0,0,0,0,0_0,1_9
1,1,2,47,8,3,0,0,0,0,0_0,1_4
1,1,2,59,9,3,0,0,0,0,0_0,1_3
1,1,2,16,4,2,0,0,0,1,6_9,1_4
2,1,2,61,9,3,0,0,0,0,0_0,1_9
1,1,2,35,6,3,0,0,0,0,0_0,2_3
1,1,1,20,4,3,0,0,0,0,0_0,-1_-1
3,2,2,52,8,3,0,0,0,0,0_0,1_1
1,1,1,17,4,2,0,0,0,1,5_1,2_10
2,1,1,30,6,3,0,0,0,0,0_0,1_1
1,1,2,36,7,3,0,0,0,0,0_0,3_5
1,1,2,36,7,3,0,0,0,0,0_0,1_5
2,1,1,17,4,3,0,0,0,0,0_0,1_2
2,2,2,17,4,3,0,0,0,1,0_0,1_1
1,1,1,24,5,2,0,0,0,1,8_7,-1_-1
1,1,1,68,10,3,0,0,0,0,0_0,1_10
2,2,2,52,8,3,0,0,0,0,0_0,1_9
1,1,1,38,7,3,0,0,0,0,0_0,1_1
1,1,2,36,7,3,0,0,0,0,0_0,1_3
1,1,1,73,10,3,0,0,0,1,6_9,1_5
1,1,1,65,9,3,0,0,0,0,0_0,1_10
2,1,2,27,6,3,0,0,0,0,0_0,1_9
1,1,1,66,10,2,0,0,0,0,0_0,1_6
1,1,2,74,10,3,0,0,0,0,0_0,2_9
1,1,1,50,8,3,0,0,0,0,0_0,1_7
2,2,1,21,5,3,0,0,0,0,0_0,2_7
2,1,1,60,9,2,0,0,0,0,0_0,3_8
1,1,1,69,10,3,0,0,0,0,0_0,1_9
1,1,1,25,5,3,0,0,0,0,0_0,1_9
2,1,1,41,7,2,0,0,0,0,0_0,1_6
1,1,1,67,10,3,0,0,0,0,0_0,1_6
1,1,1,91,11,3,0,0,0,1,5_3,1_4
1,1,1,30,6,3,0,0,0,0,0_0,1_6
1,1,2,54,8,3,0,0,0,0,0_0,1_10
1,1,1,17,4,3,0,0,0,1,9_5,1_2
2,1,1,34,6,2,0,0,0,0,0_0,1_6
1,1,1,72,10,3,0,0,0,1,9_7,1_8
1,1,1,70,10,2,0,0,0,0,0_0,1_8
1,1,1,27,6,3,0,0,0,0,0_0,3_6
1,1,1,24,5,3,0,0,0,0,0_0,2_9
1,1,2,40,7,2,0,0,0,0,0_0,1_5
2,1,2,30,6,3,0,0,0,0,0_0,-1_-1
1,1,1,41,7,3,0,0,0,0,0_0,3_6
2,1,1,33,6,3,0,0,0,0,0_0,2_6
1,1,1,17,4,2,0,0,0,0,0_0,2_8
1,1,1,16,4,3,0,0,0,0,0_0,1_10
1,1,2,77,11,3,0,0,0,0,0_0,1_9
1,1,1,63,9,3,0,0,0,0,0_0,-1_-1
1,1,2,28,6,2,0,0,0,0,0_0,2_9
1,1,1,21,5,2,0,0,0,1,5_9,-1_-1
1,1,1,27,6,2,0,0,0,1,6_9,1_1
2,1,1,43,7,2,0,0,0,0,0_0,-1_-1
2,1,1,73,10,3,0,0,0,0,0_0,2_9
1,1,2,53,8,3,0,0,0,0,0_0,1_2
2,1,1,26,6,3,0,0,0,0,0_0,1_10
2,1,1,35,6,3,0,0,0,0,0_0,-1_-1
1,1,1,20,4,2,0,0,0,0,0_0,2_7
2,2,1,65,9,3,0,0,0,0,0_0,1_4
1,1,2,81,11,3,0,0,0,0,0_0,1_4
1,1,2,28,6,3,0,0,0,0,0_0,1_3
1,1,1,24,5,3,0,0,0,0,0_0,-1_-1
1,1,2,12,3,3,0,0,0,1,5_9,-1_-1
2,1,2,60,9,3,0,0,0,0,0_0,-1_-1
1,1,2,36,7,3,0,0,0,0,0_0,2_2
2,2,1,54,8,3,0,0,0,0,0_0,1_4
1,1,1,28,6,3,0,0,0,1,9_5,1_2
1,1,2,23,5,3,0,0,0,0,0_0,1_2
2,1,1,21,5,2,0,0,0,0,0_0,1_3
1,1,2,34,6,3,0,0,0,1,5_9,1_1
2,1,1,32,6,3,0,0,0,0,0_0,1_3
1,1,1,44,7,2,0,0,0,0,0_0,-1_-1
1,1,1,36,7,3,0,0,0,1,10_9,-1_-1
1,1,1,66,10,2,0,0,0,0,0_0,-1_-1
2,2,2,35,6,3,0,0,0,0,0_0,1_6
2,1,1,57,9,2,0,0,0,0,0_0,-1_-1
1,1,2,58,9,3,0,0,0,0,0_0,1_3
2,2,1,36,7,2,0,0,0,0,0_0,1_3
1,1,1,53,8,3,0,0,0,0,0_0,1_4
1,1,1,34,6,3,0,0,0,0,0_0,1_9
1,1,2,54,8,3,0,0,0,1,9_5,1_3
1,1,2,67,10,3,0,0,0,0,0_0,3_3
1,1,1,58,9,3,0,0,0,0,0_0,1_2
2,1,1,39,7,3,0,0,0,0,0_0,1_1
1,1,2,39,7,3,0,0,0,0,0_0,1_3
2,2,2,70,10,3,0,0,0,0,0_0,1_4
1,1,2,66,10,3,0,0,0,0,0_0,2_9
1,1,2,43,7,3,0,0,0,0,0_0,1_3
1,1,2,36,7,3,0,0,0,0,0_0,1_1
1,1,1,38,7,3,0,0,0,0,0_0,1_2
1,1,2,10,2,3,0,0,0,1,1_1,-1_-1
1,2,1,31,6,3,0,0,0,1,1_1,-1_-1
1,3,1,12,3,3,0,0,0,1,1_1,1_1
1,1,2,18,4,3,0,0,0,0,0_0,3_10
1,1,1,50,8,2,0,0,0,0,0_0,2_4
1,1,1,8,2,3,0,0,0,1,5_1,1_3
2,1,1,51,8,3,0,0,0,0,0_0,1_2
2,1,1,22,5,3,0,0,0,0,0_0,1_10
1,1,2,21,5,3,0,0,0,0,0_0,1_1
1,1,1,17,4,3,0,0,0,0,0_0,3_7
2,1,2,29,6,3,0,0,0,0,0_0,3_7
3,2,2,46,8,3,0,0,0,0,0_0,1_10
2,1,2,36,7,2,0,0,0,0,0_0,2_10
1,1,2,62,9,3,0,0,0,1,5_1,1_10
1,1,2,57,9,3,0,0,0,0,0_0,3_3
1,1,1,72,10,3,0,0,0,0,0_0,2_9
1,1,1,34,6,3,0,0,0,0,0_0,1_1
1,1,2,8,2,2,0,0,0,1,4_1,1_1
1,2,2,8,2,3,0,0,0,1,4_1,1_1
2,1,2,51,8,2,0,0,0,0,0_0,1_2
3,2,1,48,8,3,0,0,0,0,0_0,1_2
2,1,1,27,6,3,0,0,0,0,0_0,1_1
3,2,1,23,5,3,0,0,0,0,0_0,1_7
2,1,2,15,3,3,0,0,0,1,0_0,1_1
2,1,1,22,5,2,0,0,0,0,0_0,1_1
1,1,2,12,3,3,0,0,0,1,5_1,2_7
2,1,1,35,6,2,0,0,0,0,0_0,1_1
2,1,1,46,8,2,0,0,0,0,0_0,1_5
1,1,1,34,6,3,0,0,0,0,0_0,1_3
2,1,1,53,8,3,0,0,0,0,0_0,1_7
2,1,1,27,6,3,0,0,0,0,0_0,-1_-1
2,1,1,51,8,3,0,0,0,0,0_0,1_6
1,1,2,38,7,3,0,0,0,0,0_0,1_2
1,1,2,16,4,2,0,0,0,1,1_1,1_3
1,1,1,30,6,2,0,0,0,0,0_0,-1_-1
2,1,2,40,7,3,0,0,0,0,0_0,-1_-1
2,1,1,68,10,2,0,0,0,0,0_0,1_6
2,1,1,56,9,2,0,0,0,0,0_0,-1_-1
1,1,1,34,6,3,0,0,0,1,10_9,1_7
1,1,1,18,4,3,0,0,0,0,0_0,1_1
1,1,2,13,3,3,0,0,0,1,10_9,1_1
1,1,1,54,8,3,0,0,0,0,0_0,1_1
1,1,2,19,4,2,0,0,0,0,0_0,1_6
2,1,2,63,9,3,0,0,0,0,0_0,1_8
2,2,1,13,3,3,0,0,0,0,0_0,1_2
1,1,1,10,2,3,0,0,0,1,5_2,-1_-1
1,1,1,45,7,2,0,0,0,0,0_0,1_7
1,1,1,21,5,3,0,0,0,0,0_0,1_9
1,1,1,72,10,3,0,0,0,0,0_0,1_10
2,3,1,61,9,3,0,0,0,0,0_0,1_6
1,1,1,60,9,3,0,0,0,0,0_0,1_4
2,1,1,64,9,3,0,0,0,0,0_0,1_1
1,1,2,35,6,3,0,0,0,0,0_0,1_2
2,1,1,52,8,3,0,0,0,0,0_0,1_9
1,1,1,17,4,3,0,0,0,0,0_0,3_6
2,3,2,19,4,3,0,0,0,0,0_0,1_5
2,1,1,34,6,2,0,0,0,0,0_0,2_4
1,1,2,18,4,3,0,0,0,0,0_0,1_1
2,2,1,41,7,3,0,0,0,0,0_0,1_1
1,1,1,49,8,2,0,0,0,0,0_0,1_2
1,1,1,6,2,2,0,0,0,1,1_3,1_2
2,1,2,40,7,3,0,0,0,0,0_0,1_1
1,1,1,29,6,3,0,0,0,0,0_0,1_6
2,2,2,18,4,3,0,0,0,0,0_0,1_1
2,1,2,61,9,2,0,0,0,0,0_0,1_1
1,1,1,21,5,3,0,0,0,0,0_0,1_1
1,1,1,75,10,3,0,0,0,0,0_0,1_1
1,2,1,25,5,2,0,0,0,0,0_0,3_4
2,1,1,25,5,3,0,0,0,0,0_0,1_7
2,1,2,41,7,3,0,0,0,0,0_0,1_1
1,1,2,92,11,3,0,0,0,0,0_0,1_8
1,1,1,16,4,2,0,0,0,0,0_0,1_2
1,2,2,15,3,2,0,0,0,1,0_0,1_1
2,1,2,34,6,3,0,0,0,0,0_0,1_1
1,1,1,33,6,2,0,0,0,0,0_0,2_2
2,1,1,37,7,2,0,0,0,0,0_0,1_5
1,1,2,53,8,3,0,0,0,0,0_0,1_3
2,1,2,57,9,3,0,0,0,0,0_0,1_4
1,2,2,27,6,2,0,0,0,0,0_0,1_1
2,1,1,59,9,3,0,0,0,0,0_0,1_5
2,1,2,21,5,3,0,0,0,0,0_0,1_9
2,1,1,20,4,3,0,0,0,0,0_0,1_2
2,1,1,60,9,3,0,0,0,0,0_0,1_6
2,1,1,20,4,3,0,0,0,1,0_0,1_2
1,1,1,46,8,3,0,0,0,0,0_0,1_4
1,1,1,18,4,2,0,0,0,0,0_0,2_7
2,1,1,56,9,2,0,0,0,0,0_0,1_9
1,1,2,44,7,3,0,0,0,0,0_0,1_2
1,1,1,29,6,3,0,0,0,0,0_0,1_10
2,1,1,50,8,3,0,0,0,0,0_0,1_8
2,1,2,21,5,3,0,0,0,0,0_0,2_10
1,1,2,26,6,3,0,0,0,0,0_0,1_3
1,1,1,7,2,3,0,0,0,0,0_0,1_4
1,1,1,11,3,3,0,0,0,1,5_1,1_1
2,2,2,30,6,3,0,0,0,0,0_0,1_6
2,1,1,39,7,2,0,0,0,0,0_0,1_2
1,1,2,3,1,2,0,0,0,1,7_1,1_1
2,1,1,10,2,2,0,0,0,0,0_0,-1_-1
2,1,1,21,5,3,0,0,0,0,0_0,1_7
2,1,1,49,8,3,0,0,0,0,0_0,-1_-1
3,2,2,32,6,3,0,0,0,0,0_0,2_7
1,1,1,58,9,2,0,0,0,0,0_0,1_3
2,1,1,13,3,3,0,0,0,0,0_0,1_1
1,1,1,21,5,2,0,0,0,0,0_0,3_3
2,1,1,51,8,3,0,0,0,0,0_0,2_10
1,1,1,21,5,3,0,0,0,0,0_0,1_3
1,2,2,56,9,3,0,0,0,0,0_0,1_1
3,1,1,30,6,2,0,0,0,0,0_0,1_1
2,1,1,21,5,3,0,0,0,0,0_0,1_6
1,1,1,22,5,3,0,0,0,0,0_0,3_9
1,1,2,82,11,3,0,0,0,0,0_0,1_5
2,2,1,71,10,3,0,0,0,0,0_0,3_5
1,1,2,27,6,3,0,0,0,0,0_0,1_1
2,1,1,15,3,3,0,0,0,0,0_0,1_1
1,1,2,10,2,2,0,0,0,1,5_2,1_4
2,1,2,39,7,3,0,0,0,0,0_0,1_3
2,1,1,32,6,3,0,0,0,0,0_0,1_10
2,1,2,64,9,3,0,0,0,0,0_0,3_6
1,1,1,30,6,3,0,0,0,0,0_0,1_1
2,2,1,34,6,3,0,0,0,0,0_0,1_1
2,2,2,44,7,3,0,0,0,0,0_0,1_5
1,1,1,18,4,3,0,0,0,0,0_0,-1_-1
2,2,1,47,8,3,0,0,0,0,0_0,-1_-1
1,1,1,49,8,3,0,0,0,0,0_0,1_5
1,1,2,8,2,3,0,0,0,1,5_3,1_1
1,2,2,8,2,3,0,0,0,1,5_3,1_1
1,3,1,41,7,3,0,0,0,1,5_3,1_1
2,1,1,26,6,3,0,0,0,0,0_0,1_2
1,1,1,44,7,3,0,0,0,1,6_7,-1_-1
2,1,1,44,7,3,0,0,0,0,0_0,1_4
2,1,1,22,5,3,0,0,0,0,0_0,1_3
1,1,2,16,4,3,0,0,0,1,6_9,-1_-1
1,1,1,28,6,2,0,0,0,1,6_9,1_2
1,1,1,22,5,2,0,0,0,0,0_0,1_1
1,1,1,46,8,3,0,0,0,0,0_0,1_5
2,2,2,22,5,2,0,0,0,0,0_0,1_1
1,1,1,9,2,3,0,0,0,1,5_2,1_2
1,1,1,17,4,2,0,0,0,0,0_0,1_3
1,1,1,19,4,3,0,0,0,0,0_0,1_1
1,1,2,39,7,3,0,0,0,0,0_0,1_8
1,1,2,7,2,3,0,0,0,1,10_9,1_1
1,1,1,65,9,3,0,0,0,0,0_0,1_3
2,1,1,28,6,3,0,0,0,0,0_0,1_1
3,2,1,27,6,3,0,0,0,0,0_0,1_4
2,1,2,46,8,3,0,0,0,0,0_0,1_10
2,1,1,72,10,3,0,0,0,0,0_0,1_5
2,1,2,64,9,3,0,0,0,0,0_0,-1_-1
1,1,1,55,8,3,0,0,0,0,0_0,1_6
2,1,1,40,7,2,0,0,0,0,0_0,1_1
2,1,2,47,8,3,0,0,0,0,0_0,1_7
1,1,1,58,9,3,0,0,0,1,8_9,1_1
1,1,1,21,5,3,0,0,0,0,0_0,1_7
2,1,1,24,5,3,0,0,0,0,0_0,1_1
2,1,1,40,7,3,0,0,0,0,0_0,1_1
2,1,1,37,7,3,0,0,0,0,0_0,1_4
2,1,2,49,8,3,0,0,0,0,0_0,1_1
2,1,2,25,5,3,0,0,0,0,0_0,1_8
2,1,1,52,8,3,0,0,0,0,0_0,1_1
1,1,2,22,5,3,0,0,0,0,0_0,1_1
1,1,1,36,7,3,0,0,0,0,0_0,1_2
2,1,2,71,10,3,0,0,0,0,0_0,1_3
1,1,1,8,2,3,0,0,0,0,0_0,1_1
2,1,1,29,6,2,0,0,0,0,0_0,1_4
1,1,2,33,6,3,0,0,0,1,10_9,1_1
1,1,2,30,6,2,0,0,0,1,1_3,1_7
2,1,1,15,3,3,0,0,0,0,0_0,1_9
1,1,1,30,6,3,0,0,0,1,8_1,1_1
2,1,1,42,7,3,0,0,0,0,0_0,1_2
2,1,1,51,8,3,0,0,0,0,0_0,1_1
1,1,1,24,5,3,0,0,0,1,5_1,1_5
2,1,1,58,9,2,0,0,0,0,0_0,1_7
2,1,2,36,7,3,0,0,0,0,0_0,1_8
1,1,2,72,10,2,0,0,0,1,9_5,1_3
1,1,1,16,4,2,0,0,0,0,0_0,1_1
1,1,2,77,11,2,0,0,0,0,0_0,2_9
1,2,1,42,7,3,0,0,0,0,0_0,1_1
1,1,1,79,11,3,0,0,0,0,0_0,3_9
2,1,2,26,6,2,0,0,0,0,0_0,1_2
2,1,1,41,7,3,0,0,0,0,0_0,1_2
2,1,2,50,8,3,0,0,0,0,0_0,1_3
1,1,2,61,9,2,0,0,0,0,0_0,1_2
2,1,1,53,8,3,0,0,0,0,0_0,1_10
2,1,2,30,6,3,0,0,0,0,0_0,1_1
1,1,1,25,5,3,0,0,0,0,0_0,1_6
2,1,1,32,6,3,0,0,0,0,0_0,1_9
2,1,2,24,5,3,0,0,0,0,0_0,1_10
1,1,1,35,6,3,0,0,0,0,0_0,1_2
2,1,1,22,5,3,0,0,0,0,0_0,1_1
2,1,1,30,6,2,0,0,0,0,0_0,1_2
1,1,1,25,5,3,0,0,0,0,0_0,1_1
2,1,2,47,8,3,0,0,0,0,0_0,1_1
1,1,1,37,7,1,0,0,0,0,0_0,1_2
3,1,2,26,6,3,0,0,0,0,0_0,1_1
2,1,2,42,7,3,0,0,0,0,0_0,1_5
2,1,1,38,7,3,0,0,0,0,0_0,1_5
1,1,2,74,10,3,0,0,0,0,0_0,3_7
1,1,1,10,2,2,0,0,0,1,5_1,1_7
2,1,2,31,6,3,0,0,0,0,0_0,1_4
1,1,2,28,6,3,0,0,0,1,6_5,-1_-1
1,1,1,10,2,3,0,0,0,0,0_0,1_3
1,1,1,50,8,2,0,0,0,0,0_0,1_1
2,1,2,20,4,3,0,0,0,0,0_0,1_3
2,1,1,47,8,3,0,0,0,0,0_0,1_1
2,1,1,12,3,3,0,0,0,0,0_0,1_1
2,1,2,35,6,3,0,0,0,0,0_0,1_5
2,1,1,42,7,3,0,0,0,0,0_0,1_1
1,1,1,6,2,3,0,0,0,1,10_9,1_2
1,1,1,20,4,3,0,0,0,0,0_0,1_2
1,2,1,17,4,3,0,0,0,1,0_0,1_5
2,3,1,39,7,3,0,0,0,0,0_0,1_4
1,1,1,8,2,3,0,0,0,1,3_1,2_7
1,1,1,45,7,3,0,0,0,0,0_0,1_2
1,1,1,21,5,3,0,0,0,0,0_0,1_2
2,1,1,60,9,2,0,0,0,0,0_0,1_6
2,2,1,56,9,3,0,0,0,1,0_0,1_6
3,1,2,32,6,3,0,0,0,0,0_0,1_2
1,1,2,22,5,3,0,0,0,1,5_4,1_1
1,1,1,26,6,3,0,0,0,1,5_1,1_8
1,1,2,28,6,3,0,0,0,0,0_0,1_4
1,1,1,18,4,3,0,0,0,0,0_0,1_2
1,2,1,39,7,2,0,0,0,1,4_4,1_4
1,1,2,20,4,3,0,0,0,1,5_3,1_-1
1,1,1,29,6,3,0,0,0,0,0_0,1_4
1,1,1,34,6,3,0,0,0,0,0_0,1_4
1,1,2,52,8,3,0,0,0,0,0_0,-1_-1
1,1,1,49,8,2,0,0,0,0,0_0,1_1
1,1,1,7,2,3,0,0,0,1,6_9,-1_-1
1,1,1,28,6,3,0,0,0,0,0_0,1_4
1,1,2,44,7,3,0,0,0,0,0_0,1_8
2,1,1,25,5,3,0,0,0,0,0_0,1_4
2,1,1,14,3,2,0,0,0,0,0_0,1_4
1,1,1,23,5,3,0,0,0,0,0_0,1_10
1,1,1,26,6,3,0,0,0,0,0_0,1_8
1,1,2,23,5,3,0,0,0,0,0_0,1_5
1,1,1,57,9,3,0,0,0,0,0_0,1_10
1,1,1,23,5,3,0,0,0,0,0_0,1_5
2,2,2,27,6,3,0,0,0,0,0_0,1_2
1,1,2,60,9,3,0,0,0,1,4_3,-1_-1
2,1,1,6,2,3,0,0,0,0,0_0,1_2
1,1,1,20,4,3,0,0,0,0,0_0,1_3
2,1,1,63,9,3,0,0,0,0,0_0,1_2
1,1,1,41,7,3,0,0,0,1,9_9,-1_-1
2,1,2,28,6,3,0,0,0,0,0_0,1_3
1,1,1,26,6,3,0,0,0,0,0_0,1_4
1,1,1,37,7,3,0,0,0,0,0_0,1_8
1,1,2,43,7,3,0,0,0,0,0_0,1_1
1,1,1,73,10,3,0,0,0,0,0_0,1_9
1,1,2,30,6,3,0,0,0,0,0_0,1_2
1,1,2,40,7,3,0,0,0,0,0_0,1_4
1,1,1,46,8,3,0,0,0,0,0_0,1_7
1,1,1,40,7,3,0,0,0,0,0_0,1_10
2,2,2,37,7,3,0,0,0,0,0_0,1_4
1,1,1,10,2,3,0,0,0,0,0_0,1_1
2,1,1,12,3,2,0,0,0,0,0_0,1_1
1,1,2,12,3,3,0,0,0,1,5_1,1_1
1,1,2,21,5,3,0,0,0,0,0_0,2_9
2,2,1,18,4,3,0,0,0,0,0_0,1_7
2,1,1,20,4,3,0,0,0,0,0_0,1_1
1,1,1,26,6,3,0,0,0,0,0_0,1_1
2,3,2,36,7,3,0,0,0,0,0_0,1_5
2,1,2,28,6,3,0,0,0,0,0_0,1_1
1,1,1,53,8,3,0,0,0,0,0_0,1_6
1,1,1,12,3,3,0,0,0,1,5_1,1_9
2,1,1,20,4,3,0,0,0,0,0_0,1_5
1,1,1,12,3,2,0,0,0,1,5_3,1_3
1,1,2,38,7,3,0,0,0,0,0_0,1_4
1,1,1,61,9,3,0,0,0,0,0_0,1_5
2,2,1,21,5,2,0,0,0,0,0_0,1_4
2,1,1,65,9,3,0,0,0,0,0_0,1_2
1,1,2,79,11,3,0,0,0,0,0_0,1_6
2,1,1,60,9,3,0,0,0,0,0_0,1_2
2,1,1,16,4,3,0,0,0,1,5_2,1_2
1,1,1,34,6,2,0,0,0,0,0_0,1_1
2,2,2,41,7,3,0,0,0,0,0_0,1_4
2,1,1,36,7,3,0,0,0,0,0_0,1_1
2,1,1,20,4,2,0,0,0,0,0_0,1_5
2,1,2,65,9,2,0,0,0,0,0_0,1_7
1,1,2,28,6,1,0,0,0,0,0_0,3_5
2,1,2,25,5,3,0,0,0,0,0_0,1_9
1,1,1,87,11,2,0,0,0,0,0_0,1_10
2,2,1,45,7,2,0,0,0,0,0_0,3_8
2,1,2,19,4,3,0,0,0,0,0_0,3_5
2,2,1,39,7,3,0,0,0,0,0_0,1_9
1,1,2,18,4,3,0,0,0,0,0_0,3_8
1,1,1,49,8,3,0,0,0,1,9_7,1_6
2,1,1,44,7,3,0,0,0,0,0_0,1_1
1,1,1,29,6,3,0,0,0,0,0_0,1_2
1,1,1,39,7,3,0,0,0,0,0_0,1_5
2,1,1,21,5,3,0,0,0,0,0_0,1_5
2,1,1,62,9,3,0,0,0,0,0_0,1_10
1,1,1,32,6,3,0,0,0,0,0_0,1_5
1,1,1,36,7,3,0,0,0,0,0_0,1_6
2,1,1,22,5,3,0,0,0,0,0_0,1_2
2,1,1,22,5,3,0,0,0,0,0_0,-1_-1
1,1,2,19,4,3,0,0,0,1,1_3,1_3
1,1,1,31,6,3,0,0,0,0,0_0,1_8
1,1,1,37,7,3,0,0,0,0,0_0,1_2
2,1,1,50,8,3,0,0,0,0,0_0,1_5
1,1,1,17,4,3,0,0,0,0,0_0,1_4
1,1,1,40,7,2,0,0,0,0,0_0,1_7
1,1,1,12,3,3,0,0,0,1,1_1,1_2
1,1,2,57,9,3,0,0,0,0,0_0,1_5
1,1,1,35,6,2,0,0,0,0,0_0,1_3
2,1,1,31,6,2,0,0,0,0,0_0,1_9
2,1,2,23,5,3,0,0,0,0,0_0,1_9
2,1,1,23,5,2,0,0,0,0,0_0,1_3
2,1,1,37,7,2,0,0,0,0,0_0,-1_-1
1,1,1,29,6,3,0,0,0,1,1_1,1_2
2,2,1,41,7,3,0,0,0,0,0_0,1_4
2,1,1,20,4,3,0,0,0,0,0_0,-1_-1
2,1,1,21,5,3,0,0,0,0,0_0,1_4
2,1,1,62,9,3,0,0,0,0,0_0,1_3
1,1,1,11,3,3,0,0,0,1,5_3,1_7
2,1,1,18,4,3,0,0,0,0,0_0,1_2
1,1,1,59,9,3,0,0,0,0,0_0,1_2
1,1,2,30,6,3,0,0,0,0,0_0,1_3
1,1,2,31,6,3,0,0,0,0,0_0,1_8
2,2,2,36,7,3,0,0,0,0,0_0,1_2
1,1,1,41,7,3,0,0,0,0,0_0,-1_-1
1,1,1,31,6,2,0,0,0,0,0_0,1_-1
1,1,2,35,6,2,0,0,0,0,0_0,3_6
1,3,2,48,8,3,0,0,0,0,0_0,1_1
3,1,2,35,6,3,0,0,0,0,0_0,1_9
1,1,1,60,9,3,0,0,0,1,9_8,-1_-1
1,1,1,65,9,3,0,0,0,1,5_1,1_3
2,1,1,26,6,3,0,0,0,0,0_0,1_4
2,1,1,17,4,3,0,0,0,0,0_0,1_4
1,1,2,29,6,3,0,0,0,1,6_9,1_7
2,1,1,38,7,3,0,0,0,0,0_0,1_9
2,1,2,29,6,3,0,0,0,0,0_0,1_5
1,1,1,26,6,3,0,0,0,0,0_0,1_6
2,2,2,71,10,3,0,0,0,0,0_0,3_9
2,1,1,16,4,3,0,0,0,0,0_0,1_4
2,1,1,18,4,2,0,0,0,0,0_0,-1_-1
1,1,2,49,8,3,0,0,0,0,0_0,-1_-1
1,1,1,17,4,3,0,0,0,0,0_0,1_5
1,1,1,26,6,2,0,0,0,0,0_0,1_1
1,1,2,18,4,2,0,0,0,1,1_1,1_4
3,1,1,40,7,2,0,0,0,0,0_0,1_8
1,2,1,64,9,3,0,0,0,0,0_0,1_3
2,1,2,32,6,3,0,0,0,0,0_0,1_3
1,1,1,74,10,2,0,0,0,1,1_1,3_7
1,1,1,75,10,3,0,0,0,0,0_0,3_6
1,1,2,19,4,3,0,0,0,0,0_0,1_1
2,2,1,18,4,3,0,0,0,0,0_0,3_3
1,1,1,54,8,2,0,0,0,0,0_0,1_3
2,1,1,30,6,3,0,0,0,0,0_0,2_5
1,1,1,35,6,3,0,0,0,0,0_0,3_7
2,2,2,29,6,3,0,0,0,0,0_0,1_7
1,1,2,18,4,2,0,0,0,0,0_0,3_4
1,1,2,19,4,3,0,0,0,0,0_0,2_8
1,1,1,41,7,3,0,0,0,1,5_1,1_5
2,1,1,32,6,3,0,0,0,0,0_0,2_8
2,2,2,37,7,3,0,0,0,1,0_0,2_8
2,1,2,58,9,3,0,0,0,0,0_0,1_1
1,1,2,41,7,3,0,0,0,0,0_0,1_2
1,1,1,49,8,3,0,0,0,0,0_0,1_1
1,1,2,31,6,3,0,0,0,0,0_0,1_2
1,1,1,46,8,3,0,0,0,0,0_0,1_2
2,1,2,43,7,3,0,0,0,0,0_0,1_7
1,1,2,41,7,3,0,0,0,0,0_0,-1_-1
2,2,2,28,6,3,0,0,0,0,0_0,1_10
1,1,2,40,7,3,0,0,0,0,0_0,1_5
2,2,2,41,7,3,0,0,0,0,0_0,1_1
1,1,1,61,9,3,0,0,0,0,0_0,1_3
1,1,1,34,6,3,0,0,0,0,0_0,1_10
2,1,1,56,9,3,0,0,0,0,0_0,1_3
2,1,1,47,8,3,0,0,0,0,0_0,1_3
2,1,2,20,4,3,0,0,0,0,0_0,1_1
1,1,2,20,4,3,0,0,0,0,0_0,1_4
1,1,2,41,7,3,0,0,0,0,0_0,1_7
2,1,1,48,8,3,0,0,0,0,0_0,1_1
2,2,1,38,7,3,0,0,0,0,0_0,1_1
1,1,1,31,6,3,0,0,0,0,0_0,1_3
1,1,1,9,2,3,0,0,0,1,4_3,1_1
2,1,1,52,8,3,0,0,0,0,0_0,1_6
1,1,1,31,6,3,0,0,0,0,0_0,1_2
2,1,1,41,7,3,0,0,0,0,0_0,1_1
1,1,1,19,4,2,0,0,0,0,0_0,1_1
1,1,1,54,8,3,0,0,0,0,0_0,1_6
2,1,2,27,6,3,0,0,0,0,0_0,1_2
1,1,2,34,6,3,0,0,0,1,1_3,1_6
1,1,2,54,8,3,0,0,0,1,5_9,1_1
2,1,1,55,8,3,0,0,0,0,0_0,1_4
2,1,2,31,6,3,0,0,0,0,0_0,1_3
1,1,1,46,8,3,0,0,0,0,0_0,1_10
1,1,1,21,5,2,0,0,0,0,0_0,1_10
2,1,1,56,9,3,0,0,0,0,0_0,3_8
2,1,1,16,4,2,0,0,0,0,0_0,1_3
2,2,1,29,6,3,0,0,0,0,0_0,1_1
1,1,1,80,11,2,0,0,0,1,1_3,1_2
1,1,1,27,6,3,0,0,0,0,0_0,1_6
1,1,2,79,11,3,0,0,0,1,5_1,1_4
2,1,1,28,6,3,0,0,0,0,0_0,1_6
1,1,1,31,6,3,0,0,0,0,0_0,1_7
2,1,1,18,4,3,0,0,0,0,0_0,1_4
2,1,2,36,7,3,0,0,0,0,0_0,3_8
1,1,2,55,8,2,0,0,0,0,0_0,1_1
1,2,1,41,7,3,0,0,0,0,0_0,1_2
2,1,1,30,6,3,0,0,0,0,0_0,1_7
2,1,1,64,9,1,0,0,0,0,0_0,1_5
1,1,1,25,5,3,0,0,0,0,0_0,1_5
2,1,1,31,6,3,0,0,0,0,0_0,1_6
1,1,1,3,1,2,0,0,0,1,5_9,1_5
2,1,1,20,4,3,0,0,0,0,0_0,1_4
1,1,1,16,4,2,0,0,0,1,5_3,1_1
1,1,1,29,6,3,0,0,0,0,0_0,1_3
2,2,1,32,6,3,0,0,0,0,0_0,1_7
2,1,2,41,7,3,0,0,0,0,0_0,2_7
1,1,1,18,4,3,0,0,0,0,0_0,1_3
1,1,1,32,6,3,0,0,0,1,5_3,-1_-1
2,1,1,58,9,3,0,0,0,0,0_0,1_9
1,1,2,34,6,3,0,0,0,0,0_0,1_8
1,1,1,17,4,3,0,0,0,0,0_0,1_10
2,1,1,31,6,3,0,0,0,0,0_0,1_4
1,1,1,92,11,1,0,0,0,1,5_1,1_4
2,1,2,46,8,3,0,0,0,0,0_0,1_4
2,1,1,29,6,3,0,0,0,0,0_0,1_6
1,1,1,52,8,3,0,0,0,0,0_0,3_7
2,2,1,22,5,3,0,0,0,0,0_0,1_5
1,1,1,5,1,2,0,0,0,1,5_3,1_5
1,1,1,17,4,2,0,0,0,0,0_0,1_10
3,1,1,77,11,3,0,0,0,0,0_0,1_10
1,1,1,44,7,3,0,0,0,0,0_0,1_4
2,2,1,36,7,2,0,0,0,0,0_0,1_1
1,1,1,69,10,3,0,0,0,0,0_0,2_7
2,2,1,17,4,3,0,0,0,1,0_0,1_5
1,1,2,38,7,2,0,0,0,1,5_3,1_2
3,1,2,70,10,3,0,0,0,0,0_0,2_5
1,1,1,17,4,2,0,0,0,0,0_0,2_4
2,1,1,40,7,3,0,0,0,0,0_0,-1_-1
2,1,1,38,7,3,0,0,0,0,0_0,1_6
2,1,1,38,7,3,0,0,0,0,0_0,1_3
1,1,1,73,10,2,0,0,0,1,1_1,1_2
1,1,1,59,9,3,0,0,0,0,0_0,1_3
3,2,1,30,6,3,0,0,0,0,0_0,3_5
3,3,1,63,9,3,0,0,0,1,0_0,3_5
2,1,2,69,10,3,0,0,0,0,0_0,2_8
1,1,1,22,5,3,0,0,0,0,0_0,1_7
1,1,1,20,4,3,0,0,0,0,0_0,3_9
2,1,1,66,10,3,0,0,0,0,0_0,1_4
2,1,1,43,7,3,0,0,0,0,0_0,1_1
1,1,1,64,9,3,0,0,0,1,6_9,1_1
1,1,2,28,6,3,0,0,0,0,0_0,-1_-1
2,2,1,39,7,3,0,0,0,0,0_0,1_1
1,1,2,19,4,3,0,0,0,1,5_1,-1_-1
2,1,1,65,9,3,0,0,0,0,0_0,1_7
2,1,1,60,9,2,0,0,0,0,0_0,1_5
2,1,1,68,10,2,0,0,0,0,0_0,1_9
1,1,2,38,7,3,0,0,0,0,0_0,1_9
1,1,2,30,6,3,0,0,0,0,0_0,1_6
1,1,2,66,10,3,0,0,0,0,0_0,-1_-1
2,2,1,68,10,3,0,0,0,0,0_0,-1_-1
1,1,2,12,3,3,0,0,0,1,5_4,1_9
2,1,1,60,9,2,0,0,0,0,0_0,1_1
1,1,2,44,7,3,0,0,0,0,0_0,2_2
2,2,1,48,8,3,0,0,0,0,0_0,1_9
1,1,1,62,9,3,0,0,0,0,0_0,2_5
1,1,1,11,3,3,0,0,0,1,5_3,1_1
1,1,2,14,3,3,0,0,0,1,1_1,1_7
1,1,2,52,8,3,0,0,0,0,0_0,1_4
1,1,1,25,5,2,0,0,0,0,0_0,1_9
1,1,2,13,3,2,0,0,0,1,5_1,1_2
1,1,1,9,2,2,0,0,0,0,0_0,1_1
2,1,1,35,6,2,0,0,0,1,0_0,1_1
1,1,1,43,7,3,0,0,0,0,0_0,1_1
2,2,2,31,6,3,0,0,0,0,0_0,1_1
1,1,2,54,8,2,0,0,0,0,0_0,1_3
1,1,1,33,6,3,0,0,0,0,0_0,1_5
1,1,1,22,5,3,0,0,0,0,0_0,1_3
1,2,1,19,4,2,0,0,0,1,0_0,1_4
2,3,1,58,9,3,0,0,0,0,0_0,1_10
2,1,2,54,8,2,0,0,0,0,0_0,1_10
1,1,1,25,5,3,0,0,0,0,0_0,1_7
2,2,2,23,5,3,0,0,0,0,0_0,1_1
2,1,2,35,6,3,0,0,0,0,0_0,2_9
1,2,1,34,6,3,0,0,0,0,0_0,3_5
2,1,2,16,4,2,0,0,0,0,0_0,1_4
1,1,2,77,11,3,0,0,0,1,5_3,2_3
2,1,2,50,8,3,0,0,0,0,0_0,2_6
1,1,1,22,5,3,0,0,0,0,0_0,1_1
1,1,1,41,7,3,0,0,0,0,0_0,1_7
1,1,1,41,7,3,0,0,0,0,0_0,2_8
1,1,2,29,6,3,0,0,0,0,0_0,2_9
1,1,2,29,6,3,0,0,0,0,0_0,1_8
1,1,2,51,8,2,0,0,0,0,0_0,3_7
1,1,2,37,7,3,0,0,0,0,0_0,1_4
2,2,1,51,8,2,0,0,0,0,0_0,1_4
2,1,1,44,7,3,0,0,0,0,0_0,1_10
2,2,1,43,7,3,0,0,0,0,0_0,1_5
3,3,2,24,5,3,0,0,0,0,0_0,1_1
2,1,1,44,7,2,0,0,0,0,0_0,1_3
1,1,1,17,4,3,0,0,0,1,5_1,1_1
1,1,1,29,6,3,0,0,0,0,0_0,2_-1
2,1,2,20,4,2,0,0,0,0,0_0,1_10
2,1,1,35,6,3,0,0,0,0,0_0,1_1
2,1,2,27,6,3,0,0,0,0,0_0,1_8
1,1,2,78,11,3,0,0,0,1,9_8,1_3
1,1,1,42,7,3,0,0,0,0,0_0,1_4
1,1,2,77,11,2,0,0,0,1,6_9,3_9
1,1,1,19,4,3,0,0,0,0,0_0,2_8
1,1,2,45,7,3,0,0,0,0,0_0,1_4
1,1,2,5,1,3,0,0,0,1,5_4,1_2
1,1,1,36,7,3,0,0,0,0,0_0,1_4
2,1,2,29,6,2,0,0,0,0,0_0,2_6
2,1,2,18,4,2,0,0,0,0,0_0,1_1
2,1,1,57,9,3,0,0,0,0,0_0,1_9
2,1,1,25,5,3,0,0,0,0,0_0,1_6
1,1,2,43,7,3,0,0,0,1,9_5,1_4
2,1,2,58,9,3,0,0,0,1,0_0,1_6
1,1,1,69,10,3,0,0,0,0,0_0,2_9
1,1,2,39,7,3,0,0,0,0,0_0,1_7
2,2,1,48,8,3,0,0,0,0,0_0,3_6
2,1,2,15,3,2,0,0,0,0,0_0,1_7
2,1,1,34,6,3,0,0,0,0,0_0,1_1
1,1,2,29,6,3,0,0,0,1,1_3,-1_-1
1,1,1,20,4,2,0,0,0,0,0_0,3_7
1,1,1,18,4,3,0,0,0,0,0_0,1_5
2,1,1,31,6,3,0,0,0,0,0_0,1_3
1,1,2,11,3,3,0,0,0,1,5_1,1_5
1,1,1,58,9,3,0,0,0,0,0_0,1_4
1,1,1,29,6,3,0,0,0,0,0_0,1_9
2,1,2,13,3,3,0,0,0,0,0_0,1_8
1,1,2,52,8,3,0,0,0,0,0_0,2_7
1,1,1,16,4,3,0,0,0,0,0_0,3_7
2,1,1,37,7,3,0,0,0,0,0_0,2_3
2,1,2,24,5,3,0,0,0,0,0_0,1_3
1,1,1,58,9,3,0,0,0,0,0_0,3_8
1,1,2,24,5,2,0,0,0,1,1_3,1_1
1,1,1,18,4,3,0,0,0,0,0_0,1_9
1,1,2,55,8,3,0,0,0,0,0_0,1_9
3,1,2,36,7,3,0,0,0,0,0_0,2_2
2,1,2,27,6,3,0,0,0,0,0_0,1_1
1,1,1,58,9,3,0,0,0,0,0_0,-1_-1
1,1,1,26,6,3,0,0,0,1,4_2,1_1
1,1,1,38,7,3,0,0,0,0,0_0,-1_-1
1,1,1,25,5,3,0,0,0,0,0_0,-1_-1
2,2,1,30,6,3,0,0,0,0,0_0,1_1
2,1,1,21,5,3,0,0,0,0,0_0,1_2
1,1,1,30,6,3,0,0,0,1,5_1,1_5
2,1,2,34,6,2,0,0,0,0,0_0,1_5
2,1,1,43,7,2,0,0,0,0,0_0,1_1
1,1,2,24,5,2,0,0,0,0,0_0,1_9
1,1,1,45,7,2,0,0,0,0,0_0,1_8
1,1,1,70,10,3,0,0,0,0,0_0,1_2
1,1,1,45,7,3,0,0,0,0,0_0,1_5
2,2,2,45,7,3,0,0,0,0,0_0,1_2
2,1,2,60,9,2,0,0,0,0,0_0,1_3
3,1,1,22,5,3,0,0,0,0,0_0,1_1
1,1,2,18,4,3,0,0,0,0,0_0,1_7
1,1,1,25,5,3,0,0,0,0,0_0,1_4
1,1,1,18,4,3,0,0,0,0,0_0,3_8
2,1,2,35,6,3,0,0,0,0,0_0,3_8
1,1,1,16,4,3,0,0,0,0,0_0,1_3
1,1,2,71,10,3,0,0,0,1,4_3,1_5
1,1,2,8,2,3,0,0,0,1,1_1,1_4
1,1,1,25,5,2,0,0,0,0,0_0,3_5
1,1,1,42,7,2,0,0,0,0,0_0,1_4
2,1,1,42,7,3,0,0,0,0,0_0,1_9
1,1,1,35,6,1,0,0,0,0,0_0,1_5
1,3,1,29,6,3,0,0,0,0,0_0,1_2
2,1,1,42,7,3,0,0,0,0,0_0,1_6
1,1,2,15,3,3,0,0,0,1,5_4,1_6
1,1,2,59,9,3,0,0,0,0,0_0,1_10
2,2,1,59,9,3,0,0,0,0,0_0,1_8
2,1,2,28,6,3,0,0,0,1,0_0,2_10
2,2,2,32,6,3,0,0,0,1,0_0,3_10
2,3,1,16,4,3,0,0,0,1,0_0,1_2
1,1,1,30,6,2,0,0,0,0,0_0,1_1
2,1,2,53,8,2,0,0,0,0,0_0,3_9
1,1,2,67,10,3,0,0,0,1,5_1,1_5
1,1,1,37,7,3,0,0,0,0,0_0,2_10
2,1,2,27,6,3,0,0,0,0,0_0,1_10
1,1,1,37,7,3,0,0,0,0,0_0,1_3
1,1,2,43,7,3,0,0,0,0,0_0,1_5
1,1,1,53,8,2,0,0,0,0,0_0,1_6
2,1,2,63,9,3,0,0,0,0,0_0,1_3
1,1,1,42,7,3,0,0,0,0,0_0,1_7
2,1,1,63,9,3,0,0,0,0,0_0,1_10
2,1,2,9,2,3,0,0,0,0,0_0,1_6
1,1,2,21,5,3,0,0,0,0,0_0,3_8
2,1,1,32,6,3,0,0,0,0,0_0,1_8
1,1,1,38,7,3,0,0,0,0,0_0,1_6
2,1,1,23,5,3,0,0,0,0,0_0,1_4
1,1,2,25,5,3,0,0,0,0,0_0,1_9
1,1,1,14,3,3,0,0,0,1,1_1,1_10
1,1,1,34,6,3,0,0,0,0,0_0,1_5
1,1,1,26,6,3,0,0,0,0,0_0,3_6
1,1,1,23,5,2,0,0,0,0,0_0,3_5
2,2,1,35,6,3,0,0,0,0,0_0,1_4
1,1,1,57,9,3,0,0,0,0,0_0,1_3
2,2,1,55,8,3,0,0,0,0,0_0,1_5
1,2,2,36,7,3,0,0,0,0,0_0,3_7
2,1,1,23,5,3,0,0,0,0,0_0,1_2
1,1,1,23,5,3,0,0,0,0,0_0,1_1
1,2,1,38,7,2,0,0,0,0,0_0,3_8
3,1,1,47,8,2,0,0,0,0,0_0,3_9
2,1,1,38,7,3,0,0,0,0,0_0,1_8
1,1,2,27,6,3,0,0,0,0,0_0,1_2
2,1,1,15,3,3,0,0,0,0,0_0,1_3
1,1,2,52,8,3,0,0,0,1,6_9,1_7
1,1,1,26,6,2,0,0,0,0,0_0,1_4
2,1,1,20,4,3,0,0,0,0,0_0,2_10
2,1,1,63,9,3,0,0,0,0,0_0,3_8
1,1,2,20,4,3,0,0,0,0,0_0,1_7
1,1,1,46,8,1,0,0,0,0,0_0,1_3
1,1,1,37,7,3,0,0,0,0,0_0,3_4
1,1,1,22,5,2,0,0,0,0,0_0,1_3
1,1,1,40,7,3,0,0,0,0,0_0,2_5
1,1,1,12,3,2,0,0,0,1,5_3,1_2
2,1,1,61,9,3,0,0,0,0,0_0,3_7
2,1,1,39,7,3,0,0,0,0,0_0,1_4
2,1,2,50,8,2,0,0,0,0,0_0,1_10
1,1,2,72,10,3,0,0,0,0,0_0,1_3
2,2,2,60,9,2,0,0,0,0,0_0,3_7
1,1,1,82,11,3,0,0,0,0,0_0,-1_-1
1,2,2,64,9,3,0,0,0,0,0_0,3_3
1,1,2,25,5,3,0,0,0,1,8_1,-1_-1
1,1,2,75,10,3,0,0,0,1,8_1,1_8
2,1,2,56,9,3,0,0,0,0,0_0,2_6
2,1,2,35,6,3,0,0,0,0,0_0,2_3
1,1,1,57,9,3,0,0,0,0,0_0,2_5
1,1,1,48,8,2,0,0,0,0,0_0,1_9
1,1,1,84,11,2,0,0,0,1,5_1,3_7
2,1,2,33,6,3,0,0,0,0,0_0,1_8
1,1,2,48,8,3,0,0,0,0,0_0,1_8
1,2,2,43,7,3,0,0,0,0,0_0,3_7
2,2,1,47,8,3,0,0,0,0,0_0,1_7
3,1,1,47,8,3,0,0,0,0,0_0,1_6
1,1,1,23,5,2,0,0,0,0,0_0,1_1
2,2,2,32,6,3,0,0,0,0,0_0,1_7
2,1,2,24,5,3,0,0,0,0,0_0,1_4
2,2,1,20,4,3,0,0,0,0,0_0,1_4
1,1,2,84,11,3,0,0,0,0,0_0,2_10
2,1,2,44,7,3,0,0,0,0,0_0,1_9
1,1,1,50,8,3,0,0,0,0,0_0,1_4
2,1,2,43,7,3,0,0,0,0,0_0,1_3
1,1,2,80,11,3,0,0,0,1,5_3,1_5
1,1,2,24,5,3,0,0,0,0,0_0,1_1
2,1,2,48,8,3,0,0,0,0,0_0,1_2
1,1,1,13,3,3,0,0,0,1,5_9,1_10
1,1,1,33,6,3,0,0,0,1,5_1,1_4
2,1,1,30,6,3,0,0,0,0,0_0,1_3
2,1,2,56,9,3,0,0,0,0,0_0,1_4
1,2,1,58,9,3,0,0,0,0,0_0,1_5
2,1,2,26,6,3,0,0,0,0,0_0,1_1
2,1,2,56,9,2,0,0,0,0,0_0,1_8
1,1,2,45,7,3,0,0,0,0,0_0,1_7
2,1,1,35,6,3,0,0,0,0,0_0,1_7
2,1,1,22,5,3,0,0,0,0,0_0,1_6
1,1,1,12,3,3,0,0,0,1,5_1,1_4
2,1,2,25,5,3,0,0,0,0,0_0,1_7
1,1,1,15,3,3,0,0,0,1,5_2,1_9
2,1,1,38,7,2,0,0,0,0,0_0,1_9
1,1,2,83,11,2,0,0,0,0,0_0,2_8
1,2,1,56,9,3,0,0,0,0,0_0,1_9
2,1,2,40,7,3,0,0,0,0,0_0,1_10
1,1,1,25,5,3,0,0,0,1,5_3,-1_-1
1,1,1,36,7,2,0,0,0,1,0_0,1_3
1,2,1,34,6,3,0,0,0,0,0_0,1_4
1,1,1,19,4,2,0,0,0,0,0_0,2_6
1,1,1,45,7,3,0,0,0,0,0_0,1_7
2,1,2,46,8,3,0,0,0,0,0_0,1_7
1,1,2,40,7,3,0,0,0,0,0_0,2_6
2,1,1,26,6,2,0,0,0,0,0_0,1_9
1,1,1,42,7,3,0,0,0,0,0_0,3_9
1,1,1,29,6,2,0,0,0,0,0_0,2_7
1,1,2,80,11,2,0,0,0,1,10_9,1_4
1,1,1,25,5,2,0,0,0,1,1_1,1_9
2,1,1,31,6,2,0,0,0,0,0_0,1_2
2,1,1,31,6,2,0,0,0,0,0_0,3_8
1,1,1,72,10,2,0,0,0,1,1_1,1_2
2,1,1,33,6,3,0,0,0,0,0_0,1_4
1,2,2,23,5,3,0,0,0,0,0_0,3_7
1,1,2,65,9,2,0,0,0,1,5_9,-1_-1
1,1,1,32,6,3,0,0,0,0,0_0,1_2
2,2,1,35,6,3,0,0,0,0,0_0,2_10
1,1,1,67,10,3,0,0,0,0,0_0,2_9
1,2,1,54,8,3,0,0,0,0,0_0,2_9
2,1,1,56,9,3,0,0,0,0,0_0,1_5
1,1,2,75,10,3,0,0,0,0,0_0,3_8
1,1,2,46,8,3,0,0,0,1,4_1,-1_-1
2,1,2,18,4,3,0,0,0,0,0_0,2_10
2,1,1,51,8,3,0,0,0,0,0_0,-1_-1
1,1,2,37,7,3,0,0,0,0,0_0,1_6
1,1,2,28,6,3,0,0,0,0,0_0,1_9
2,1,2,24,5,3,0,0,0,0,0_0,1_5
1,1,2,84,11,3,0,0,0,1,5_3,1_6
1,1,1,18,4,2,0,0,0,0,0_0,1_10
2,2,2,23,5,3,0,0,0,0,0_0,-1_-1
3,1,2,35,6,3,0,0,0,0,0_0,1_8
2,1,2,51,8,3,0,0,0,0,0_0,3_5
1,1,1,62,9,3,0,0,0,0,0_0,3_1
2,1,2,26,6,3,0,0,0,0,0_0,1_4
1,1,1,24,5,2,0,0,0,1,4_9,1_3
2,1,1,51,8,3,0,0,0,0,0_0,1_10
1,1,1,19,4,1,0,0,0,0,0_0,3_3
1,1,1,74,10,3,0,0,0,0,0_0,3_10
2,2,2,32,6,3,0,0,0,0,0_0,1_8
3,3,2,20,4,3,0,0,0,0,0_0,2_10
2,1,1,39,7,1,0,0,0,0,0_0,3_5
1,1,1,78,11,3,0,0,0,1,8_3,2_8
1,1,1,33,6,3,0,0,0,0,0_0,1_2
2,1,1,40,7,3,0,0,0,0,0_0,3_5
1,2,2,45,7,3,0,0,0,0,0_0,3_5
2,1,2,38,7,2,0,0,0,0,0_0,1_9
1,1,1,52,8,3,0,0,0,0,0_0,3_4
2,1,1,59,9,2,0,0,0,0,0_0,1_3
1,1,1,26,6,3,0,0,0,0,0_0,2_2
2,2,2,24,5,3,0,0,0,0,0_0,3_6
1,1,2,23,5,3,0,0,0,1,6_9,1_9
1,1,2,13,3,3,0,0,0,1,6_9,1_4
2,1,1,30,6,3,0,0,0,0,0_0,1_4
1,1,1,28,6,3,0,0,0,1,9_5,1_1
2,1,1,59,9,3,0,0,0,0,0_0,3_8
2,2,2,52,8,2,0,0,0,1,0_0,3_8
2,1,1,41,7,3,0,0,0,0,0_0,1_7
1,1,1,22,5,1,0,0,0,0,0_0,-1_-1
2,1,2,27,6,3,0,0,0,0,0_0,3_9
1,1,1,27,6,3,0,0,0,0,0_0,1_7
1,1,1,37,7,2,0,0,0,0,0_0,1_1
1,1,1,53,8,2,0,0,0,0,0_0,1_2
1,1,1,17,4,3,0,0,0,0,0_0,1_3
2,1,1,41,7,2,0,0,0,0,0_0,2_10
1,1,2,23,5,2,0,0,0,0,0_0,1_2
2,1,2,58,9,3,0,0,0,0,0_0,1_9
2,2,1,59,9,2,0,0,0,0,0_0,3_3
2,1,2,49,8,3,0,0,0,0,0_0,3_7
1,1,1,19,4,3,0,0,0,0,0_0,1_6
2,1,2,36,7,3,0,0,0,0,0_0,3_7
1,1,1,55,8,3,0,0,0,0,0_0,2_10
1,1,1,64,9,3,0,0,0,0,0_0,1_3
2,1,1,66,10,2,0,0,0,0,0_0,3_8
1,1,2,69,10,2,0,0,0,1,6_7,1_6
1,1,1,19,4,3,0,0,0,0,0_0,1_9
1,1,1,71,10,2,0,0,0,1,1_1,1_5
2,1,1,35,6,3,0,0,0,0,0_0,2_3
2,1,1,34,6,2,0,0,0,0,0_0,2_5
2,1,1,24,5,3,0,0,0,0,0_0,3_8
2,1,2,43,7,3,0,0,0,0,0_0,1_9
2,1,2,31,6,3,0,0,0,0,0_0,2_6
2,1,1,27,6,2,0,0,0,0,0_0,2_9
1,1,2,40,7,3,0,0,0,0,0_0,1_3
1,1,1,28,6,3,0,0,0,0,0_0,3_4
1,1,2,15,3,2,0,0,0,1,0_0,3_10
2,1,2,18,4,3,0,0,0,0,0_0,1_4
1,1,1,18,4,2,0,0,0,0,0_0,-1_-1
1,1,2,45,7,3,0,0,0,0,0_0,1_2
1,1,1,19,4,3,0,0,0,0,0_0,2_10
1,1,2,21,5,3,0,0,0,0,0_0,2_6
1,1,1,33,6,2,0,0,0,0,0_0,2_5
1,1,1,57,9,3,0,0,0,0,0_0,1_7
2,2,1,36,7,2,0,0,0,0,0_0,3_6
1,1,1,51,8,2,0,0,0,0,0_0,1_2
1,1,1,42,7,3,0,0,0,0,0_0,-1_-1
2,2,2,27,6,3,0,0,0,0,0_0,1_8
1,1,1,54,8,2,0,0,0,0,0_0,-1_-1
1,2,1,37,7,3,0,0,0,1,0_0,-1_-1
2,1,1,34,6,3,0,0,0,0,0_0,3_6
2,1,2,44,7,3,0,0,0,0,0_0,2_10
1,1,2,67,10,3,0,0,0,0,0_0,3_6
1,1,1,17,4,3,0,0,0,1,5_3,1_9
2,1,1,61,9,3,0,0,0,0,0_0,1_10
2,1,1,27,6,3,0,0,0,0,0_0,1_5
2,1,1,46,8,3,0,0,0,0,0_0,2_1
1,1,1,33,6,3,0,0,0,0,0_0,-1_-1
2,1,2,32,6,3,0,0,0,0,0_0,1_4
3,2,1,64,9,3,0,0,0,0,0_0,3_6
2,1,2,56,9,3,0,0,0,0,0_0,3_6
1,1,1,32,6,3,0,0,0,0,0_0,1_7
1,1,2,44,7,3,0,0,0,0,0_0,3_9
1,1,1,41,7,3,0,0,0,0,0_0,1_10
1,1,2,77,11,3,0,0,0,1,5_2,1_6
2,1,1,24,5,3,0,0,0,0,0_0,1_6
2,1,1,56,9,2,0,0,0,0,0_0,3_10
2,1,2,24,5,3,0,0,0,0,0_0,1_1
2,1,1,14,3,3,0,0,0,0,0_0,1_4
1,1,1,12,3,3,0,0,0,1,1_3,1_4
1,1,1,13,3,3,0,0,0,0,0_0,2_6
2,1,1,53,8,3,0,0,0,0,0_0,1_3
1,1,1,24,5,3,0,0,0,0,0_0,3_7
2,2,2,39,7,3,0,0,0,0,0_0,2_7
1,1,1,40,7,3,0,0,0,1,9_5,1_2
2,2,1,23,5,2,0,0,0,0,0_0,1_9
3,3,2,44,7,3,0,0,0,0,0_0,1_5
2,1,1,19,4,3,0,0,0,0,0_0,1_5
1,1,1,66,10,3,0,0,0,0,0_0,3_7
2,2,1,33,6,3,0,0,0,0,0_0,2_5
1,1,2,10,2,2,0,0,0,1,5_2,1_2
1,1,1,26,6,3,0,0,0,0,0_0,1_2
2,2,1,51,8,3,0,0,0,0,0_0,1_5
1,1,2,42,7,3,0,0,0,0,0_0,1_3
2,2,2,36,7,3,0,0,0,0,0_0,3_6
1,1,1,54,8,2,0,0,0,0,0_0,1_7
1,1,2,47,8,3,0,0,0,0,0_0,1_5
3,2,2,41,7,3,0,0,0,0,0_0,1_3
2,1,1,26,6,2,0,0,0,1,0_0,1_3
1,1,1,75,10,2,0,0,0,0,0_0,3_8
2,1,2,44,7,3,0,0,0,0,0_0,2_7
2,1,1,17,4,2,0,0,0,0,0_0,1_6
2,1,1,29,6,3,0,0,0,0,0_0,1_8
2,1,2,17,4,3,0,0,0,0,0_0,3_6
1,1,1,73,10,3,0,0,0,1,8_1,1_6
2,1,1,24,5,3,0,0,0,0,0_0,1_4
1,1,2,17,4,3,0,0,0,0,0_0,1_10
2,1,2,35,6,3,0,0,0,0,0_0,1_10
2,1,2,51,8,3,0,0,0,0,0_0,3_7
2,1,2,36,7,3,0,0,0,0,0_0,1_10
1,1,1,35,6,3,0,0,0,1,6_9,3_6
1,1,2,70,10,2,0,0,0,1,5_4,1_2
1,2,2,68,10,2,0,0,0,1,5_4,1_2
2,2,1,22,5,3,0,0,0,0,0_0,1_6
2,1,1,35,6,3,0,0,0,0,0_0,1_4
2,1,1,18,4,3,0,0,0,0,0_0,3_8
1,1,1,32,6,3,0,0,0,0,0_0,1_-1
2,3,1,79,11,2,0,0,0,0,0_0,2_6
1,1,2,79,11,2,0,0,0,1,5_3,1_3
1,3,1,52,8,3,0,0,0,1,0_0,1_1
2,1,1,38,7,3,0,0,0,0,0_0,1_1
3,2,1,55,8,3,0,0,0,0,0_0,1_1
1,1,1,80,11,3,0,0,0,0,0_0,3_5
1,1,2,24,5,3,0,0,0,1,1_3,1_6
1,2,2,47,8,3,0,0,0,1,1_3,1_6
1,1,2,20,4,3,0,0,0,0,0_0,1_8
2,1,2,81,11,2,0,0,0,0,0_0,3_6
2,1,1,61,9,3,0,0,0,0,0_0,2_9
1,1,1,89,11,2,0,0,0,0,0_0,3_4
1,1,2,56,9,3,0,0,0,0,0_0,2_7
2,2,2,48,8,3,0,0,0,0,0_0,2_6
1,1,2,40,7,3,0,0,0,0,0_0,2_7
1,1,2,56,9,3,0,0,0,0,0_0,1_7
1,1,2,18,4,3,0,0,0,1,1_9,3_5
1,1,1,88,11,2,0,0,0,0,0_0,3_4
2,1,2,56,9,3,0,0,0,0,0_0,1_7
2,1,2,29,6,3,0,0,0,0,0_0,1_3
2,1,2,65,9,3,0,0,0,0,0_0,2_6
2,1,1,55,8,2,0,0,0,0,0_0,1_7
2,1,2,44,7,3,0,0,0,0,0_0,3_2
1,1,2,20,4,2,0,0,0,0,0_0,3_7
2,1,1,19,4,3,0,0,0,0,0_0,3_6
1,2,1,88,11,3,0,0,0,0,0_0,1_9
2,1,2,24,5,3,0,0,0,0,0_0,2_5
1,1,1,62,9,3,0,0,0,1,5_9,1_1
2,1,1,85,11,3,0,0,0,0,0_0,1_9
2,1,2,43,7,3,0,0,0,0,0_0,3_5
1,1,1,86,11,3,0,0,0,0,0_0,1_2
1,1,1,84,11,2,0,0,0,0,0_0,3_4
2,2,1,67,10,3,0,0,0,0,0_0,2_7
2,1,1,11,3,3,0,0,0,0,0_0,1_4
2,1,2,21,5,3,0,0,0,0,0_0,1_8
2,2,1,66,10,3,0,0,0,0,0_0,2_6
1,1,1,25,5,3,0,0,0,0,0_0,1_8
2,1,1,64,9,3,0,0,0,0,0_0,3_5
1,1,1,44,7,3,0,0,0,1,9_5,1_1
2,1,1,58,9,2,0,0,0,0,0_0,1_1
1,1,2,19,4,3,0,0,0,0,0_0,3_7
1,1,2,39,7,3,0,0,0,1,6_1,3_5
1,1,1,76,11,3,0,0,0,0,0_0,3_6
2,2,1,79,11,3,0,0,0,0,0_0,2_6
2,1,1,42,7,3,0,0,0,0,0_0,2_6
1,1,2,80,11,2,0,0,0,1,8_9,3_5
1,1,1,15,3,3,0,0,0,1,10_9,1_1
2,1,1,35,6,2,0,0,0,0,0_0,1_7
2,1,1,24,5,2,0,0,0,0,0_0,1_1
1,1,2,58,9,3,0,0,0,0,0_0,2_10
1,1,1,23,5,3,0,0,0,0,0_0,3_3
2,2,1,29,6,3,0,0,0,0,0_0,1_5
3,3,1,74,10,2,0,0,0,0,0_0,1_8
1,2,1,70,10,3,0,0,0,0,0_0,3_5
2,1,2,40,7,3,0,0,0,0,0_0,3_5
2,1,1,61,9,3,0,0,0,0,0_0,-1_-1
2,1,1,58,9,3,0,0,0,0,0_0,2_8
1,1,1,47,8,2,0,0,0,0,0_0,1_3
1,1,2,49,8,3,0,0,0,0,0_0,1_4
2,2,2,39,7,2,0,0,0,0,0_0,1_1
1,1,2,36,7,3,0,0,0,0,0_0,2_6
1,1,2,20,4,3,0,0,0,0,0_0,2_8
1,1,1,50,8,2,0,0,0,0,0_0,3_4
1,1,1,63,9,3,0,0,0,0,0_0,1_7
1,1,1,9,2,3,0,0,0,1,5_1,2_3
1,1,1,28,6,2,0,0,0,0,0_0,3_5
1,1,1,50,8,3,0,0,0,1,9_9,2_2
2,1,1,66,10,3,0,0,0,0,0_0,1_6
1,1,1,61,9,3,0,0,0,1,5_3,1_4
2,2,2,25,5,3,0,0,0,0,0_0,-1_-1
1,1,1,46,8,1,0,0,0,0,0_0,1_2
1,1,1,26,6,2,0,0,0,1,5_3,-1_-1
3,1,1,34,6,3,0,0,0,0,0_0,1_9
1,1,2,47,8,3,0,0,0,0,0_0,2_-1
2,1,2,35,6,3,0,0,0,0,0_0,1_1
2,1,2,45,7,3,0,0,0,0,0_0,2_9
2,1,1,55,8,3,0,0,0,0,0_0,1_-1
2,1,1,19,4,2,0,0,0,0,0_0,1_6
1,1,2,28,6,2,0,0,0,0,0_0,1_4
1,1,1,11,3,3,0,0,0,1,10_9,-1_-1
1,1,1,11,3,3,0,0,0,0,0_0,1_1
1,1,1,54,8,3,0,0,0,0,0_0,1_10
1,1,1,4,1,3,0,0,0,1,1_1,1_1
1,1,1,56,9,3,0,0,0,0,0_0,1_6
1,1,1,55,8,3,0,0,0,0,0_0,1_1
1,1,2,70,10,2,0,0,0,0,0_0,3_8
2,2,2,34,6,3,0,0,0,0,0_0,1_10
1,1,1,24,5,3,0,0,0,0,0_0,1_1
2,2,2,61,9,3,0,0,0,0,0_0,1_4
2,1,2,44,7,3,0,0,0,0,0_0,3_7
1,1,2,69,10,3,0,0,0,1,10_9,1_9
2,2,2,59,9,3,0,0,0,0,0_0,1_10
2,1,1,41,7,3,0,0,0,0,0_0,1_10
1,1,1,27,6,3,0,0,0,0,0_0,-1_-1
2,1,1,34,6,3,0,0,0,0,0_0,1_6
2,1,1,41,7,2,0,0,0,0,0_0,3_6
1,1,1,66,10,3,0,0,0,0,0_0,1_10
2,1,1,63,9,2,0,0,0,0,0_0,2_6
1,1,1,29,6,3,0,0,0,0,0_0,3_5
1,2,2,21,5,3,0,0,0,1,0_0,2_6
2,1,2,29,6,3,0,0,0,0,0_0,1_10
2,2,1,42,7,3,0,0,0,0,0_0,1_4
1,1,1,18,4,3,0,0,0,0,0_0,1_4
2,1,1,11,3,3,0,0,0,0,0_0,1_10
1,1,1,66,10,2,0,0,0,0,0_0,1_4
2,1,1,45,7,3,0,0,0,0,0_0,3_4
1,1,2,25,5,3,0,0,0,0,0_0,1_8
1,1,1,61,9,3,0,0,0,0,0_0,1_1
1,1,1,36,7,3,0,0,0,0,0_0,1_1
2,2,2,77,11,3,0,0,0,0,0_0,1_9
2,1,1,25,5,2,0,0,0,0,0_0,3_3
1,1,1,32,6,1,0,0,0,0,0_0,-1_-1
1,1,2,41,7,3,0,0,0,1,6_9,1_4
1,1,1,18,4,3,0,0,0,1,5_3,1_1
2,1,1,23,5,2,0,0,0,0,0_0,1_4
1,1,1,49,8,3,0,0,0,0,0_0,3_5
1,1,1,83,11,3,0,0,0,0,0_0,3_6
2,2,1,24,5,3,0,0,0,0,0_0,3_7
2,3,1,35,6,3,0,0,0,1,0_0,1_4
2,1,2,29,6,3,0,0,0,0,0_0,1_8
1,1,2,19,4,1,0,0,0,1,9_9,2_5
2,1,1,52,8,3,0,0,0,0,0_0,3_3
1,2,2,24,5,3,0,0,0,0,0_0,3_6
2,1,1,75,10,3,0,0,0,0,0_0,3_7
2,2,2,18,4,2,0,0,0,0,0_0,1_4
2,1,2,41,7,3,0,0,0,0,0_0,1_6
2,1,2,54,8,3,0,0,0,0,0_0,3_4
1,1,2,79,11,3,0,0,0,0,0_0,3_5
1,1,2,33,6,3,0,0,0,0,0_0,1_1
2,1,1,39,7,2,0,0,0,0,0_0,3_6
2,1,2,84,11,2,0,0,0,0,0_0,1_7
2,1,1,37,7,3,0,0,0,0,0_0,1_2
1,1,1,72,10,3,0,0,0,0,0_0,3_5
3,1,1,38,7,3,0,0,0,0,0_0,1_2
1,1,2,21,5,3,0,0,0,0,0_0,1_9
1,1,1,75,10,3,0,0,0,0,0_0,1_6
1,1,2,11,3,2,0,0,0,1,8_3,1_8
2,1,1,21,5,2,0,0,0,0,0_0,2_6
1,1,2,96,11,1,0,0,0,1,5_9,1_2
1,1,2,28,6,3,0,0,0,0,0_0,3_6
2,2,1,34,6,3,0,0,0,0,0_0,1_8
1,2,2,8,2,3,0,0,0,1,0_0,3_5
1,3,2,5,1,3,0,0,0,1,0_0,3_5
2,1,2,22,5,3,0,0,0,0,0_0,2_4
2,1,2,19,4,3,0,0,0,0,0_0,1_4
1,2,1,53,8,2,0,0,0,0,0_0,1_3
2,1,1,60,9,2,0,0,0,0,0_0,3_9
2,1,1,35,6,3,0,0,0,0,0_0,1_9
1,1,1,56,9,3,0,0,0,0,0_0,3_6
2,2,2,38,7,3,0,0,0,0,0_0,1_4
2,1,2,38,7,3,0,0,0,0,0_0,1_4
1,1,1,69,10,3,0,0,0,1,6_9,1_3
1,2,1,48,8,3,0,0,0,0,0_0,2_4
1,1,1,47,8,2,0,0,0,0,0_0,2_9
1,1,1,24,5,3,0,0,0,0,0_0,1_7
3,2,2,22,5,3,0,0,0,0,0_0,1_1
1,1,1,32,6,2,0,0,0,0,0_0,1_4
2,2,1,24,5,3,0,0,0,0,0_0,1_1
2,2,1,72,10,3,0,0,0,0,0_0,1_8
2,1,2,41,7,3,0,0,0,0,0_0,1_2
1,1,1,35,6,2,0,0,0,0,0_0,3_4
1,1,1,76,11,3,0,0,0,0,0_0,2_6
1,1,1,69,10,3,0,0,0,0,0_0,1_8
2,1,1,32,6,3,0,0,0,0,0_0,1_2
1,1,1,20,4,3,0,0,0,0,0_0,1_6
1,1,2,57,9,3,0,0,0,0,0_0,3_7
1,1,1,27,6,2,0,0,0,0,0_0,2_5
1,1,2,80,11,3,0,0,0,1,5_3,2_6
2,1,2,40,7,3,0,0,0,0,0_0,2_2
1,1,2,18,4,3,0,0,0,0,0_0,1_3
1,1,1,13,3,2,0,0,0,1,9_9,1_6
1,1,1,54,8,3,0,0,0,0,0_0,3_7
1,1,1,18,4,3,0,0,0,1,10_9,2_5
1,1,1,34,6,3,0,0,0,0,0_0,3_6
1,1,2,24,5,3,0,0,0,0,0_0,1_6
1,1,1,22,5,2,0,0,0,0,0_0,1_4
2,2,1,59,9,3,0,0,0,0,0_0,1_9
1,1,1,41,7,2,0,0,0,0,0_0,1_4
1,1,1,15,3,3,0,0,0,1,5_3,1_3
1,1,1,52,8,2,0,0,0,0,0_0,-1_-1
2,3,1,60,9,3,0,0,0,0,0_0,-1_-1
1,1,1,81,11,3,0,0,0,0,0_0,1_7
2,1,2,34,6,3,0,0,0,0,0_0,1_4
2,1,1,54,8,3,0,0,0,0,0_0,1_7
2,1,1,61,9,2,0,0,0,0,0_0,1_2
2,1,2,34,6,3,0,0,0,0,0_0,-1_-1
2,1,2,72,10,3,0,0,0,0,0_0,1_2
1,1,1,50,8,3,0,0,0,0,0_0,1_2
1,2,2,58,9,3,0,0,0,1,10_9,1_3
1,1,1,30,6,2,0,0,0,1,0_0,1_6
2,1,2,30,6,3,0,0,0,0,0_0,2_-1
2,1,2,32,6,3,0,0,0,0,0_0,1_9
2,1,1,18,4,3,0,0,0,0,0_0,1_6
1,1,2,27,6,3,0,0,0,0,0_0,3_10
1,1,1,53,8,3,0,0,0,0,0_0,1_3
2,1,2,74,10,1,0,0,0,0,0_0,1_9
3,2,1,62,9,3,0,0,0,0,0_0,1_5
2,1,1,20,4,3,0,0,0,0,0_0,1_6
1,1,2,31,6,3,0,0,0,0,0_0,3_6
1,1,1,13,3,2,0,0,0,0,0_0,1_7
1,1,1,57,9,3,0,0,0,1,10_3,1_4
1,1,2,72,10,3,0,0,0,0,0_0,2_7
2,3,2,33,6,3,0,0,0,0,0_0,3_9
1,1,1,31,6,2,0,0,0,0,0_0,1_6
2,2,1,46,8,1,0,0,0,0,0_0,1_9
2,1,2,79,11,3,0,0,0,0,0_0,1_9
1,1,1,86,11,3,0,0,0,0,0_0,1_5
1,1,2,57,9,3,0,0,0,0,0_0,1_10
3,2,1,58,9,3,0,0,0,0,0_0,1_10
1,1,1,22,5,2,0,0,0,0,0_0,1_5
1,1,1,35,6,3,0,0,0,0,0_0,1_6
2,1,2,54,8,2,0,0,0,0,0_0,1_8
1,1,1,23,5,3,0,0,0,0,0_0,2_3
2,1,1,36,7,3,0,0,0,0,0_0,1_10
1,1,2,12,3,3,0,0,0,1,5_1,1_6
1,1,1,32,6,3,0,0,0,0,0_0,1_9
3,1,2,74,10,3,0,0,0,0,0_0,1_10
1,1,2,33,6,3,0,0,0,0,0_0,1_4
1,1,1,53,8,3,0,0,0,0,0_0,1_10
3,2,1,29,6,3,0,0,0,0,0_0,1_8
1,1,1,45,7,3,0,0,0,0,0_0,1_6
2,2,1,24,5,3,0,0,0,0,0_0,2_10
1,1,1,58,9,2,0,0,0,0,0_0,1_5
2,1,1,61,9,3,0,0,0,0,0_0,2_7
2,1,1,45,7,3,0,0,0,0,0_0,1_3
1,1,1,62,9,3,0,0,0,1,1_9,1_1
2,1,2,45,7,3,0,0,0,0,0_0,3_4
1,1,1,7,2,2,0,0,0,1,10_9,3_7
1,1,1,17,4,2,0,0,0,0,0_0,3_4
1,1,2,55,8,3,0,0,0,0,0_0,1_3
2,2,2,32,6,3,0,0,0,0,0_0,1_3
1,1,2,30,6,3,0,0,0,0,0_0,1_5
2,2,1,68,10,3,0,0,0,0,0_0,2_5
1,1,1,36,7,3,0,0,0,0,0_0,3_7
2,2,1,46,8,3,0,0,0,0,0_0,3_7
1,1,1,44,7,3,0,0,0,0,0_0,1_8
2,1,1,49,8,2,0,0,0,0,0_0,1_6
2,1,1,54,8,3,0,0,0,0,0_0,1_6
2,1,1,43,7,3,0,0,0,0,0_0,3_4
1,1,1,83,11,3,0,0,0,0,0_0,2_7
2,1,1,28,6,2,0,0,0,0,0_0,3_10
2,2,2,36,7,3,0,0,0,0,0_0,1_4
2,1,1,33,6,2,0,0,0,0,0_0,1_1
2,1,1,38,7,3,0,0,0,0,0_0,2_5
2,1,1,33,6,3,0,0,0,0,0_0,1_1
1,1,2,29,6,3,0,0,0,1,10_9,1_5
2,1,2,34,6,3,0,0,0,0,0_0,3_5
1,1,1,26,6,3,0,0,0,0,0_0,3_5
2,2,1,51,8,3,0,0,0,0,0_0,1_9
3,3,1,42,7,2,0,0,0,0,0_0,1_7
1,1,1,58,9,3,0,0,0,1,9_7,3_4
1,2,2,62,9,3,0,0,0,1,9_7,3_4
1,1,1,41,7,3,0,0,0,0,0_0,1_5
1,1,1,31,6,2,0,0,0,0,0_0,1_10
2,2,1,29,6,3,0,0,0,0,0_0,1_7
2,3,1,19,4,3,0,0,0,1,0_0,1_3
2,1,2,30,6,3,0,0,0,0,0_0,1_10
1,1,2,20,4,3,0,0,0,0,0_0,3_5
2,1,1,46,8,3,0,0,0,0,0_0,1_7
2,1,1,54,8,3,0,0,0,0,0_0,1_3
1,1,1,62,9,2,0,0,0,0,0_0,3_10
2,2,1,45,7,3,0,0,0,0,0_0,1_5
1,1,2,32,6,3,0,0,0,0,0_0,2_7
2,2,1,52,8,3,0,0,0,0,0_0,1_4
1,1,1,77,11,3,0,0,0,0,0_0,1_6
1,1,1,70,10,2,0,0,0,0,0_0,3_10
1,1,1,19,4,2,0,0,0,0,0_0,1_3
2,1,1,30,6,3,0,0,0,0,0_0,1_6
2,1,2,37,7,3,0,0,0,0,0_0,3_5
2,1,2,30,6,3,0,0,0,0,0_0,1_3
1,1,1,18,4,3,0,0,0,0,0_0,1_10
2,1,2,42,7,3,0,0,0,0,0_0,1_8
2,1,1,39,7,3,0,0,0,0,0_0,1_8
1,1,1,19,4,3,0,0,0,0,0_0,1_5
1,1,1,59,9,3,0,0,0,0,0_0,1_4
2,2,2,47,8,3,0,0,0,0,0_0,1_3
1,1,1,22,5,3,0,0,0,0,0_0,3_-1
1,1,2,79,11,3,0,0,0,0,0_0,2_2
2,2,2,49,8,3,0,0,0,0,0_0,2_5
2,1,1,43,7,3,0,0,0,0,0_0,1_4
1,1,2,63,9,3,0,0,0,0,0_0,3_7
2,1,2,27,6,3,0,0,0,0,0_0,1_3
1,1,1,5,1,3,0,0,0,1,5_2,1_4
2,1,2,39,7,3,0,0,0,0,0_0,1_7
2,1,2,26,6,3,0,0,0,0,0_0,1_2
1,1,2,48,8,3,0,0,0,0,0_0,2_4
2,2,2,26,6,3,0,0,0,0,0_0,3_5
2,1,1,45,7,3,0,0,0,0,0_0,1_5
2,1,2,31,6,3,0,0,0,0,0_0,1_7
1,1,1,31,6,3,0,0,0,1,5_1,1_2
2,1,1,76,11,3,0,0,0,0,0_0,2_5
1,1,2,36,7,3,0,0,0,0,0_0,3_7
2,1,1,28,6,3,0,0,0,0,0_0,1_3
2,1,1,61,9,2,0,0,0,0,0_0,1_7
2,1,1,44,7,3,0,0,0,0,0_0,1_5
1,1,1,42,7,3,0,0,0,0,0_0,1_2
2,1,2,53,8,3,0,0,0,0,0_0,1_2
2,1,2,55,8,3,0,0,0,0,0_0,1_7
2,1,2,19,4,3,0,0,0,0,0_0,3_6
1,1,1,28,6,3,0,0,0,0,0_0,2_9
2,2,1,23,5,3,0,0,0,1,0_0,1_8
3,1,1,22,5,3,0,0,0,0,0_0,3_2
2,1,1,62,9,2,0,0,0,0,0_0,1_6
1,1,2,68,10,3,0,0,0,1,6_9,1_1
1,1,1,12,3,3,0,0,0,1,1_1,3_8
1,1,2,69,10,3,0,0,0,1,10_9,1_7
1,2,1,60,9,3,0,0,0,0,0_0,1_8
2,1,1,34,6,2,0,0,0,0,0_0,1_10
1,1,1,90,11,3,0,0,0,0,0_0,1_10
1,1,2,36,7,3,0,0,0,0,0_0,1_9
2,1,1,36,7,3,0,0,0,0,0_0,1_6
1,1,1,35,6,3,0,0,0,1,10_1,1_4
1,2,1,63,9,3,0,0,0,0,0_0,1_4
2,1,2,54,8,3,0,0,0,0,0_0,1_9
1,1,1,26,6,2,0,0,0,0,0_0,1_10
1,1,2,49,8,3,0,0,0,0,0_0,1_5
2,1,1,47,8,2,0,0,0,0,0_0,-1_-1
1,1,1,30,6,3,0,0,0,0,0_0,1_5
1,1,1,30,6,3,0,0,0,1,5_2,-1_-1
3,2,1,29,6,2,0,0,0,0,0_0,1_5
1,1,2,42,7,3,0,0,0,0,0_0,1_5
1,1,1,18,4,3,0,0,0,0,0_0,1_7
1,1,1,44,7,2,0,0,0,0,0_0,1_8
1,1,1,34,6,3,0,0,0,0,0_0,1_6
1,1,1,50,8,3,0,0,0,1,10_9,-1_-1
2,1,2,73,10,2,0,0,0,0,0_0,1_6
2,1,1,18,4,2,0,0,0,0,0_0,3_8
2,1,1,18,4,3,0,0,0,0,0_0,1_8
2,2,2,73,10,2,0,0,0,0,0_0,2_4
1,1,2,49,8,3,0,0,0,0,0_0,1_8
2,2,1,55,8,3,0,0,0,0,0_0,1_4
3,1,2,38,7,2,0,0,0,0,0_0,1_10
1,1,2,77,11,3,0,0,0,0,0_0,1_8
3,1,1,12,3,3,0,0,0,0,0_0,1_9
2,2,1,71,10,3,0,0,0,0,0_0,1_9
1,1,2,20,4,3,0,0,0,0,0_0,1_9
2,1,1,25,5,3,0,0,0,0,0_0,1_8
2,1,1,72,10,3,0,0,0,0,0_0,3_10
1,1,2,17,4,3,0,0,0,0,0_0,3_7
2,2,2,50,8,2,0,0,0,0,0_0,1_7
3,3,2,49,8,3,0,0,0,0,0_0,2_8
1,1,1,17,4,3,0,0,0,0,0_0,3_4
1,2,2,19,4,3,0,0,0,0,0_0,1_5
2,1,2,46,8,3,0,0,0,0,0_0,1_-1
2,1,1,30,6,2,0,0,0,0,0_0,1_10
2,1,2,17,4,3,0,0,0,1,0_0,1_6
2,2,2,30,6,2,0,0,0,0,0_0,1_5
1,1,1,28,6,3,0,0,0,0,0_0,1_2
2,1,2,24,5,2,0,0,0,0,0_0,1_3
1,1,2,12,3,2,0,0,0,1,9_8,1_7
1,1,2,7,2,3,0,0,0,1,10_9,1_3
2,1,1,55,8,3,0,0,0,0,0_0,1_3
1,1,2,38,7,3,0,0,0,0,0_0,1_5
1,1,1,34,6,3,0,0,0,0,0_0,3_10
2,1,2,42,7,3,0,0,0,0,0_0,1_6
1,1,1,22,5,1,0,0,0,0,0_0,3_6
2,1,1,27,6,3,0,0,0,0,0_0,1_7
1,1,2,31,6,3,0,0,0,0,0_0,1_6
1,1,1,36,7,2,0,0,0,0,0_0,1_6
3,1,1,37,7,3,0,0,0,0,0_0,1_4
1,1,1,42,7,2,0,0,0,0,0_0,1_3
1,1,2,26,6,3,0,0,0,0,0_0,1_7
2,2,1,25,5,3,0,0,0,0,0_0,1_5
3,3,1,44,7,3,0,0,0,0,0_0,1_5
2,1,1,74,10,3,0,0,0,0,0_0,1_6
2,1,1,25,5,3,0,0,0,0,0_0,1_2
2,1,1,21,5,3,0,0,0,0,0_0,1_1
2,1,1,41,7,3,0,0,0,0,0_0,3_7
2,1,1,29,6,2,0,0,0,0,0_0,1_1
1,1,1,4,1,3,0,0,0,1,1_3,3_8
1,2,1,6,2,3,0,0,0,1,1_3,3_8
2,1,1,19,4,3,0,0,0,0,0_0,1_6
2,1,1,18,4,2,0,0,0,0,0_0,1_7
1,1,1,35,6,2,0,0,0,0,0_0,1_6
2,3,1,34,6,3,0,0,0,0,0_0,1_6
1,1,1,1,1,3,0,0,0,1,1_1,1_4
1,1,2,58,9,3,0,0,0,0,0_0,1_5
1,1,2,90,11,2,0,0,0,0,0_0,1_9
1,1,1,13,3,2,0,0,0,1,5_1,2_8
2,1,1,17,4,3,0,0,0,0,0_0,1_3
2,1,1,41,7,3,0,0,0,0,0_0,1_8
2,1,2,54,8,3,0,0,0,0,0_0,1_4
1,1,2,67,10,2,0,0,0,1,5_1,1_5
1,2,1,56,9,3,0,0,0,0,0_0,2_9
2,3,1,81,11,3,0,0,0,0,0_0,1_7
2,1,1,62,9,3,0,0,0,0,0_0,1_2
2,2,1,24,5,3,0,0,0,0,0_0,1_5
1,1,1,15,3,3,0,0,0,1,5_1,1_8
1,1,1,24,5,3,0,0,0,0,0_0,1_6
1,1,1,40,7,3,0,0,0,0,0_0,1_3
1,1,1,27,6,2,0,0,0,0,0_0,3_8
2,1,1,46,8,3,0,0,0,0,0_0,3_6
2,1,1,52,8,3,0,0,0,0,0_0,1_5
2,1,1,21,5,3,0,0,0,0,0_0,1_9
1,1,1,19,4,3,0,0,0,0,0_0,2_6
1,1,2,75,10,2,0,0,0,1,9_9,3_10
2,1,2,73,10,3,0,0,0,0,0_0,1_8
1,1,1,29,6,2,0,0,0,0,0_0,1_4
2,1,1,20,4,3,0,0,0,0,0_0,1_3
2,1,1,18,4,3,0,0,0,0,0_0,3_5
2,1,1,26,6,2,0,0,0,0,0_0,1_8
2,1,1,58,9,3,0,0,0,0,0_0,3_7
1,1,1,45,7,3,0,0,0,0,0_0,1_3
1,1,2,16,4,3,0,0,0,1,9_7,2_5
1,1,1,74,10,2,0,0,0,0,0_0,3_5
1,1,1,6,2,2,0,0,0,1,5_1,1_6
1,1,2,56,9,3,0,0,0,0,0_0,1_8
2,2,1,50,8,2,0,0,0,0,0_0,1_8
2,1,1,67,10,2,0,0,0,0,0_0,1_8
1,1,1,60,9,3,0,0,0,0,0_0,1_7
1,1,1,85,11,2,0,0,0,1,8_7,1_4
1,1,2,69,10,3,0,0,0,1,10_9,1_4
1,1,1,39,7,3,0,0,0,0,0_0,1_8
1,1,1,21,5,3,0,0,0,1,5_3,2_9
2,2,1,23,5,3,0,0,0,0,0_0,1_3
2,1,2,19,4,3,0,0,0,0,0_0,2_9
2,1,1,24,5,3,0,0,0,0,0_0,1_2
1,1,1,24,5,3,0,0,0,0,0_0,1_3
2,1,1,11,3,3,0,0,0,0,0_0,1_5
1,2,1,35,6,2,0,0,0,1,6_9,1_4
1,1,1,57,9,1,0,0,0,0,0_0,1_3
2,2,1,55,8,3,0,0,0,0,0_0,1_1
3,1,1,30,6,3,0,0,0,0,0_0,1_6
1,1,1,85,11,3,0,0,0,0,0_0,2_3
2,1,2,55,8,3,0,0,0,0,0_0,1_5
1,1,1,63,9,3,0,0,0,0,0_0,3_4
2,1,2,58,9,3,0,0,0,0,0_0,3_5
2,1,2,32,6,2,0,0,0,0,0_0,3_3
2,1,1,22,5,3,0,0,0,0,0_0,3_3
1,1,1,57,9,3,0,0,0,0,0_0,-1_-1
2,2,1,36,7,3,0,0,0,0,0_0,3_4
1,1,2,54,8,3,0,0,0,0,0_0,1_7
2,2,2,52,8,3,0,0,0,0,0_0,1_3
1,1,1,54,8,3,0,0,0,0,0_0,3_6
2,1,1,17,4,3,0,0,0,0,0_0,3_8
2,1,1,24,5,3,0,0,0,0,0_0,1_7
1,1,2,4,1,3,0,0,0,1,5_3,1_3
1,1,1,35,6,3,0,0,0,0,0_0,1_10
2,1,1,58,9,3,0,0,0,0,0_0,3_10
1,1,1,67,10,3,0,0,0,0,0_0,1_3
1,1,1,36,7,3,0,0,0,0,0_0,2_10
1,1,2,38,7,3,0,0,0,0,0_0,1_3
1,1,1,33,6,1,0,0,0,0,0_0,-1_-1
1,1,1,61,9,3,0,0,0,0,0_0,1_7
1,1,1,17,4,3,0,0,0,0,0_0,1_6
1,1,1,2,1,3,0,0,0,1,9_6,1_5
1,1,2,3,1,3,0,0,0,1,1_3,1_3
2,1,1,60,9,3,0,0,0,0,0_0,1_9
1,1,1,38,7,3,0,0,0,0,0_0,1_5
1,1,2,22,5,2,0,0,0,0,0_0,1_5
1,1,2,45,7,3,0,0,0,1,5_1,1_6
1,1,2,18,4,3,0,0,0,1,0_0,1_10
1,1,2,27,6,3,0,0,0,0,0_0,1_9
2,1,1,46,8,3,0,0,0,0,0_0,1_5
1,3,1,52,8,3,0,0,0,0,0_0,2_9
1,1,2,51,8,3,0,0,0,0,0_0,1_10
2,1,1,61,9,3,0,0,0,0,0_0,1_4
2,1,1,70,10,3,0,0,0,0,0_0,1_9
1,1,1,22,5,3,0,0,0,0,0_0,3_8
1,1,1,20,4,2,0,0,0,0,0_0,2_10
1,1,1,47,8,3,0,0,0,1,6_8,3_10
3,1,1,27,6,3,0,0,0,0,0_0,1_10
2,1,1,7,2,3,0,0,0,0,0_0,1_6
1,1,1,17,4,3,0,0,0,0,0_0,1_1
1,1,2,35,6,3,0,0,0,1,6_9,2_10
1,1,1,60,9,3,0,0,0,0,0_0,3_8
2,1,2,60,9,3,0,0,0,0,0_0,1_4
2,1,1,42,7,3,0,0,0,0,0_0,1_4
1,1,2,18,4,3,0,0,0,0,0_0,2_9
2,1,1,45,7,3,0,0,0,0,0_0,1_10
2,1,1,57,9,3,0,0,0,0,0_0,1_6
1,1,1,10,2,3,0,0,0,0,0_0,1_7
2,1,1,13,3,3,0,0,0,0,0_0,1_4
1,1,1,31,6,3,0,0,0,0,0_0,1_10
1,1,2,17,4,3,0,0,0,1,6_5,2_9
1,1,2,33,6,3,0,0,0,0,0_0,1_10
2,1,2,33,6,2,0,0,0,0,0_0,1_10
1,1,1,23,5,3,0,0,0,0,0_0,1_6
1,1,1,26,6,3,0,0,0,0,0_0,3_8
1,1,1,69,10,3,0,0,0,0,0_0,1_6
1,1,1,54,8,3,0,0,0,0,0_0,1_8
2,1,1,9,2,3,0,0,0,0,0_0,-1_-1
2,1,1,43,7,3,0,0,0,0,0_0,1_8
1,1,2,52,8,3,0,0,0,0,0_0,1_7
1,1,2,36,7,3,0,0,0,0,0_0,1_-1
2,1,1,19,4,2,0,0,0,0,0_0,1_3
1,1,1,62,9,3,0,0,0,0,0_0,1_5
1,1,2,18,4,3,0,0,0,1,5_1,1_10
1,1,2,41,7,3,0,0,0,0,0_0,1_5
1,1,1,49,8,3,0,0,0,0,0_0,2_9
1,1,1,73,10,3,0,0,0,0,0_0,3_8
1,1,2,30,6,3,0,0,0,1,1_3,1_5
1,1,1,72,10,3,0,0,0,0,0_0,1_7
2,2,1,33,6,3,0,0,0,0,0_0,1_9
2,1,1,49,8,2,0,0,0,0,0_0,2_6
2,2,1,61,9,3,0,0,0,0,0_0,1_10
2,1,1,61,9,3,0,0,0,0,0_0,1_5
1,1,1,52,8,3,0,0,0,0,0_0,1_9
2,1,1,16,4,2,0,0,0,0,0_0,1_8
2,1,1,52,8,3,0,0,0,0,0_0,2_9
1,1,1,62,9,3,0,0,0,0,0_0,2_3
2,1,2,24,5,3,0,0,0,0,0_0,3_10
1,1,1,77,11,3,0,0,0,0,0_0,2_4
2,3,1,53,8,3,0,0,0,0,0_0,2_4
1,2,1,42,7,3,0,0,0,1,9_5,1_7
1,1,1,9,2,3,0,0,0,0,0_0,2_5
1,1,1,36,7,2,0,0,0,0,0_0,1_7
1,2,2,17,4,3,0,0,0,0,0_0,3_7
2,1,2,73,10,3,0,0,0,0,0_0,3_3
2,1,1,53,8,3,0,0,0,0,0_0,3_10
1,1,1,88,11,3,0,0,0,0,0_0,3_10
1,1,1,40,7,3,0,0,0,0,0_0,1_4
2,1,2,56,9,3,0,0,0,0,0_0,-1_-1
1,1,1,44,7,3,0,0,0,0,0_0,1_2
1,2,2,27,6,3,0,0,0,0,0_0,3_6
2,1,1,49,8,2,0,0,0,1,8_1,1_6
2,2,2,51,8,3,0,0,0,0,0_0,3_3
2,1,1,23,5,3,0,0,0,0,0_0,1_1
1,1,1,29,6,2,0,0,0,0,0_0,3_7
2,1,2,64,9,3,0,0,0,0,0_0,1_8
2,1,1,75,10,2,0,0,0,0,0_0,1_10
1,1,1,27,6,3,0,0,0,0,0_0,1_2
1,1,1,3,1,3,0,0,0,1,5_3,1_1
2,1,1,28,6,3,0,0,0,0,0_0,1_8
2,1,1,19,4,2,0,0,0,0,0_0,2_8
1,1,1,48,8,2,0,0,0,0,0_0,1_5
1,1,2,30,6,3,0,0,0,0,0_0,1_1
2,2,2,45,7,3,0,0,0,0,0_0,1_4
2,2,1,56,9,3,0,0,0,0,0_0,3_7
2,1,1,51,8,3,0,0,0,0,0_0,3_7
2,1,2,8,2,3,0,0,0,0,0_0,3_4
2,1,1,24,5,3,0,0,0,0,0_0,1_10
1,1,1,27,6,3,0,0,0,1,6_9,1_9
1,1,1,14,3,3,0,0,0,1,5_9,1_3
1,1,1,37,7,3,0,0,0,0,0_0,1_5
2,2,1,62,9,2,0,0,0,0,0_0,2_2
2,1,2,38,7,2,0,0,0,0,0_0,3_9
2,1,1,43,7,3,0,0,0,0,0_0,2_10
1,2,1,23,5,3,0,0,0,0,0_0,1_4
2,1,1,58,9,2,0,0,0,0,0_0,2_8
1,1,2,56,9,3,0,0,0,0,0_0,3_8
2,2,1,51,8,3,0,0,0,0,0_0,3_9
1,1,2,86,11,2,0,0,0,1,6_9,1_3
1,1,1,78,11,3,0,0,0,0,0_0,1_1
2,1,2,28,6,3,0,0,0,0,0_0,1_7
1,1,1,18,4,3,0,0,0,0,0_0,2_5
2,1,1,31,6,3,0,0,0,0,0_0,1_8
3,2,2,25,5,3,0,0,0,0,0_0,3_7
2,1,2,37,7,3,0,0,0,0,0_0,3_4
2,1,1,19,4,3,0,0,0,0,0_0,1_7
1,1,1,39,7,3,0,0,0,0,0_0,3_5
3,3,1,36,7,3,0,0,0,0,0_0,1_5
2,1,2,52,8,2,0,0,0,0,0_0,1_7
1,1,1,14,3,3,0,0,0,1,1_9,2_7
1,1,1,66,10,3,0,0,0,1,10_9,1_2
1,1,1,59,9,2,0,0,0,0,0_0,1_2
2,1,2,33,6,3,0,0,0,0,0_0,3_8
1,1,2,99,11,3,0,0,0,0,0_0,1_1
2,3,1,86,11,3,0,0,0,0,0_0,1_2
1,1,2,48,8,3,0,0,0,1,6_9,1_7
1,1,1,18,4,3,0,0,0,0,0_0,3_7
2,2,1,54,8,3,0,0,0,0,0_0,1_6
2,1,2,42,7,3,0,0,0,0,0_0,1_1
2,1,1,25,5,3,0,0,0,0,0_0,3_4
1,1,2,36,7,2,0,0,0,0,0_0,3_10
1,1,1,15,3,3,0,0,0,0,0_0,1_4
2,1,2,21,5,3,0,0,0,0,0_0,3_8
2,2,1,75,10,3,0,0,0,0,0_0,1_7
2,1,1,20,4,3,0,0,0,0,0_0,1_8
2,1,2,20,4,3,0,0,0,0,0_0,1_8
1,1,2,22,5,3,0,0,0,0,0_0,-1_-1
2,2,1,57,9,3,0,0,0,0,0_0,1_6
2,1,2,43,7,3,0,0,0,0,0_0,1_1
1,1,1,20,4,2,0,0,0,0,0_0,1_7
1,1,2,76,11,3,0,0,0,1,9_7,-1_-1
1,1,1,60,9,3,0,0,0,0,0_0,2_6
1,1,1,21,5,2,0,0,0,0,0_0,1_8
2,1,2,45,7,3,0,0,0,0,0_0,1_9
2,1,1,49,8,3,0,0,0,0,0_0,3_8
1,1,2,83,11,3,0,0,0,0,0_0,3_8
2,2,1,57,9,3,0,0,0,0,0_0,2_8
2,2,1,74,10,3,0,0,0,0,0_0,2_6
2,1,1,46,8,3,0,0,0,0,0_0,1_4
1,1,1,41,7,2,0,0,0,0,0_0,1_2
2,1,1,18,4,3,0,0,0,0,0_0,2_6
3,2,1,26,6,2,0,0,0,0,0_0,1_7
1,1,1,31,6,3,0,0,0,0,0_0,3_5
1,1,1,62,9,1,0,0,0,0,0_0,1_3
1,1,1,59,9,2,0,0,0,0,0_0,3_9
2,2,2,33,6,2,0,0,0,0,0_0,3_8
1,1,1,18,4,3,0,0,0,0,0_0,2_6
1,1,1,58,9,2,0,0,0,0,0_0,2_5
2,2,2,40,7,2,0,0,0,0,0_0,3_4
1,1,2,33,6,3,0,0,0,0,0_0,1_8
2,1,1,68,10,3,0,0,0,0,0_0,3_2
1,1,2,24,5,3,0,0,0,1,6_9,3_4
2,1,1,19,4,3,0,0,0,0,0_0,1_2
1,1,1,51,8,3,0,0,0,0,0_0,1_5
1,1,1,36,7,2,0,0,0,0,0_0,3_4
2,1,1,45,7,3,0,0,0,0,0_0,3_5
1,1,2,33,6,2,0,0,0,0,0_0,2_7
2,2,2,44,7,2,0,0,0,0,0_0,3_4
2,1,2,34,6,3,0,0,0,0,0_0,1_7
2,2,1,48,8,3,0,0,0,0,0_0,1_8
3,1,1,25,5,2,0,0,0,0,0_0,1_4
2,1,2,59,9,3,0,0,0,0,0_0,2_7
1,1,2,50,8,3,0,0,0,0,0_0,1_3
2,2,1,72,10,3,0,0,0,0,0_0,3_5
1,1,2,45,7,3,0,0,0,1,8_5,2_5
1,1,2,83,11,3,0,0,0,0,0_0,1_4
2,1,1,15,3,3,0,0,0,0,0_0,1_4
3,3,2,39,7,3,0,0,0,0,0_0,1_3
2,1,2,45,7,3,0,0,0,0,0_0,1_7
2,1,1,26,6,3,0,0,0,0,0_0,1_7
2,1,2,18,4,3,0,0,0,0,0_0,1_10
1,1,1,54,8,3,0,0,0,0,0_0,2_6
2,2,1,32,6,3,0,0,0,0,0_0,1_6
2,1,1,31,6,3,0,0,0,0,0_0,1_1
1,1,1,36,7,3,0,0,0,1,10_9,1_2
1,1,1,77,11,3,0,0,0,0,0_0,1_8
3,1,1,51,8,1,0,0,0,0,0_0,1_4
1,1,1,3,1,3,0,0,0,1,10_9,-1_-1
2,1,1,47,8,2,0,0,0,0,0_0,1_2
2,1,1,22,5,3,0,0,0,0,0_0,1_9
1,1,1,58,9,3,0,0,0,0,0_0,2_7
2,2,2,63,9,3,0,0,0,0,0_0,3_6
2,1,2,31,6,3,0,0,0,0,0_0,1_2
2,1,2,37,7,3,0,0,0,0,0_0,1_5
2,1,2,23,5,3,0,0,0,0,0_0,1_10
2,1,2,49,8,3,0,0,0,1,0_0,3_6
2,1,1,74,10,3,0,0,0,0,0_0,1_4
2,1,1,59,9,3,0,0,0,0,0_0,2_9
2,1,1,66,10,2,0,0,0,0,0_0,1_7
2,2,2,65,9,3,0,0,0,1,0_0,1_7
1,1,1,30,6,3,0,0,0,1,5_1,3_6
3,1,1,21,5,3,0,0,0,0,0_0,1_9
2,2,2,33,6,3,0,0,0,1,0_0,1_2
1,1,2,81,11,3,0,0,0,0,0_0,1_7
1,1,2,50,8,3,0,0,0,0,0_0,1_6
2,2,2,46,8,3,0,0,0,0,0_0,1_1
2,1,1,41,7,3,0,0,0,0,0_0,2_4
1,1,1,59,9,3,0,0,0,0,0_0,1_7
1,1,2,17,4,3,0,0,0,1,4_1,1_4
2,1,1,80,11,2,0,0,0,0,0_0,1_9
1,1,2,48,8,2,0,0,0,0,0_0,1_5
1,1,2,71,10,2,0,0,0,0,0_0,1_8
1,2,1,18,4,3,0,0,0,0,0_0,1_-1
2,1,2,50,8,3,0,0,0,0,0_0,1_5
1,1,1,31,6,3,0,0,0,1,9_8,1_8
2,1,2,36,7,2,0,0,0,0,0_0,1_5
2,2,1,18,4,3,0,0,0,0,0_0,1_6
1,1,1,38,7,3,0,0,0,1,6_8,1_10
2,1,1,29,6,3,0,0,0,0,0_0,1_5
1,1,1,12,3,3,0,0,0,1,5_1,1_5
1,1,1,49,8,3,0,0,0,0,0_0,1_2
2,1,1,52,8,2,0,0,0,0,0_0,1_9
2,1,1,3,1,2,0,0,0,0,0_0,1_10
2,1,1,47,8,2,0,0,0,0,0_0,1_8
2,1,2,72,10,2,0,0,0,0,0_0,1_8
1,1,1,38,7,2,0,0,0,0,0_0,3_5
1,1,1,24,5,3,0,0,0,0,0_0,1_2
1,1,1,16,4,3,0,0,0,0,0_0,3_8
1,1,1,39,7,2,0,0,0,0,0_0,1_6
2,2,1,33,6,3,0,0,0,0,0_0,1_7
1,1,1,79,11,2,0,0,0,0,0_0,1_10
1,1,1,38,7,3,0,0,0,0,0_0,1_7
2,1,1,37,7,2,0,0,0,0,0_0,3_5
1,1,1,45,7,2,0,0,0,0,0_0,1_3
1,1,1,77,11,3,0,0,0,0,0_0,1_3
1,1,1,71,10,3,0,0,0,1,10_9,-1_-1
1,1,1,40,7,2,0,0,0,0,0_0,1_9
1,1,2,54,8,3,0,0,0,0,0_0,3_8
1,1,2,42,7,3,0,0,0,0,0_0,3_9
2,2,2,27,6,2,0,0,0,0,0_0,3_7
1,1,1,15,3,2,0,0,0,0,0_0,1_5
1,1,1,32,6,2,0,0,0,0,0_0,1_10
1,1,2,33,6,2,0,0,0,0,0_0,1_9
1,1,1,21,5,2,0,0,0,0,0_0,1_4
1,1,2,55,8,3,0,0,0,0,0_0,1_4
2,1,2,42,7,3,0,0,0,0,0_0,3_5
1,2,1,84,11,3,0,0,0,0,0_0,3_4
1,1,1,30,6,2,0,0,0,0,0_0,3_8
2,1,2,33,6,3,0,0,0,0,0_0,2_7
2,2,2,60,9,3,0,0,0,0,0_0,3_5
1,1,1,90,11,3,0,0,0,0,0_0,3_6
1,1,1,32,6,3,0,0,0,0,0_0,1_1
1,1,2,24,5,3,0,0,0,0,0_0,3_4
2,2,2,71,10,3,0,0,0,0,0_0,3_4
1,1,2,54,8,3,0,0,0,0,0_0,2_7
2,1,1,76,11,3,0,0,0,0,0_0,3_4
1,1,1,30,6,3,0,0,0,0,0_0,-1_-1
1,1,1,23,5,1,0,0,0,0,0_0,3_4
1,2,1,38,7,3,0,0,0,0,0_0,1_2
2,1,1,20,4,3,0,0,0,0,0_0,1_-1
2,1,1,19,4,3,0,0,0,0,0_0,1_8
2,1,2,41,7,3,0,0,0,0,0_0,1_5
1,1,1,72,10,2,0,0,0,0,0_0,1_5
1,1,1,21,5,3,0,0,0,0,0_0,3_5
2,1,2,44,7,3,0,0,0,0,0_0,3_6
1,1,2,24,5,2,0,0,0,0,0_0,3_6
2,1,2,45,7,3,0,0,0,0,0_0,2_7
2,1,1,18,4,3,0,0,0,0,0_0,1_1
2,1,2,34,6,3,0,0,0,0,0_0,3_6
1,1,1,53,8,3,0,0,0,0,0_0,2_5
1,1,1,4,1,2,0,0,0,1,5_3,1_1
1,1,2,36,7,3,0,0,0,0,0_0,1_10
2,2,1,60,9,3,0,0,0,0,0_0,2_2
2,1,1,55,8,3,0,0,0,0,0_0,1_2
1,1,1,48,8,3,0,0,0,1,6_9,1_8
2,1,1,55,8,2,0,0,0,0,0_0,1_4
1,1,1,11,3,3,0,0,0,1,5_1,1_6
1,1,1,43,7,3,0,0,0,0,0_0,1_6
2,1,1,46,8,2,0,0,0,0,0_0,1_10
1,1,1,74,10,3,0,0,0,0,0_0,1_9
2,2,1,43,7,3,0,0,0,0,0_0,2_9
1,1,1,68,10,2,0,0,0,1,1_3,1_9
1,1,1,15,3,2,0,0,0,0,0_0,1_9
1,1,1,69,10,3,0,0,0,0,0_0,1_7
3,2,1,37,7,3,0,0,0,0,0_0,-1_-1
2,1,1,31,6,3,0,0,0,0,0_0,-1_-1
2,1,1,48,8,2,0,0,0,0,0_0,3_6
1,1,1,36,7,2,0,0,0,1,5_9,1_4
2,1,2,79,11,2,0,0,0,0,0_0,1_5
1,1,1,59,9,3,0,0,0,0,0_0,3_9
2,1,1,49,8,3,0,0,0,0,0_0,1_4
1,1,1,21,5,3,0,0,0,0,0_0,1_6
1,1,2,34,6,3,0,0,0,0,0_0,1_4
1,1,2,38,7,3,0,0,0,1,5_2,1_1
2,2,2,18,4,3,0,0,0,0,0_0,1_10
1,1,1,20,4,3,0,0,0,1,10_9,1_4
1,1,1,26,6,3,0,0,0,0,0_0,1_7
1,1,1,21,5,3,0,0,0,0,0_0,1_5
1,1,1,27,6,3,0,0,0,0,0_0,3_5
2,1,1,65,9,2,0,0,0,0,0_0,1_4
1,1,1,18,4,2,0,0,0,1,9_9,1_2
2,1,2,28,6,3,0,0,0,0,0_0,3_7
1,1,1,45,7,3,0,0,0,0,0_0,1_10
1,2,2,18,4,2,0,0,0,1,5_9,1_4
2,1,1,28,6,3,0,0,0,0,0_0,1_10
1,1,1,75,10,1,0,0,0,0,0_0,1_6
1,1,2,14,3,3,0,0,0,1,6_9,1_3
1,1,2,24,5,3,0,0,0,1,7_9,1_4
2,2,1,23,5,3,0,0,0,0,0_0,3_6
2,1,1,35,6,3,0,0,0,0,0_0,1_5
2,1,1,30,6,3,0,0,0,0,0_0,1_9
1,1,2,19,4,3,0,0,0,0,0_0,2_9
2,2,1,35,6,3,0,0,0,0,0_0,3_9
2,1,2,48,8,3,0,0,0,0,0_0,1_3
1,1,2,79,11,2,0,0,0,0,0_0,2_9
2,1,2,25,5,3,0,0,0,0,0_0,1_2
1,1,1,34,6,2,0,0,0,0,0_0,1_6
1,1,1,13,3,3,0,0,0,1,1_3,1_2
1,1,2,41,7,2,0,0,0,1,5_3,1_7
1,1,1,42,7,3,0,0,0,1,10_9,-1_-1
1,1,1,28,6,3,0,0,0,0,0_0,1_5
1,1,2,22,5,2,0,0,0,0,0_0,1_1
2,1,2,33,6,3,0,0,0,0,0_0,1_7
1,1,2,70,10,3,0,0,0,0,0_0,1_6
2,1,2,45,7,3,0,0,0,0,0_0,1_8
2,1,2,51,8,3,0,0,0,0,0_0,1_1
2,1,1,27,6,2,0,0,0,0,0_0,1_2
1,1,1,58,9,3,0,0,0,0,0_0,1_5
1,1,1,32,6,3,0,0,0,0,0_0,1_3
2,2,1,19,4,3,0,0,0,0,0_0,3_9
1,1,2,26,6,3,0,0,0,1,10_5,1_2
2,1,1,25,5,2,0,0,0,0,0_0,1_4
1,1,1,20,4,2,0,0,0,0,0_0,1_5
1,1,1,59,9,2,0,0,0,0,0_0,2_6
1,1,1,54,8,2,0,0,0,0,0_0,1_6
2,2,1,35,6,3,0,0,0,0,0_0,-1_-1
2,1,2,24,5,3,0,0,0,0,0_0,1_9
1,1,2,73,10,3,0,0,0,1,5_9,1_9
1,1,1,20,4,3,0,0,0,0,0_0,3_8
2,1,1,19,4,3,0,0,0,0,0_0,1_10
1,1,2,64,9,3,0,0,0,0,0_0,2_4
1,1,2,8,2,2,0,0,0,1,8_7,-1_-1
1,1,2,78,11,3,0,0,0,0,0_0,1_6
1,1,1,54,8,3,0,0,0,1,6_9,1_9
2,1,1,30,6,2,0,0,0,0,0_0,1_4
2,1,2,82,11,3,0,0,0,0,0_0,3_5
2,1,1,28,6,2,0,0,0,0,0_0,1_1
2,1,1,50,8,2,0,0,0,0,0_0,1_5
1,1,1,19,4,3,0,0,0,0,0_0,1_4
1,2,1,19,4,3,0,0,0,0,0_0,2_7
2,1,2,39,7,3,0,0,0,0,0_0,1_2
1,1,1,30,6,3,0,0,0,0,0_0,1_9
2,1,2,15,3,3,0,0,0,0,0_0,1_8
1,1,1,18,4,3,0,0,0,0,0_0,1_6
2,1,1,27,6,3,0,0,0,0,0_0,1_9
1,1,2,64,9,3,0,0,0,0,0_0,1_10
1,1,1,58,9,3,0,0,0,1,5_1,1_8
1,1,1,22,5,3,0,0,0,0,0_0,1_5
1,1,2,72,10,3,0,0,0,0,0_0,1_8
2,1,1,65,9,2,0,0,0,0,0_0,1_6
1,1,1,57,9,3,0,0,0,0,0_0,3_7
1,1,1,66,10,3,0,0,0,0,0_0,1_8
2,1,1,35,6,3,0,0,0,0,0_0,2_6
1,1,1,27,6,3,0,0,0,0,0_0,3_9
1,1,2,61,9,3,0,0,0,0,0_0,1_8
1,1,1,88,11,3,0,0,0,0,0_0,3_7
2,2,2,55,8,3,0,0,0,0,0_0,1_9
2,2,1,53,8,2,0,0,0,0,0_0,1_4
1,1,1,75,10,3,0,0,0,1,8_3,1_10
1,1,1,54,8,3,0,0,0,0,0_0,-1_-1
3,2,1,44,7,3,0,0,0,0,0_0,-1_-1
1,1,1,42,7,2,0,0,0,0,0_0,1_6
2,1,2,59,9,3,0,0,0,0,0_0,1_6
2,1,1,55,8,3,0,0,0,0,0_0,2_9
1,1,2,19,4,3,0,0,0,0,0_0,1_9
1,1,1,25,5,2,0,0,0,1,1_1,3_5
2,1,1,60,9,3,0,0,0,0,0_0,1_10
1,2,2,29,6,3,0,0,0,0,0_0,1_4
2,1,2,43,7,3,0,0,0,0,0_0,1_5
1,1,1,19,4,3,0,0,0,1,6_9,1_9
2,1,2,19,4,3,0,0,0,0,0_0,1_5
1,1,2,56,9,3,0,0,0,1,5_2,1_10
1,1,1,24,5,3,0,0,0,0,0_0,1_9
1,1,1,87,11,3,0,0,0,0,0_0,1_8
1,1,1,17,4,3,0,0,0,0,0_0,1_9
1,1,1,21,5,2,0,0,0,0,0_0,1_2
1,1,1,38,7,3,0,0,0,0,0_0,1_4
1,1,2,11,3,3,0,0,0,1,1_4,1_3
1,1,2,32,6,3,0,0,0,0,0_0,1_4
1,1,1,66,10,3,0,0,0,0,0_0,3_10
1,1,1,85,11,3,0,0,0,0,0_0,2_9
2,2,2,68,10,3,0,0,0,0,0_0,3_7
1,1,2,42,7,3,0,0,0,0,0_0,3_10
1,1,1,26,6,2,0,0,0,0,0_0,1_9
1,1,1,40,7,2,0,0,0,0,0_0,1_5
1,1,1,31,6,3,0,0,0,0,0_0,3_9
2,2,1,53,8,3,0,0,0,0,0_0,2_10
1,1,1,30,6,3,0,0,0,0,0_0,3_9
2,2,1,48,8,3,0,0,0,0,0_0,1_10
2,2,1,41,7,3,0,0,0,0,0_0,2_4
1,1,2,27,6,3,0,0,0,0,0_0,1_6
1,1,1,42,7,3,0,0,0,0,0_0,1_3
2,1,2,20,4,3,0,0,0,0,0_0,2_10
2,1,1,58,9,3,0,0,0,0,0_0,1_2
2,1,2,27,6,3,0,0,0,0,0_0,1_5
1,1,1,19,4,3,0,0,0,0,0_0,1_10
1,1,1,29,6,2,0,0,0,0,0_0,1_2
1,1,2,53,8,3,0,0,0,0,0_0,2_10
1,1,2,60,9,3,0,0,0,0,0_0,1_9
2,1,1,25,5,3,0,0,0,0,0_0,1_10
1,1,1,81,11,3,0,0,0,0,0_0,1_9
1,1,1,17,4,3,0,0,0,0,0_0,2_5
2,1,1,27,6,3,0,0,0,0,0_0,1_2
1,1,1,74,10,3,0,0,0,0,0_0,3_8
2,1,2,60,9,3,0,0,0,0,0_0,2_8
1,1,1,29,6,2,0,0,0,0,0_0,1_3
1,2,1,21,5,2,0,0,0,1,0_0,1_3
2,3,2,19,4,3,0,0,0,0,0_0,1_3
2,1,1,15,3,3,0,0,0,0,0_0,1_7
1,1,2,31,6,3,0,0,0,0,0_0,2_3
2,1,1,76,11,3,0,0,0,0,0_0,1_8
2,1,1,29,6,3,0,0,0,0,0_0,1_7
1,1,2,16,4,3,0,0,0,0,0_0,1_6
1,2,1,17,4,3,0,0,0,0,0_0,3_4
2,1,2,81,11,3,0,0,0,0,0_0,3_7
1,2,2,36,7,3,0,0,0,0,0_0,1_1
2,1,2,22,5,3,0,0,0,0,0_0,3_5
1,1,1,38,7,3,0,0,0,0,0_0,2_10
1,1,1,23,5,2,0,0,0,0,0_0,3_3
1,1,1,68,10,3,0,0,0,0,0_0,1_9
2,2,1,42,7,3,0,0,0,0,0_0,1_1
1,1,1,54,8,2,0,0,0,1,5_3,1_5
1,1,1,10,2,3,0,0,0,1,1_3,1_3
1,1,1,16,4,3,0,0,0,0,0_0,3_5
1,1,2,52,8,2,0,0,0,0,0_0,3_3
2,1,1,41,7,3,0,0,0,0,0_0,3_3
2,1,1,55,8,3,0,0,0,0,0_0,1_1
1,1,1,29,6,3,0,0,0,0,0_0,1_8
2,1,2,55,8,3,0,0,0,0,0_0,3_10
2,1,1,25,5,2,0,0,0,0,0_0,1_3
2,1,2,49,8,3,0,0,0,0,0_0,1_7
2,1,2,47,8,3,0,0,0,0,0_0,3_6
2,2,2,40,7,3,0,0,0,0,0_0,1_6
2,1,2,23,5,3,0,0,0,0,0_0,1_1
1,1,2,56,9,3,0,0,0,1,5_1,1_7
1,1,1,11,3,3,0,0,0,1,5_9,1_2
2,1,1,33,6,3,0,0,0,0,0_0,1_2
2,1,1,67,10,3,0,0,0,0,0_0,3_6
2,1,1,20,4,2,0,0,0,0,0_0,1_4
1,1,1,29,6,2,0,0,0,1,10_9,1_1
1,1,1,13,3,3,0,0,0,1,1_3,1_9
1,2,1,29,6,3,0,0,0,0,0_0,1_3
2,1,2,46,8,3,0,0,0,0,0_0,3_6
2,2,2,57,9,3,0,0,0,0,0_0,2_4
1,1,1,22,5,2,0,0,0,1,6_9,1_8
2,1,2,46,8,3,0,0,0,0,0_0,1_2
1,1,1,39,7,3,0,0,0,0,0_0,1_7
1,1,1,11,3,3,0,0,0,1,5_1,1_8
1,1,2,46,8,3,0,0,0,0,0_0,-1_-1
2,2,2,37,7,3,0,0,0,0,0_0,2_8
2,1,2,25,5,3,0,0,0,0,0_0,2_6
2,1,1,29,6,3,0,0,0,0,0_0,3_8
1,1,1,20,4,3,0,0,0,0,0_0,2_4
1,1,1,33,6,1,0,0,0,0,0_0,1_2
1,1,2,15,3,2,0,0,0,1,1_1,1_5
1,1,2,33,6,3,0,0,0,1,5_9,3_6
1,1,1,21,5,3,0,0,0,1,1_9,1_2
1,1,1,39,7,3,0,0,0,1,6_9,1_2
2,1,2,44,7,3,0,0,0,0,0_0,1_7
1,1,2,21,5,3,0,0,0,0,0_0,3_5
2,1,1,45,7,3,0,0,0,0,0_0,1_2
2,1,1,39,7,2,0,0,0,0,0_0,2_6
3,1,2,65,9,3,0,0,0,0,0_0,1_2
2,1,2,25,5,2,0,0,0,0,0_0,1_6
1,1,1,25,5,3,0,0,0,0,0_0,3_8
2,2,1,46,8,3,0,0,0,0,0_0,-1_-1
1,1,2,79,11,2,0,0,0,1,5_3,1_5
1,1,2,34,6,3,0,0,0,0,0_0,1_9
2,1,1,61,9,3,0,0,0,0,0_0,2_6
1,1,1,46,8,3,0,0,0,0,0_0,3_4
2,1,2,48,8,3,0,0,0,0,0_0,2_6
1,1,2,36,7,3,0,0,0,0,0_0,2_4
1,1,2,56,9,2,0,0,0,0,0_0,3_6
3,2,1,70,10,2,0,0,0,0,0_0,3_6
1,1,1,37,7,1,0,0,0,0,0_0,2_8
1,1,1,34,6,3,0,0,0,0,0_0,2_5
2,1,1,59,9,2,0,0,0,0,0_0,2_6
1,1,1,52,8,2,0,0,0,0,0_0,3_6
1,1,2,32,6,3,0,0,0,0,0_0,2_10
2,1,2,65,9,2,0,0,0,0,0_0,3_6
2,1,1,35,6,3,0,0,0,0,0_0,2_4
2,1,2,19,4,2,0,0,0,0,0_0,1_4
1,1,1,59,9,3,0,0,0,0,0_0,3_8
1,1,1,16,4,3,0,0,0,1,5_2,1_1
1,1,1,31,6,2,0,0,0,0,0_0,1_7
2,1,1,12,3,2,0,0,0,0,0_0,-1_-1
1,1,1,15,3,3,0,0,0,1,0_0,1_6
1,1,2,18,4,3,0,0,0,0,0_0,3_5
2,1,2,41,7,2,0,0,0,0,0_0,2_4
2,1,1,18,4,2,0,0,0,0,0_0,1_10
2,2,2,31,6,3,0,0,0,0,0_0,1_4
2,1,1,56,9,3,0,0,0,0,0_0,1_2
1,1,1,66,10,3,0,0,0,0,0_0,-1_-1
1,1,1,5,1,3,0,0,0,1,6_9,1_2
1,1,1,57,9,3,0,0,0,0,0_0,1_4
2,2,2,19,4,3,0,0,0,0,0_0,1_3
1,1,2,63,9,3,0,0,0,0,0_0,3_6
1,1,2,82,11,3,0,0,0,0,0_0,1_1
1,1,2,31,6,2,0,0,0,0,0_0,3_5
2,1,1,44,7,3,0,0,0,0,0_0,2_8
1,1,1,12,3,3,0,0,0,0,0_0,1_1
2,2,1,36,7,3,0,0,0,0,0_0,2_3
2,1,2,61,9,3,0,0,0,0,0_0,1_10
2,1,1,19,4,1,0,0,0,0,0_0,1_3
1,1,2,51,8,3,0,0,0,0,0_0,3_8
2,2,2,42,7,3,0,0,0,0,0_0,3_8
1,1,1,15,3,3,0,0,0,1,5_1,1_2
1,1,2,82,11,3,0,0,0,1,6_9,1_10
2,1,1,56,9,3,0,0,0,0,0_0,1_4
1,1,1,21,5,3,0,0,0,0,0_0,3_8
3,1,1,79,11,3,0,0,0,0,0_0,1_1
1,1,1,84,11,2,0,0,0,0,0_0,3_6
2,2,2,25,5,2,0,0,0,0,0_0,3_4
1,1,2,24,5,1,0,0,0,0,0_0,1_7
1,1,2,41,7,3,0,0,0,0,0_0,1_3
1,1,1,51,8,2,0,0,0,0,0_0,1_8
2,1,2,23,5,3,0,0,0,0,0_0,3_5
2,2,2,75,10,3,0,0,0,0,0_0,1_3
2,1,1,39,7,3,0,0,0,0,0_0,3_2
1,1,1,84,11,3,0,0,0,0,0_0,3_2
1,1,1,22,5,3,0,0,0,0,0_0,2_9
2,2,1,41,7,3,0,0,0,0,0_0,3_7
2,1,2,38,7,3,0,0,0,0,0_0,3_4
1,1,2,83,11,2,0,0,0,1,1_1,1_8
1,1,1,25,5,3,0,0,0,0,0_0,1_3
1,1,2,79,11,3,0,0,0,0,0_0,2_10
1,1,1,70,10,1,0,0,0,0,0_0,3_5
2,1,1,33,6,3,0,0,0,0,0_0,2_8
2,1,1,47,8,3,0,0,0,0,0_0,1_9
2,1,1,35,6,3,0,0,0,0,0_0,1_6
1,1,1,18,4,2,0,0,0,0,0_0,3_4
1,2,1,47,8,2,0,0,0,0,0_0,1_5
2,1,2,23,5,3,0,0,0,0,0_0,3_4
1,2,2,47,8,3,0,0,0,0,0_0,1_1
2,3,1,61,9,3,0,0,0,0,0_0,-1_-1
2,1,1,64,9,3,0,0,0,0,0_0,3_9
1,1,1,34,6,1,0,0,0,0,0_0,1_3
1,1,2,22,5,3,0,0,0,1,5_9,-1_-1
2,1,1,56,9,3,0,0,0,0,0_0,1_8
1,1,2,16,4,2,0,0,0,0,0_0,1_10
1,2,2,79,11,3,0,0,0,0,0_0,3_7
1,1,2,61,9,3,0,0,0,0,0_0,2_7
2,2,2,85,11,3,0,0,0,0,0_0,2_10
1,1,1,52,8,2,0,0,0,0,0_0,1_9
2,1,1,83,11,3,0,0,0,0,0_0,1_8
2,1,1,52,8,3,0,0,0,0,0_0,1_10
1,1,1,48,8,3,0,0,0,0,0_0,1_7
1,1,1,12,3,3,0,0,0,1,1_9,1_7
2,1,1,55,8,2,0,0,0,0,0_0,1_10
1,1,2,51,8,3,0,0,0,0,0_0,1_7
1,1,1,52,8,3,0,0,0,0,0_0,-1_-1
1,1,1,29,6,1,0,0,0,0,0_0,1_6
1,1,1,59,9,3,0,0,0,0,0_0,1_5
1,1,1,66,10,2,0,0,0,0,0_0,3_6
1,1,1,46,8,3,0,0,0,0,0_0,1_8
1,1,1,78,11,3,0,0,0,0,0_0,1_8
1,1,2,56,9,3,0,0,0,0,0_0,1_3
2,2,1,34,6,3,0,0,0,0,0_0,1_9
1,1,1,32,6,3,0,0,0,0,0_0,1_8
2,2,2,52,8,3,0,0,0,0,0_0,2_10
1,1,1,23,5,3,0,0,0,0,0_0,1_9
1,2,1,18,4,3,0,0,0,0,0_0,1_3
1,1,2,28,6,3,0,0,0,0,0_0,1_8
1,1,2,23,5,3,0,0,0,0,0_0,1_7
1,1,1,12,3,3,0,0,0,1,5_1,1_8
1,1,2,26,6,3,0,0,0,0,0_0,1_8
2,1,1,51,8,3,0,0,0,0,0_0,1_4
1,1,1,67,10,3,0,0,0,0,0_0,1_7
2,2,1,59,9,3,0,0,0,0,0_0,1_10
1,1,1,64,9,2,0,0,0,1,6_6,1_-1
2,1,1,33,6,3,0,0,0,0,0_0,1_8
1,1,2,43,7,3,0,0,0,0,0_0,2_10
2,2,2,55,8,3,0,0,0,0,0_0,1_10
1,1,1,67,10,3,0,0,0,0,0_0,1_10
2,1,1,6,2,3,0,0,0,0,0_0,1_4
2,1,1,34,6,3,0,0,0,0,0_0,2_-1
3,1,1,46,8,2,0,0,0,0,0_0,1_4
2,2,1,40,7,3,0,0,0,0,0_0,1_5
1,1,1,30,6,3,0,0,0,0,0_0,1_4
1,1,2,20,4,3,0,0,0,0,0_0,-1_-1
1,1,2,55,8,2,0,0,0,0,0_0,1_4
2,2,2,29,6,3,0,0,0,0,0_0,1_9
2,2,1,27,6,3,0,0,0,0,0_0,3_7
2,1,2,51,8,3,0,0,0,0,0_0,2_6
1,1,1,11,3,3,0,0,0,1,1_3,1_8
1,2,1,11,3,3,0,0,0,1,1_3,1_8
2,2,2,46,8,3,0,0,0,0,0_0,1_2
2,1,2,72,10,3,0,0,0,0,0_0,1_8
1,1,1,58,9,2,0,0,0,0,0_0,1_4
1,1,2,50,8,3,0,0,0,0,0_0,1_9
2,2,1,20,4,2,0,0,0,1,0_0,1_1
1,1,1,5,1,2,0,0,0,1,1_3,1_1
1,1,1,41,7,3,0,0,0,1,5_3,-1_-1
1,1,1,59,9,3,0,0,0,0,0_0,2_6
1,2,1,40,7,3,0,0,0,0,0_0,3_5
2,3,1,21,5,3,0,0,0,0,0_0,3_5
2,1,2,50,8,2,0,0,0,0,0_0,3_10
2,1,1,32,6,3,0,0,0,0,0_0,1_7
2,1,2,56,9,3,0,0,0,0,0_0,1_8
1,1,1,31,6,1,0,0,0,0,0_0,2_6
2,2,1,27,6,3,0,0,0,0,0_0,2_8
3,1,2,27,6,3,0,0,0,0,0_0,1_3
2,1,2,45,7,3,0,0,0,0,0_0,1_10
1,1,2,41,7,3,0,0,0,1,4_1,1_6
2,1,1,29,6,3,0,0,0,0,0_0,3_5
2,1,1,46,8,3,0,0,0,0,0_0,3_8
1,1,1,34,6,2,0,0,0,0,0_0,3_4
1,1,1,43,7,1,0,0,0,0,0_0,1_6
2,1,2,31,6,3,0,0,0,0,0_0,3_9
2,1,1,21,5,2,0,0,0,0,0_0,1_1
1,1,2,27,6,3,0,0,0,0,0_0,3_8
1,1,1,52,8,2,0,0,0,0,0_0,1_8
2,1,1,36,7,3,0,0,0,0,0_0,1_2
1,1,2,42,7,3,0,0,0,1,5_3,1_1
1,1,1,19,4,3,0,0,0,0,0_0,2_7
1,1,1,37,7,3,0,0,0,0,0_0,1_7
1,1,2,38,7,3,0,0,0,0,0_0,2_6
2,2,1,38,7,3,0,0,0,0,0_0,1_4
2,1,1,84,11,3,0,0,0,0,0_0,1_4
1,1,1,29,6,3,0,0,0,0,0_0,1_7
1,1,1,25,5,3,0,0,0,0,0_0,3_7
1,1,1,17,4,3,0,0,0,1,10_9,1_5
2,1,1,18,4,3,0,0,0,0,0_0,1_3
2,1,1,44,7,3,0,0,0,0,0_0,2_-1
2,2,1,19,4,2,0,0,0,0,0_0,1_4
2,1,1,64,9,3,0,0,0,0,0_0,1_4
1,1,2,31,6,3,0,0,0,0,0_0,1_7
1,1,1,7,2,2,0,0,0,1,10_2,1_2
2,1,1,29,6,3,0,0,0,0,0_0,1_2
2,1,1,37,7,3,0,0,0,0,0_0,1_6
1,1,1,14,3,2,0,0,0,0,0_0,1_1
1,1,1,56,9,2,0,0,0,0,0_0,1_8
1,1,2,77,11,3,0,0,0,0,0_0,1_3
2,3,1,30,6,3,0,0,0,0,0_0,1_1
2,1,2,40,7,3,0,0,0,0,0_0,2_6
1,1,1,55,8,3,0,0,0,1,9_9,1_1
1,1,1,40,7,2,0,0,0,1,10_9,1_3
2,1,2,12,3,3,0,0,0,0,0_0,1_1
1,1,1,47,8,3,0,0,0,0,0_0,1_4
2,1,2,23,5,3,0,0,0,0,0_0,2_1
2,1,1,40,7,2,0,0,0,0,0_0,1_6
2,2,1,53,8,2,0,0,0,0,0_0,3_5
3,2,1,41,7,3,0,0,0,0,0_0,1_4
1,1,2,34,6,2,0,0,0,0,0_0,1_1
1,1,1,14,3,3,0,0,0,0,0_0,1_7
1,1,2,59,9,3,0,0,0,1,5_3,1_9
1,1,1,27,6,2,0,0,0,0,0_0,1_2
2,1,1,46,8,3,0,0,0,0,0_0,2_7
1,1,2,53,8,3,0,0,0,1,5_9,1_7
1,1,1,56,9,2,0,0,0,0,0_0,1_5
1,1,1,27,6,3,0,0,0,0,0_0,1_8
2,2,2,54,8,3,0,0,0,0,0_0,2_9
2,1,1,46,8,2,0,0,0,0,0_0,1_2
2,1,1,42,7,3,0,0,0,0,0_0,-1_-1
1,1,1,48,8,2,0,0,0,0,0_0,1_8
2,1,2,20,4,3,0,0,0,0,0_0,2_5
1,1,2,52,8,2,0,0,0,0,0_0,1_9
1,1,2,77,11,3,0,0,0,0,0_0,3_7
1,1,1,12,3,3,0,0,0,1,8_1,2_10
2,1,2,51,8,3,0,0,0,0,0_0,1_10
1,1,1,64,9,2,0,0,0,0,0_0,1_10
2,1,1,60,9,3,0,0,0,0,0_0,3_8
1,1,2,39,7,3,0,0,0,1,5_3,3_10
2,1,2,51,8,3,0,0,0,0,0_0,1_4
2,1,1,54,8,3,0,0,0,0,0_0,1_4
2,1,1,37,7,2,0,0,0,0,0_0,2_8
1,1,1,91,11,3,0,0,0,0,0_0,3_7
2,1,2,22,5,3,0,0,0,0,0_0,3_7
2,1,1,67,10,3,0,0,0,0,0_0,2_7
1,1,2,21,5,3,0,0,0,0,0_0,1_7
1,1,1,59,9,2,0,0,0,0,0_0,2_7
2,1,2,30,6,3,0,0,0,0,0_0,2_6
1,1,1,28,6,3,0,0,0,1,5_9,1_2
1,1,1,33,6,2,0,0,0,0,0_0,2_8
2,2,1,32,6,3,0,0,0,0,0_0,1_4
2,1,2,18,4,3,0,0,0,0,0_0,2_6
2,1,1,23,5,2,0,0,0,0,0_0,1_7
1,1,1,35,6,2,0,0,0,0,0_0,1_8
2,2,1,63,9,3,0,0,0,0,0_0,1_2
3,3,1,47,8,3,0,0,0,0,0_0,1_7
1,2,2,55,8,3,0,0,0,0,0_0,1_3
1,1,1,63,9,2,0,0,0,0,0_0,-1_-1
1,1,1,17,4,2,0,0,0,0,0_0,3_8
2,1,2,38,7,2,0,0,0,0,0_0,1_8
1,1,2,5,1,3,0,0,0,1,1_1,1_1
1,1,1,18,4,2,0,0,0,0,0_0,1_4
1,1,1,25,5,3,0,0,0,1,9_5,-1_-1
1,1,1,24,5,2,0,0,0,0,0_0,1_3
1,1,1,37,7,3,0,0,0,1,5_1,1_7
2,2,1,72,10,3,0,0,0,1,6_8,1_-1
2,1,1,65,9,1,0,0,0,0,0_0,3_5
1,2,1,53,8,3,0,0,0,0,0_0,1_10
1,1,1,77,11,2,0,0,0,0,0_0,3_7
2,3,2,60,9,2,0,0,0,0,0_0,-1_-1
2,2,1,42,7,3,0,0,0,0,0_0,3_8
1,2,1,45,7,3,0,0,0,0,0_0,3_7
1,1,1,42,7,3,0,0,0,1,9_6,1_2
1,1,2,65,9,2,0,0,0,0,0_0,1_7
1,1,1,39,7,3,0,0,0,0,0_0,1_9
2,2,1,56,9,3,0,0,0,0,0_0,1_2
2,1,2,54,8,3,0,0,0,0,0_0,2_4
2,1,2,66,10,3,0,0,0,0,0_0,3_6
1,1,1,56,9,2,0,0,0,0,0_0,3_4
1,1,1,77,11,3,0,0,0,0,0_0,3_4
1,1,2,88,11,3,0,0,0,1,8_9,1_4
1,1,2,78,11,3,0,0,0,0,0_0,3_5
2,2,1,32,6,2,0,0,0,0,0_0,2_6
2,1,1,24,5,3,0,0,0,0,0_0,3_4
1,1,1,19,4,3,0,0,0,0,0_0,1_3
1,1,1,20,4,3,0,0,0,0,0_0,1_9
1,1,1,42,7,3,0,0,0,0,0_0,1_9
1,1,1,11,3,3,0,0,0,1,10_1,1_3
1,1,1,59,9,3,0,0,0,0,0_0,1_8
1,1,2,81,11,2,0,0,0,0,0_0,1_10
1,1,2,35,6,3,0,0,0,0,0_0,-1_-1
1,1,2,56,9,3,0,0,0,0,0_0,1_4
2,1,2,42,7,3,0,0,0,0,0_0,3_7
1,1,2,63,9,2,0,0,0,0,0_0,-1_-1
1,1,1,9,2,3,0,0,0,1,8_3,-1_-1
1,1,1,17,4,3,0,0,0,1,9_7,1_5
2,1,2,49,8,2,0,0,0,0,0_0,1_10
1,1,1,31,6,2,0,0,0,1,1_1,1_1
1,1,2,74,10,2,0,0,0,0,0_0,3_8
1,2,2,77,11,2,0,0,0,0,0_0,-1_-1
1,1,1,51,8,3,0,0,0,1,6_9,1_1
1,1,1,46,8,3,0,0,0,0,0_0,1_1
1,1,2,40,7,2,0,0,0,0,0_0,1_8
2,1,1,54,8,3,0,0,0,0,0_0,1_8
1,1,2,60,9,2,0,0,0,0,0_0,3_10
1,1,1,54,8,3,0,0,0,0,0_0,1_3
2,1,2,39,7,2,0,0,0,0,0_0,1_6
1,1,2,35,6,3,0,0,0,1,6_9,-1_-1
2,1,1,13,3,2,0,0,0,0,0_0,2_2
1,1,1,23,5,3,0,0,0,0,0_0,3_10
1,1,1,24,5,2,0,0,0,0,0_0,3_8
2,1,1,46,8,3,0,0,0,0,0_0,1_3
1,1,1,54,8,3,0,0,0,0,0_0,2_7
1,1,1,21,5,2,0,0,0,0,0_0,3_7
1,1,1,61,9,2,0,0,0,0,0_0,1_1
1,2,1,18,4,2,0,0,0,0,0_0,3_9
2,3,2,72,10,2,0,0,0,1,0_0,3_6
1,1,1,39,7,2,0,0,0,1,10_1,1_1
1,1,1,7,2,2,0,0,0,1,5_1,1_5
1,1,1,64,9,2,0,0,0,0,0_0,2_4
1,1,1,50,8,3,0,0,0,0,0_0,1_9
1,1,1,5,1,3,0,0,0,1,5_4,1_3
1,1,1,71,10,2,0,0,0,0,0_0,-1_-1
2,1,2,39,7,3,0,0,0,0,0_0,1_8
1,1,1,62,9,1,0,0,0,0,0_0,1_10
1,1,2,20,4,3,0,0,0,1,9_5,1_7
2,1,1,52,8,3,0,0,0,0,0_0,1_8
2,1,1,51,8,2,0,0,0,0,0_0,1_2
1,1,1,53,8,2,0,0,0,1,5_3,1_5
1,1,1,10,2,2,0,0,0,1,6_5,1_2
1,1,2,78,11,2,0,0,0,0,0_0,-1_-1
1,1,2,13,3,3,0,0,0,1,1_3,1_6
1,1,2,65,9,3,0,0,0,0,0_0,1_10
1,1,1,12,3,2,0,0,0,0,0_0,3_7
1,1,1,10,2,3,0,0,0,0,0_0,1_2
1,1,1,48,8,1,0,0,0,0,0_0,1_3
1,1,1,15,3,3,0,0,0,1,0_0,1_2
1,1,1,62,9,3,0,0,0,0,0_0,3_7
1,1,2,32,6,3,0,0,0,0,0_0,1_10
2,1,1,73,10,3,0,0,0,0,0_0,3_9
1,1,1,31,6,3,0,0,0,1,5_1,1_1
1,1,1,45,7,3,0,0,0,0,0_0,1_4
1,3,2,26,6,3,0,0,0,0,0_0,1_2
2,2,2,68,10,3,0,0,0,0,0_0,1_4
1,1,1,13,3,3,0,0,0,1,5_3,1_2
2,1,2,38,7,3,0,0,0,0,0_0,1_7
1,1,1,18,4,2,0,0,0,0,0_0,1_8
2,1,2,33,6,3,0,0,0,0,0_0,1_2
1,1,1,45,7,3,0,0,0,1,6_9,1_2
1,1,2,27,6,2,0,0,0,1,7_7,1_5
1,1,1,19,4,3,0,0,0,0,0_0,3_6
2,2,1,28,6,3,0,0,0,0,0_0,1_3
1,2,1,53,8,3,0,0,0,0,0_0,-1_-1
1,1,1,30,6,3,0,0,0,0,0_0,1_3
2,3,1,44,7,3,0,0,0,0,0_0,2_6
2,1,2,22,5,3,0,0,0,0,0_0,2_6
1,1,1,30,6,3,0,0,0,0,0_0,1_7
3,1,1,46,8,3,0,0,0,0,0_0,1_8
1,1,2,76,11,2,0,0,0,0,0_0,1_9
1,2,1,59,9,3,0,0,0,0,0_0,3_6
1,1,2,19,4,3,0,0,0,0,0_0,2_10
1,1,2,31,6,1,0,0,0,1,9_9,-1_-1
1,1,2,18,4,3,0,0,0,1,5_1,-1_-1
1,1,1,84,11,3,0,0,0,1,10_9,-1_-1
2,1,1,67,10,3,0,0,0,0,0_0,-1_-1
2,1,1,55,8,3,0,0,0,0,0_0,-1_-1
1,1,1,20,4,3,0,0,0,1,1_4,-1_-1
1,1,2,87,11,2,0,0,0,0,0_0,-1_-1
2,2,1,26,6,3,0,0,0,0,0_0,-1_-1
2,1,1,53,8,2,0,0,0,0,0_0,-1_-1
2,1,1,52,8,3,0,0,0,0,0_0,-1_-1
1,1,2,25,5,3,0,0,0,0,0_0,-1_-1
2,1,1,28,6,3,0,0,0,0,0_0,-1_-1
1,2,1,68,10,2,0,0,0,0,0_0,-1_-1
2,3,1,83,11,2,0,0,0,0,0_0,-1_-1
1,1,1,51,8,3,0,0,0,0,0_0,-1_-1
1,1,1,12,3,3,0,0,0,1,5_1,-1_-1
1,1,2,59,9,3,0,0,0,0,0_0,-1_-1
1,1,2,54,8,2,0,0,0,0,0_0,-1_-1
1,1,2,75,10,3,0,0,0,0,0_0,-1_-1
3,3,1,35,6,3,0,0,0,0,0_0,-1_-1
2,1,2,30,6,2,0,0,0,0,0_0,-1_-1
1,1,2,13,3,3,0,0,0,1,5_3,-1_-1
2,1,2,53,8,3,0,0,0,0,0_0,-1_-1
2,1,1,21,5,3,0,0,0,0,0_0,-1_-1
2,1,1,9,2,3,0,0,0,0,0_0,1_9
1,1,1,14,3,3,0,0,0,0,0_0,1_2
1,1,2,9,2,2,0,0,0,1,8_2,1_4
1,1,1,70,10,2,0,0,0,1,5_1,1_10
1,1,1,78,11,1,0,0,0,0,0_0,2_3
3,2,1,51,8,3,0,0,0,0,0_0,1_4
1,1,2,88,11,2,0,0,0,1,10_9,2_8
2,3,1,61,9,3,0,0,0,0,0_0,1_4
2,1,1,36,7,3,0,0,0,0,0_0,-1_-1
2,1,2,50,8,3,0,0,0,0,0_0,1_8
2,1,1,68,10,3,0,0,0,0,0_0,2_8
1,1,2,14,3,2,0,0,0,1,6_9,1_2
1,2,2,17,4,3,0,0,0,1,6_9,1_2
1,1,1,47,8,2,0,0,0,0,0_0,3_3
1,1,2,42,7,3,0,0,0,0,0_0,3_6
2,2,1,66,10,3,0,0,0,0,0_0,1_1
1,3,1,31,6,3,0,0,0,1,0_0,1_2
2,1,1,47,8,3,0,0,0,0,0_0,1_4
2,2,1,36,7,3,0,0,0,1,0_0,1_4
2,1,1,32,6,3,0,0,0,0,0_0,3_4
1,1,1,34,6,2,0,0,0,0,0_0,2_2
1,1,1,75,10,1,0,0,0,0,0_0,3_6
1,1,2,51,8,3,0,0,0,0,0_0,3_7
1,1,1,54,8,2,0,0,0,0,0_0,2_9
1,1,1,57,9,2,0,0,0,0,0_0,3_6
1,1,1,18,4,3,0,0,0,0,0_0,3_6
1,1,1,46,8,3,0,0,0,0,0_0,3_5
1,2,2,31,6,3,0,0,0,1,0_0,3_4
1,3,1,24,5,3,0,0,0,1,0_0,3_5
2,1,1,22,5,3,0,0,0,1,9_5,3_6
1,1,2,19,4,3,0,0,0,0,0_0,1_10
1,1,2,57,9,2,0,0,0,1,5_3,1_1
1,1,2,86,11,2,0,0,0,1,5_1,1_10
1,1,1,31,6,3,0,0,0,0,0_0,2_4
3,1,1,24,5,3,0,0,0,0,0_0,3_5
1,1,2,70,10,2,0,0,0,0,0_0,1_9
2,3,1,20,4,3,0,0,0,0,0_0,3_4
1,1,1,65,9,3,0,0,0,0,0_0,3_6
2,2,1,63,9,3,0,0,0,0,0_0,2_6
2,1,1,17,4,3,0,0,0,0,0_0,1_5
1,1,1,2,1,3,0,0,0,1,10_1,1_4
2,1,1,36,7,3,0,0,0,0,0_0,3_6
1,1,1,37,7,3,0,0,0,0,0_0,1_4
2,1,1,39,7,3,0,0,0,0,0_0,1_3
1,1,1,18,4,3,0,0,0,0,0_0,2_4
2,2,1,16,4,3,0,0,0,0,0_0,2_4
2,1,1,38,7,2,0,0,0,0,0_0,3_5
1,1,1,56,9,3,0,0,0,0,0_0,-1_-1
2,1,1,53,8,3,0,0,0,0,0_0,1_6
1,1,1,59,9,3,0,0,0,0,0_0,3_3
1,1,1,17,4,3,0,0,0,1,5_1,1_5
1,1,2,23,5,3,0,0,0,1,1_3,1_1
1,1,1,28,6,3,0,0,0,1,9_8,3_3
1,1,2,37,7,2,0,0,0,0,0_0,3_7
2,2,2,28,6,3,0,0,0,0,0_0,1_4
1,1,1,19,4,2,0,0,0,0,0_0,3_4
2,1,1,63,9,2,0,0,0,0,0_0,1_3
1,1,1,52,8,3,0,0,0,1,5_1,1_7
1,1,2,76,11,2,0,0,0,0,0_0,1_4
2,1,1,27,6,3,0,0,0,0,0_0,1_3
1,1,2,34,6,3,0,0,0,0,0_0,1_5
2,1,1,40,7,3,0,0,0,0,0_0,1_4
1,1,1,74,10,2,0,0,0,0,0_0,1_8
2,1,1,49,8,3,0,0,0,0,0_0,1_9
2,2,1,28,6,1,0,0,0,0,0_0,1_5
1,1,1,48,8,2,0,0,0,0,0_0,2_2
2,1,1,38,7,3,0,0,0,0,0_0,2_8
3,1,1,24,5,3,0,0,0,0,0_0,2_9
3,2,1,24,5,3,0,0,0,1,0_0,1_4
1,1,1,41,7,2,0,0,0,0,0_0,3_1
2,1,1,57,9,3,0,0,0,0,0_0,1_3
2,1,2,46,8,3,0,0,0,0,0_0,1_1
1,1,2,85,11,2,0,0,0,1,5_3,3_6
2,1,2,59,9,3,0,0,0,0,0_0,1_3
2,1,1,56,9,2,0,0,0,0,0_0,1_2
1,1,2,59,9,3,0,0,0,1,6_7,1_5
1,1,2,71,10,2,0,0,0,1,5_3,1_6
2,1,2,49,8,3,0,0,0,0,0_0,1_5
2,1,1,19,4,3,0,0,0,0,0_0,1_3
1,1,1,60,9,3,0,0,0,0,0_0,1_3
2,1,1,49,8,3,0,0,0,0,0_0,1_2
1,1,2,34,6,3,0,0,0,0,0_0,1_3
2,2,1,29,6,3,0,0,0,0,0_0,1_10
1,1,1,24,5,3,0,0,0,0,0_0,3_9
1,1,2,21,5,3,0,0,0,0,0_0,2_5
1,1,1,38,7,1,0,0,0,0,0_0,-1_-1
3,3,1,43,7,3,0,0,0,0,0_0,2_2
2,1,1,31,6,2,0,0,0,0,0_0,2_4
1,1,1,31,6,2,0,0,0,0,0_0,2_9
1,1,1,23,5,3,0,0,0,0,0_0,3_5
1,1,1,17,4,3,0,0,0,0,0_0,3_5
2,1,1,53,8,3,0,0,0,0,0_0,3_9
1,1,1,30,6,3,0,0,0,0,0_0,2_4
1,1,2,31,6,3,0,0,0,1,6_9,3_6
1,1,1,79,11,3,0,0,0,0,0_0,2_6
1,1,2,56,9,3,0,0,0,0,0_0,2_10
1,1,1,56,9,2,0,0,0,0,0_0,1_10
2,1,1,38,7,2,0,0,0,0,0_0,3_6
2,1,1,39,7,3,0,0,0,0,0_0,1_7
1,1,1,39,7,1,0,0,0,0,0_0,3_3
1,1,2,53,8,3,0,0,0,1,1_3,1_8
1,1,1,66,10,3,0,0,0,1,8_1,1_1
1,1,1,54,8,2,0,0,0,0,0_0,1_4
2,1,1,92,11,3,0,0,0,0,0_0,1_6
1,1,1,47,8,3,0,0,0,0,0_0,2_9
1,1,1,40,7,3,0,0,0,0,0_0,3_4
1,2,1,59,9,3,0,0,0,1,0_0,3_4
2,3,1,61,9,2,0,0,0,0,0_0,1_6
3,1,1,64,9,3,0,0,0,0,0_0,1_7
1,1,2,22,5,3,0,0,0,1,6_7,1_2
2,1,1,46,8,3,0,0,0,0,0_0,2_5
1,1,2,73,10,2,0,0,0,1,5_1,1_2
1,1,2,59,9,2,0,0,0,0,0_0,2_5
2,1,2,31,6,3,0,0,0,0,0_0,2_10
1,1,1,58,9,3,0,0,0,0,0_0,1_6
3,3,2,58,9,3,0,0,0,0,0_0,2_10
1,1,1,21,5,3,0,0,0,0,0_0,2_6
2,1,2,56,9,2,0,0,0,0,0_0,3_5
1,1,1,32,6,2,0,0,0,0,0_0,1_2
1,1,1,29,6,3,0,0,0,0,0_0,1_5
2,1,1,58,9,2,0,0,0,0,0_0,2_6
1,2,1,20,4,3,0,0,0,0,0_0,1_8
1,1,2,14,3,3,0,0,0,1,1_3,1_9
1,1,2,60,9,3,0,0,0,0,0_0,3_5
1,1,1,56,9,3,0,0,0,0,0_0,2_6
3,2,2,22,5,3,0,0,0,1,0_0,-1_-1
1,1,1,29,6,3,0,0,0,0,0_0,3_3
2,2,2,37,7,3,0,0,0,0,0_0,3_7
1,1,2,56,9,3,0,0,0,0,0_0,1_9
2,1,1,60,9,3,0,0,0,0,0_0,3_7
2,1,1,59,9,3,0,0,0,0,0_0,1_1
2,1,1,5,1,3,0,0,0,0,0_0,1_2
1,1,2,29,6,3,0,0,0,0,0_0,3_7
1,2,1,29,6,1,0,0,0,0,0_0,1_2
1,1,1,32,6,2,0,0,0,0,0_0,3_1
2,1,1,51,8,3,0,0,0,0,0_0,2_2
1,1,2,91,11,3,0,0,0,0,0_0,-1_-1
1,1,2,63,9,3,0,0,0,0,0_0,1_5
1,1,2,40,7,3,0,0,0,0,0_0,3_5
2,2,1,29,6,2,0,0,0,0,0_0,-1_-1
2,1,1,78,11,2,0,0,0,0,0_0,1_9
1,1,1,72,10,2,0,0,0,0,0_0,1_4
2,2,1,66,10,2,0,0,0,0,0_0,1_3
1,1,1,78,11,3,0,0,0,1,5_9,1_6
1,1,2,60,9,3,0,0,0,0,0_0,3_7
2,1,1,57,9,3,0,0,0,0,0_0,1_8
1,1,1,31,6,3,0,0,0,0,0_0,1_5
1,1,1,8,2,3,0,0,0,1,1_1,1_3
1,1,2,42,7,2,0,0,0,0,0_0,3_9
1,1,1,50,8,2,0,0,0,0,0_0,1_8
1,1,1,52,8,2,0,0,0,0,0_0,2_7
1,1,2,30,6,3,0,0,0,0,0_0,3_7
1,1,1,36,7,2,0,0,0,0,0_0,1_4
1,1,2,57,9,2,0,0,0,0,0_0,-1_-1
1,1,1,60,9,2,0,0,0,0,0_0,1_9
1,1,1,22,5,2,0,0,0,0,0_0,2_7
1,1,1,56,9,2,0,0,0,0,0_0,1_6
1,1,2,20,4,2,0,0,0,1,5_1,1_3
1,1,1,19,4,3,0,0,0,0,0_0,3_4
1,1,1,75,10,3,0,0,0,0,0_0,2_10
1,1,2,20,4,3,0,0,0,0,0_0,2_5
1,1,1,30,6,2,0,0,0,1,8_2,3_3
1,1,1,34,6,2,0,0,0,0,0_0,1_5
2,2,1,48,8,2,0,0,0,0,0_0,2_3
1,2,1,29,6,2,0,0,0,0,0_0,2_2
2,1,1,21,5,1,0,0,0,0,0_0,1_5
1,1,1,33,6,3,0,0,0,0,0_0,1_6
2,2,2,58,9,3,0,0,0,0,0_0,1_8
1,1,1,55,8,2,0,0,0,0,0_0,3_4
2,1,1,11,3,3,0,0,0,0,0_0,1_6
1,1,1,39,7,3,0,0,0,1,1_3,3_4
2,2,2,25,5,3,0,0,0,0,0_0,2_8
2,2,2,57,9,3,0,0,0,0,0_0,3_6
1,1,2,24,5,3,0,0,0,0,0_0,3_3
1,1,2,57,9,3,0,0,0,0,0_0,2_8
1,1,1,18,4,2,0,0,0,0,0_0,1_5
1,1,2,14,3,3,0,0,0,1,5_1,1_10
1,1,2,69,10,3,0,0,0,0,0_0,3_4
1,1,1,72,10,3,0,0,0,0,0_0,3_8
2,1,1,21,5,3,0,0,0,0,0_0,1_10
1,1,2,55,8,2,0,0,0,0,0_0,-1_-1
2,2,2,67,10,3,0,0,0,0,0_0,1_3
1,1,1,79,11,3,0,0,0,0,0_0,-1_-1
2,3,1,76,11,3,0,0,0,0,0_0,2_9
1,1,1,12,3,2,0,0,0,1,5_2,1_6
1,1,2,84,11,2,0,0,0,1,5_1,3_4
1,1,2,12,3,2,0,0,0,1,5_1,1_1
2,1,2,46,8,3,0,0,0,0,0_0,-1_-1
1,1,1,79,11,2,0,0,0,0,0_0,3_7
1,1,1,84,11,2,0,0,0,0,0_0,1_7
2,1,1,24,5,3,0,0,0,0,0_0,1_9
2,2,1,56,9,2,0,0,0,0,0_0,1_6
1,1,1,50,8,3,0,0,0,0,0_0,3_4
1,1,1,21,5,3,0,0,0,0,0_0,1_4
1,1,2,51,8,2,0,0,0,1,0_0,1_3
1,1,1,13,3,3,0,0,0,1,5_2,1_6
1,1,1,60,9,2,0,0,0,1,1_1,1_7
2,1,1,54,8,2,0,0,0,0,0_0,3_6
2,1,2,42,7,3,0,0,0,0,0_0,3_-1
2,1,1,41,7,3,0,0,0,0,0_0,3_10
1,1,1,11,3,2,0,0,0,1,5_3,1_4
2,1,2,59,9,3,0,0,0,0,0_0,3_10
3,2,2,52,8,3,0,0,0,0,0_0,3_7
1,1,2,58,9,3,0,0,0,1,5_9,1_3
1,1,1,53,8,2,0,0,0,1,0_0,1_3
1,1,1,29,6,3,0,0,0,0,0_0,3_7
2,2,1,48,8,2,0,0,0,0,0_0,1_10
1,3,1,69,10,3,0,0,0,0,0_0,1_6
2,1,2,77,11,3,0,0,0,0,0_0,2_10
2,1,1,47,8,3,0,0,0,0,0_0,-1_-1
1,1,2,43,7,3,0,0,0,1,9_5,-1_-1
2,1,2,56,9,2,0,0,0,0,0_0,1_1
1,1,1,35,6,3,0,0,0,1,9_5,1_4
1,1,1,50,8,2,0,0,0,1,5_1,1_4
1,1,1,29,6,3,0,0,0,0,0_0,3_6
1,2,2,76,11,2,0,0,0,0,0_0,3_9
3,3,2,24,5,2,0,0,0,0,0_0,1_9
2,1,2,55,8,3,0,0,0,0,0_0,1_3
1,1,1,16,4,3,0,0,0,1,5_1,3_10
1,1,1,43,7,3,0,0,0,0,0_0,3_4
2,2,2,24,5,3,0,0,0,0,0_0,1_9
1,1,1,52,8,3,0,0,0,0,0_0,2_9
2,1,2,30,6,3,0,0,0,0,0_0,1_7
2,1,1,52,8,3,0,0,0,0,0_0,3_8
2,2,1,55,8,3,0,0,0,0,0_0,2_9
1,1,2,84,11,2,0,0,0,0,0_0,2_5
1,1,1,6,2,3,0,0,0,1,5_1,1_2
1,1,1,7,2,2,0,0,0,1,8_1,-1_-1
2,1,1,50,8,3,0,0,0,0,0_0,1_9
2,1,1,39,7,3,0,0,0,0,0_0,1_10
2,2,1,49,8,3,0,0,0,0,0_0,-1_-1
1,1,1,45,7,1,0,0,0,0,0_0,3_6
1,1,1,12,3,3,0,0,0,1,5_1,1_1
2,1,1,23,5,2,0,0,0,0,0_0,1_1
1,1,1,42,7,3,0,0,0,0,0_0,1_5
1,1,2,12,3,3,0,0,0,1,5_3,1_9
1,2,2,60,9,3,0,0,0,0,0_0,1_1
2,1,2,21,5,3,0,0,0,0,0_0,1_7
1,1,1,60,9,3,0,0,0,1,1_3,-1_-1
1,1,2,60,9,3,0,0,0,0,0_0,1_10
2,2,2,42,7,3,0,0,0,0,0_0,1_10
2,1,1,52,8,2,0,0,0,0,0_0,3_10
1,1,2,7,2,3,0,0,0,1,1_1,1_9
1,2,2,38,7,3,0,0,0,1,1_1,1_9
1,3,2,9,2,3,0,0,0,1,1_1,1_9
1,1,2,35,6,3,0,0,0,0,0_0,3_4
1,1,1,22,5,3,0,0,0,0,0_0,1_10
1,2,2,9,2,3,0,0,0,1,5_3,1_3
1,1,2,35,6,3,0,0,0,0,0_0,1_4
1,1,2,79,11,3,0,0,0,0,0_0,2_4
2,2,1,23,5,3,0,0,0,0,0_0,1_6
1,1,1,67,10,3,0,0,0,0,0_0,1_1
1,1,1,14,3,3,0,0,0,1,5_1,3_5
2,2,1,25,5,3,0,0,0,0,0_0,1_1
1,1,2,28,6,3,0,0,0,1,5_4,3_10
1,1,1,49,8,2,0,0,0,0,0_0,-1_-1
1,1,1,22,5,2,0,0,0,0,0_0,1_8
2,1,2,55,8,2,0,0,0,0,0_0,1_9
1,1,1,57,9,3,0,0,0,0,0_0,2_6
2,2,1,77,11,3,0,0,0,0,0_0,3_4
2,1,1,68,10,3,0,0,0,0,0_0,2_9
3,1,2,62,9,2,0,0,0,0,0_0,1_9
1,1,2,13,3,2,0,0,0,1,1_1,3_10
1,1,1,60,9,2,0,0,0,1,4_3,1_2
1,1,2,19,4,3,0,0,0,0,0_0,1_5
1,1,1,29,6,3,0,0,0,0,0_0,-1_-1
3,1,1,35,6,2,0,0,0,0,0_0,3_7
1,2,1,71,10,3,0,0,0,0,0_0,-1_-1
2,1,1,58,9,2,0,0,0,0,0_0,1_6
2,1,1,29,6,2,0,0,0,0,0_0,1_7
1,1,1,60,9,3,0,0,0,0,0_0,1_1
1,1,2,19,4,3,0,0,0,1,5_1,1_1
1,1,1,27,6,2,0,0,0,0,0_0,3_2
1,1,1,61,9,2,0,0,0,0,0_0,-1_-1
2,1,1,10,2,3,0,0,0,0,0_0,-1_-1
1,1,1,53,8,3,0,0,0,0,0_0,-1_-1
2,1,2,76,11,2,0,0,0,1,5_1,-1_-1
1,1,2,32,6,3,0,0,0,1,9_8,-1_-1
1,1,1,65,9,3,0,0,0,0,0_0,-1_-1
1,1,2,23,5,3,0,0,0,1,5_1,-1_-1
1,1,1,89,11,1,0,0,0,0,0_0,-1_-1
1,1,1,14,3,2,0,0,0,1,5_1,-1_-1
1,1,1,77,11,3,0,0,0,1,5_9,-1_-1
1,1,2,50,8,3,0,0,0,0,0_0,-1_-1
1,1,2,54,8,3,0,0,0,0,0_0,-1_-1
2,2,2,44,7,3,0,0,0,0,0_0,-1_-1
1,1,2,61,9,3,0,0,0,0,0_0,-1_-1
2,2,2,39,7,3,0,0,0,0,0_0,-1_-1
2,2,2,33,6,3,0,0,0,0,0_0,-1_-1
2,1,1,13,3,2,0,0,0,0,0_0,-1_-1
1,1,2,30,6,2,0,0,0,0,0_0,-1_-1
2,1,2,60,9,2,0,0,0,0,0_0,-1_-1
1,1,2,43,7,3,0,0,0,0,0_0,-1_-1
2,2,1,58,9,3,0,0,0,0,0_0,-1_-1
1,1,1,44,7,3,0,0,0,0,0_0,-1_-1
2,2,2,53,8,3,0,0,0,0,0_0,-1_-1
1,1,1,69,10,3,0,0,0,0,0_0,-1_-1
1,1,2,37,7,2,0,0,0,0,0_0,-1_-1
1,1,1,22,5,2,0,0,0,0,0_0,-1_-1
1,1,2,48,8,3,0,0,0,1,5_1,-1_-1
1,1,2,18,4,2,0,0,0,1,5_1,-1_-1
1,1,2,15,3,3,0,0,0,1,7_3,1_4
1,1,1,33,6,2,0,0,0,0,0_0,1_3
1,1,1,78,11,3,0,0,0,0,0_0,3_7
2,1,2,41,7,3,0,0,0,0,0_0,2_3
1,1,1,17,4,3,0,0,0,1,6_9,1_3
1,1,2,14,3,3,0,0,0,1,6_8,1_3
1,1,1,24,5,3,0,0,0,0,0_0,3_6
2,1,2,14,3,3,0,0,0,0,0_0,2_10
2,1,2,52,8,3,0,0,0,0,0_0,3_6
1,1,1,52,8,3,0,0,0,1,9_7,3_7
1,1,2,57,9,3,0,0,0,0,0_0,1_2
2,2,1,53,8,3,0,0,0,0,0_0,3_5
1,1,1,39,7,3,0,0,0,0,0_0,3_4
1,1,1,56,9,3,0,0,0,0,0_0,3_4
2,2,2,55,8,3,0,0,0,0,0_0,2_3
1,1,1,46,8,2,0,0,0,0,0_0,1_4
2,1,2,22,5,3,0,0,0,0,0_0,2_5
2,2,1,21,5,3,0,0,0,1,0_0,2_5
1,1,1,24,5,3,0,0,0,0,0_0,2_6
1,1,2,85,11,3,0,0,0,0,0_0,3_6
1,1,1,27,6,3,0,0,0,0,0_0,1_5
1,1,2,38,7,3,0,0,0,0,0_0,2_4
1,1,1,77,11,3,0,0,0,0,0_0,3_6
2,1,2,35,6,3,0,0,0,0,0_0,1_4
3,2,1,50,8,3,0,0,0,0,0_0,2_5
3,1,2,75,10,2,0,0,0,0,0_0,1_2
1,1,2,18,4,3,0,0,0,1,5_1,2_4
2,1,2,58,9,3,0,0,0,0,0_0,1_10
2,1,2,29,6,3,0,0,0,0,0_0,3_5
1,1,1,68,10,3,0,0,0,0,0_0,2_5
2,2,1,51,8,3,0,0,0,0,0_0,3_8
1,2,2,21,5,3,0,0,0,0,0_0,1_4
2,1,2,38,7,3,0,0,0,0,0_0,1_2
1,1,2,30,6,3,0,0,0,1,9_9,-1_-1
1,1,2,48,8,3,0,0,0,0,0_0,1_1
2,2,1,30,6,3,0,0,0,0,0_0,3_6
1,1,1,35,6,3,0,0,0,0,0_0,3_6
1,1,1,40,7,2,0,0,0,1,8_7,2_5
2,1,1,17,4,2,0,0,0,0,0_0,1_2
1,1,1,11,3,3,0,0,0,1,5_3,3_4
2,1,2,34,6,3,0,0,0,0,0_0,3_4
2,1,2,73,10,3,0,0,0,0,0_0,1_10
3,2,1,69,10,3,0,0,0,0,0_0,1_5
2,1,2,28,6,3,0,0,0,1,0_0,1_2
1,1,2,24,5,3,0,0,0,0,0_0,2_6
1,1,2,49,8,2,0,0,0,0,0_0,1_6
1,1,1,61,9,2,0,0,0,0,0_0,1_6
2,2,1,27,6,3,0,0,0,0,0_0,1_9
1,1,2,21,5,1,0,0,0,0,0_0,2_7
2,2,1,43,7,3,0,0,0,0,0_0,3_5
1,1,2,20,4,3,0,0,0,0,0_0,1_6
2,3,1,41,7,3,0,0,0,0,0_0,1_1
2,1,1,11,3,2,0,0,0,0,0_0,3_4
1,1,2,62,9,2,0,0,0,1,1_3,1_1
1,1,1,37,7,2,0,0,0,0,0_0,1_5
3,1,2,23,5,3,0,0,0,0,0_0,1_3
2,1,2,61,9,3,0,0,0,0,0_0,1_3
1,1,1,27,6,3,0,0,0,0,0_0,3_2
1,1,1,58,9,3,0,0,0,0,0_0,3_4
2,2,1,64,9,3,0,0,0,0,0_0,1_9
1,1,2,13,3,2,0,0,0,1,1_1,1_2
1,1,1,2,1,2,0,0,0,1,5_2,1_2
1,1,1,56,9,2,0,0,0,1,5_1,1_3
2,1,1,26,6,2,0,0,0,0,0_0,2_1
2,1,1,24,5,3,0,0,0,0,0_0,1_8
1,1,1,60,9,2,0,0,0,1,6_9,1_5
1,1,1,38,7,3,0,0,0,1,9_5,1_4
1,1,1,65,9,1,0,0,0,1,5_3,2_4
1,1,1,76,11,2,0,0,0,1,4_3,1_3
1,1,2,32,6,3,0,0,0,1,1_1,1_5
1,2,1,54,8,3,0,0,0,0,0_0,1_3
2,2,1,45,7,3,0,0,0,0,0_0,1_9
1,1,2,12,3,3,0,0,0,1,4_3,1_9
1,2,1,50,8,3,0,0,0,0,0_0,1_2
1,1,1,37,7,2,0,0,0,0,0_0,3_4
2,1,2,31,6,3,0,0,0,0,0_0,1_9
1,1,2,40,7,2,0,0,0,1,5_2,-1_-1
2,1,1,22,5,2,0,0,0,0,0_0,3_7
2,1,1,32,6,3,0,0,0,0,0_0,3_8
2,2,2,20,4,3,0,0,0,0,0_0,1_3
1,1,2,64,9,3,0,0,0,1,5_1,1_1
1,1,2,25,5,3,0,0,0,0,0_0,1_5
1,1,1,14,3,3,0,0,0,1,5_3,1_9
2,1,1,18,4,2,0,0,0,0,0_0,1_1
1,1,1,66,10,3,0,0,0,1,5_1,1_5
1,1,2,9,2,2,0,0,0,1,1_1,-1_-1
1,1,2,54,8,2,0,0,0,1,5_3,1_2
3,1,2,50,8,3,0,0,0,0,0_0,2_10
1,1,1,75,10,3,0,0,0,0,0_0,3_5
1,2,1,41,7,3,0,0,0,0,0_0,1_1
1,1,2,12,3,3,0,0,0,1,1_3,1_1
2,1,1,37,7,3,0,0,0,0,0_0,1_3
1,1,2,45,7,3,0,0,0,0,0_0,3_5
2,2,2,39,7,3,0,0,0,0,0_0,1_4
1,1,1,40,7,2,0,0,0,1,1_9,3_9
1,1,2,38,7,3,0,0,0,1,5_1,1_1
2,2,2,58,9,3,0,0,0,0,0_0,1_9
1,1,1,20,4,2,0,0,0,0,0_0,2_6
1,1,2,38,7,2,0,0,0,1,9_7,-1_-1
2,1,1,63,9,2,0,0,0,0,0_0,1_8
1,1,2,62,9,2,0,0,0,0,0_0,3_7
2,1,1,50,8,2,0,0,0,0,0_0,3_9
2,1,1,36,7,3,0,0,0,0,0_0,3_4
3,3,1,35,6,3,0,0,0,0,0_0,3_4
2,1,1,50,8,2,0,0,0,0,0_0,1_7
1,1,1,36,7,3,0,0,0,0,0_0,3_8
1,1,2,14,3,2,0,0,0,1,4_1,1_4
2,1,1,83,11,3,0,0,0,0,0_0,1_3
1,1,1,26,6,3,0,0,0,0,0_0,3_4
2,1,2,18,4,3,0,0,0,0,0_0,3_5
1,1,2,35,6,2,0,0,0,0,0_0,1_2
2,2,1,63,9,1,0,0,0,0,0_0,1_5
2,3,2,59,9,1,0,0,0,1,0_0,1_5
2,1,1,50,8,2,0,0,0,0,0_0,2_9
1,1,2,47,8,3,0,0,0,0,0_0,3_4
2,1,1,64,9,3,0,0,0,0,0_0,1_8
1,1,1,18,4,3,0,0,0,0,0_0,3_4
2,1,2,19,4,3,0,0,0,0,0_0,1_1
1,1,2,41,7,3,0,0,0,0,0_0,1_4
1,1,1,60,9,3,0,0,0,0,0_0,1_2
1,1,1,32,6,3,0,0,0,0,0_0,2_7
1,2,1,17,4,3,0,0,0,1,0_0,2_6
2,1,1,60,9,3,0,0,0,0,0_0,3_4
2,1,1,39,7,3,0,0,0,0,0_0,2_4
1,1,1,22,5,3,0,0,0,0,0_0,1_6
1,1,1,35,6,3,0,0,0,0,0_0,3_3
1,1,1,23,5,3,0,0,0,0,0_0,2_5
1,1,2,56,9,2,0,0,0,0,0_0,1_5
2,2,1,42,7,3,0,0,0,0,0_0,3_5
1,1,1,28,6,2,0,0,0,0,0_0,1_5
1,2,2,23,5,3,0,0,0,1,0_0,1_3
2,1,1,71,10,3,0,0,0,0,0_0,1_4
1,1,2,34,6,2,0,0,0,0,0_0,1_4
2,1,1,50,8,3,0,0,0,0,0_0,3_3
2,1,2,25,5,3,0,0,0,0,0_0,1_1
1,1,1,35,6,3,0,0,0,0,0_0,1_3
2,1,1,41,7,2,0,0,0,0,0_0,2_6
2,1,2,71,10,3,0,0,0,0,0_0,3_3
1,1,2,34,6,2,0,0,0,0,0_0,1_2
1,1,2,56,9,2,0,0,0,0,0_0,1_8
2,2,1,44,7,3,0,0,0,0,0_0,1_4
1,1,2,51,8,3,0,0,0,1,6_7,1_2
1,1,2,68,10,3,0,0,0,0,0_0,3_9
1,1,1,6,2,3,0,0,0,1,1_1,2_2
3,2,1,27,6,2,0,0,0,0,0_0,2_3
3,3,1,19,4,3,0,0,0,1,0_0,2_5
1,1,2,57,9,3,0,0,0,0,0_0,1_3
2,2,1,42,7,3,0,0,0,0,0_0,1_3
1,1,1,19,4,3,0,0,0,0,0_0,1_2
2,1,1,66,10,3,0,0,0,0,0_0,2_5
1,1,2,32,6,3,0,0,0,0,0_0,3_8
1,1,1,62,9,3,0,0,0,0,0_0,1_2
2,2,1,46,8,2,0,0,0,0,0_0,1_2
2,1,1,29,6,3,0,0,0,0,0_0,1_3
1,1,1,17,4,2,0,0,0,0,0_0,1_5
2,1,1,53,8,2,0,0,0,0,0_0,3_7
2,1,2,36,7,3,0,0,0,0,0_0,1_4
2,1,1,55,8,3,0,0,0,0,0_0,1_6
1,1,1,11,3,3,0,0,0,1,2_2,1_1
1,1,2,48,8,3,0,0,0,1,9_6,-1_-1
2,1,2,46,8,3,0,0,0,0,0_0,2_6
1,1,2,10,2,3,0,0,0,1,5_1,1_9
2,2,1,58,9,3,0,0,0,0,0_0,3_10
1,1,1,31,6,2,0,0,0,0,0_0,2_1
1,1,1,22,5,3,0,0,0,0,0_0,2_4
2,1,1,51,8,2,0,0,0,0,0_0,2_5
1,1,1,25,5,3,0,0,0,1,0_0,1_5
1,1,1,16,4,3,0,0,0,1,5_1,1_1
2,1,2,41,7,3,0,0,0,0,0_0,3_7
1,1,1,24,5,2,0,0,0,0,0_0,1_1
1,1,1,26,6,3,0,0,0,0,0_0,1_9
2,1,1,5,1,3,0,0,0,0,0_0,-1_-1
1,1,1,21,5,2,0,0,0,1,5_1,1_1
1,1,2,48,8,2,0,0,0,0,0_0,1_2
1,1,1,60,9,2,0,0,0,1,9_6,1_4
2,1,2,55,8,3,0,0,0,0,0_0,3_4
1,1,1,52,8,2,0,0,0,0,0_0,1_5
1,1,1,42,7,3,0,0,0,0,0_0,1_1
1,1,2,55,8,2,0,0,0,0,0_0,2_8
2,2,1,42,7,2,0,0,0,0,0_0,3_6
1,1,1,33,6,3,0,0,0,0,0_0,1_3
2,3,1,37,7,3,0,0,0,0,0_0,1_4
1,1,2,69,10,3,0,0,0,1,0_0,3_2
2,1,1,47,8,3,0,0,0,0,0_0,1_8
1,1,2,87,11,3,0,0,0,0,0_0,1_9
2,2,2,47,8,3,0,0,0,0,0_0,1_9
2,1,1,45,7,3,0,0,0,0,0_0,1_6
2,2,2,57,9,3,0,0,0,0,0_0,1_10
2,1,1,51,8,3,0,0,0,0,0_0,2_-1
2,1,1,85,11,3,0,0,0,0,0_0,-1_-1
2,1,2,77,11,2,0,0,0,0,0_0,1_8
1,1,1,15,3,2,0,0,0,0,0_0,1_1
2,1,1,38,7,3,0,0,0,0,0_0,2_6
2,1,2,27,6,3,0,0,0,0,0_0,3_8
1,1,1,24,5,2,0,0,0,0,0_0,-1_-1
2,1,2,20,4,2,0,0,0,0,0_0,1_5
1,2,1,25,5,2,0,0,0,0,0_0,1_10
2,1,2,58,9,3,0,0,0,0,0_0,3_7
3,2,1,39,7,3,0,0,0,0,0_0,3_2
1,1,1,7,2,3,0,0,0,1,5_3,1_1
2,1,1,29,6,3,0,0,0,0,0_0,1_9
1,3,2,38,7,3,0,0,0,0,0_0,1_1
1,1,2,24,5,3,0,0,0,1,6_8,1_1
2,2,1,33,6,2,0,0,0,0,0_0,-1_-1
2,1,1,17,4,3,0,0,0,0,0_0,-1_-1
2,1,1,14,3,3,0,0,0,0,0_0,1_9
1,3,1,38,7,3,0,0,0,0,0_0,1_1
2,2,1,67,10,2,0,0,0,0,0_0,3_6
2,1,2,39,7,3,0,0,0,0,0_0,3_5
2,1,1,48,8,1,0,0,0,0,0_0,1_9
2,1,2,52,8,3,0,0,0,0,0_0,1_8
1,1,2,20,4,3,0,0,0,0,0_0,1_5
1,1,1,30,6,3,0,0,0,1,5_1,1_2
1,1,1,23,5,2,0,0,0,0,0_0,3_4
1,2,2,21,5,3,0,0,0,1,0_0,3_4
2,1,1,66,10,2,0,0,0,0,0_0,3_4
2,1,2,62,9,2,0,0,0,0,0_0,1_5
1,1,2,69,10,3,0,0,0,0,0_0,2_5
1,1,1,69,10,2,0,0,0,0,0_0,1_3
1,1,1,55,8,3,0,0,0,0,0_0,1_3
1,1,1,21,5,3,0,0,0,0,0_0,2_2
1,1,1,30,6,3,0,0,0,0,0_0,3_3
1,1,1,41,7,3,0,0,0,0,0_0,3_8
1,2,1,32,6,3,0,0,0,1,6_9,-1_-1
1,1,2,8,2,3,0,0,0,1,5_1,1_5
2,1,1,75,10,3,0,0,0,0,0_0,1_6
2,2,2,71,10,3,0,0,0,1,0_0,3_8
2,1,1,46,8,2,0,0,0,0,0_0,2_7
1,1,1,59,9,2,0,0,0,0,0_0,-1_-1
1,1,1,22,5,2,0,0,0,0,0_0,1_2
2,1,2,79,11,2,0,0,0,0,0_0,2_5
2,1,2,20,4,3,0,0,0,0,0_0,1_2
2,1,1,79,11,3,0,0,0,0,0_0,-1_-1
1,1,2,37,7,3,0,0,0,0,0_0,1_5
1,1,1,50,8,3,0,0,0,0,0_0,1_1
1,1,1,13,3,3,0,0,0,1,5_4,1_2
1,1,2,34,6,2,0,0,0,0,0_0,1_10
2,1,2,56,9,2,0,0,0,0,0_0,1_10
2,1,1,58,9,3,0,0,0,0,0_0,1_6
1,1,1,68,10,3,0,0,0,0,0_0,1_5
2,1,1,60,9,3,0,0,0,0,0_0,2_7
1,1,1,11,3,2,0,0,0,1,9_9,1_1
3,1,2,42,7,3,0,0,0,0,0_0,3_5
1,1,1,27,6,1,0,0,0,0,0_0,1_3
1,1,1,34,6,2,0,0,0,0,0_0,1_2
1,2,2,13,3,2,0,0,0,1,1_1,1_6
1,1,1,20,4,2,0,0,0,0,0_0,1_6
2,1,1,35,6,2,0,0,0,0,0_0,1_8
1,1,2,17,4,3,0,0,0,0,0_0,2_2
2,2,2,63,9,3,0,0,0,0,0_0,2_8
2,1,1,61,9,3,0,0,0,0,0_0,3_4
1,1,2,54,8,3,0,0,0,0,0_0,2_2
2,2,1,38,7,3,0,0,0,0,0_0,1_3
1,3,2,21,5,3,0,0,0,0,0_0,-1_-1
2,2,1,56,9,3,0,0,0,0,0_0,-1_-1
1,1,2,48,8,3,0,0,0,0,0_0,1_2
2,2,1,39,7,3,0,0,0,0,0_0,1_4
1,1,2,59,9,2,0,0,0,0,0_0,1_1
2,2,2,41,7,3,0,0,0,0,0_0,1_2
1,1,1,40,7,3,0,0,0,0,0_0,1_2
2,2,2,42,7,3,0,0,0,0,0_0,-1_-1
1,1,1,23,5,3,0,0,0,0,0_0,3_9
1,1,2,24,5,2,0,0,0,0,0_0,3_3
2,2,1,65,9,2,0,0,0,0,0_0,2_5
1,1,1,41,7,2,0,0,0,1,9_8,1_1
1,1,1,60,9,3,0,0,0,0,0_0,2_3
1,1,2,36,7,3,0,0,0,0,0_0,1_4
1,1,1,41,7,3,0,0,0,0,0_0,1_2
1,1,1,82,11,3,0,0,0,0,0_0,3_3
2,1,1,42,7,2,0,0,0,0,0_0,1_4
1,1,2,38,7,3,0,0,0,0,0_0,3_7
2,1,1,28,6,2,0,0,0,0,0_0,1_5
2,1,1,64,9,2,0,0,0,0,0_0,1_1
3,2,1,74,10,3,0,0,0,0,0_0,1_2
1,1,2,11,3,3,0,0,0,1,5_9,1_4
2,1,1,54,8,2,0,0,0,0,0_0,3_4
1,1,1,66,10,2,0,0,0,1,4_2,1_2
2,1,2,57,9,3,0,0,0,0,0_0,1_2
1,1,2,7,2,3,0,0,0,1,8_9,1_7
1,1,1,27,6,2,0,0,0,0,0_0,1_5
2,1,1,51,8,3,0,0,0,0,0_0,1_8
1,1,1,57,9,2,0,0,0,0,0_0,-1_-1
2,2,1,34,6,3,0,0,0,0,0_0,2_-1
1,1,2,70,10,2,0,0,0,1,4_3,1_4
1,1,1,28,6,2,0,0,0,0,0_0,1_3
2,1,1,32,6,3,0,0,0,0,0_0,1_1
1,1,1,17,4,2,0,0,0,0,0_0,1_1
3,2,2,28,6,3,0,0,0,0,0_0,1_-1
1,1,2,22,5,3,0,0,0,1,5_1,1_4
1,2,1,4,1,2,0,0,0,1,5_1,1_4
1,1,1,82,11,2,0,0,0,1,8_3,-1_-1
2,1,1,19,4,3,0,0,0,0,0_0,1_1
1,1,1,31,6,2,0,0,0,1,6_9,1_5
1,1,1,52,8,3,0,0,0,0,0_0,1_2
2,1,1,41,7,3,0,0,0,0,0_0,-1_-1
1,1,1,39,7,3,0,0,0,0,0_0,1_4
2,1,1,19,4,2,0,0,0,0,0_0,1_4
1,1,1,43,7,3,0,0,0,0,0_0,1_2
1,1,1,59,9,2,0,0,0,0,0_0,1_10
1,1,1,51,8,3,0,0,0,0,0_0,1_3
1,1,1,42,7,2,0,0,0,0,0_0,-1_-1
1,1,2,72,10,3,0,0,0,1,8_8,1_4
1,1,2,78,11,2,0,0,0,1,5_1,1_9
2,1,1,40,7,3,0,0,0,0,0_0,1_5
1,1,1,20,4,3,0,0,0,0,0_0,1_4
2,1,2,15,3,3,0,0,0,1,0_0,1_5
2,1,1,37,7,3,0,0,0,0,0_0,1_7
1,1,1,44,7,2,0,0,0,1,5_1,1_3
2,1,1,76,11,2,0,0,0,0,0_0,1_3
1,1,2,7,2,3,0,0,0,1,4_3,1_2
1,1,1,26,6,2,0,0,0,0,0_0,1_3
1,2,2,46,8,2,0,0,0,1,0_0,1_3
1,1,1,43,7,3,0,0,0,0,0_0,1_3
2,2,1,27,6,3,0,0,0,0,0_0,2_6
1,1,1,35,6,3,0,0,0,0,0_0,1_4
2,1,1,27,6,2,0,0,0,0,0_0,3_1
1,1,1,23,5,3,0,0,0,0,0_0,1_2
2,2,1,57,9,2,0,0,0,0,0_0,1_2
2,2,1,36,7,2,0,0,0,0,0_0,1_4
1,1,1,50,8,3,0,0,0,0,0_0,1_3
1,1,2,14,3,3,0,0,0,1,9_9,1_2
1,1,2,31,6,3,0,0,0,1,10_9,1_4
1,1,2,26,6,3,0,0,0,0,0_0,1_5
1,1,2,49,8,3,0,0,0,1,1_2,1_2
1,2,1,23,5,3,0,0,0,0,0_0,1_1
1,1,2,5,1,3,0,0,0,1,5_3,1_3
1,1,1,46,8,3,0,0,0,0,0_0,1_6
1,1,1,71,10,3,0,0,0,0,0_0,1_8
2,1,1,19,4,2,0,0,0,0,0_0,1_5
2,1,2,41,7,3,0,0,0,0,0_0,1_3
2,1,1,42,7,3,0,0,0,0,0_0,1_5
3,1,1,51,8,3,0,0,0,0,0_0,1_4
2,1,1,14,3,3,0,0,0,0,0_0,1_10
2,1,1,52,8,3,0,0,0,0,0_0,1_2
1,1,2,24,5,3,0,0,0,0,0_0,1_7
2,1,1,67,10,3,0,0,0,0,0_0,1_8
3,2,2,37,7,3,0,0,0,0,0_0,1_6
1,1,1,38,7,2,0,0,0,0,0_0,1_3
1,1,1,27,6,3,0,0,0,0,0_0,1_3
3,2,1,38,7,3,0,0,0,0,0_0,-1_-1
1,1,2,26,6,3,0,0,0,0,0_0,1_2
1,2,2,55,8,3,0,0,0,0,0_0,-1_-1
2,3,1,25,5,3,0,0,0,0,0_0,-1_-1
1,1,2,50,8,3,0,0,0,1,0_0,-1_-1
1,2,2,79,11,3,0,0,0,1,0_0,-1_-1
1,1,1,66,10,3,0,0,0,0,0_0,1_7
2,2,1,16,4,3,0,0,0,0,0_0,1_2
2,1,1,24,5,3,0,0,0,1,10_9,1_1
2,1,2,33,6,3,0,0,0,0,0_0,1_5
1,1,2,28,6,3,0,0,0,1,1_9,1_3
1,1,1,16,4,3,0,0,0,0,0_0,1_2
1,1,1,50,8,2,0,0,0,1,1_1,1_3
1,1,1,51,8,2,0,0,0,1,6_9,1_5
1,1,1,30,6,2,0,0,0,0,0_0,1_5
1,1,1,28,6,3,0,0,0,0,0_0,1_6
1,1,2,42,7,3,0,0,0,0,0_0,1_2
2,1,1,29,6,3,0,0,0,0,0_0,1_1
2,1,2,35,6,3,0,0,0,1,9_9,1_2
1,1,1,27,6,3,0,0,0,1,1_9,1_2
1,1,1,37,7,3,0,0,0,0,0_0,1_9
1,1,1,31,6,2,0,0,0,0,0_0,1_5
2,1,1,35,6,3,0,0,0,0,0_0,1_3
1,1,1,74,10,3,0,0,0,1,5_1,2_10
1,1,2,11,3,2,0,0,0,1,1_3,1_2
3,1,1,20,4,3,0,0,0,0,0_0,1_5
2,1,2,22,5,3,0,0,0,0,0_0,3_6
2,1,2,20,4,3,0,0,0,0,0_0,1_6
2,1,1,27,6,2,0,0,0,0,0_0,1_9
1,1,2,7,2,3,0,0,0,1,5_2,1_2
2,1,1,50,8,3,0,0,0,0,0_0,1_3
2,1,1,40,7,3,0,0,0,0,0_0,1_7
3,2,2,43,7,3,0,0,0,0,0_0,3_5
1,1,1,14,3,3,0,0,0,1,5_1,1_4
1,1,1,13,3,3,0,0,0,0,0_0,1_1
1,1,1,30,6,3,0,0,0,1,5_3,-1_-1
1,1,1,33,6,3,0,0,0,0,0_0,1_9
1,1,1,17,4,3,0,0,0,1,5_3,1_2
2,1,1,31,6,3,0,0,0,0,0_0,1_2
2,1,2,31,6,3,0,0,0,0,0_0,1_1
1,1,1,13,3,2,0,0,0,1,6_9,1_2
2,1,1,16,4,3,0,0,0,0,0_0,1_1
2,1,1,58,9,3,0,0,0,0,0_0,1_3
1,1,1,60,9,3,0,0,0,1,5_1,1_9
3,1,2,59,9,3,0,0,0,0,0_0,2_9
1,1,2,70,10,2,0,0,0,0,0_0,-1_-1
2,2,2,31,6,2,0,0,0,0,0_0,-1_-1
2,2,1,41,7,3,0,0,0,1,0_0,1_3
1,2,1,34,6,2,0,0,0,0,0_0,2_9
1,1,2,13,3,2,0,0,0,0,0_0,1_1
1,2,2,13,3,2,0,0,0,1,0_0,1_2
2,1,1,42,7,3,0,0,0,0,0_0,1_8
2,1,1,35,6,2,0,0,0,0,0_0,1_6
2,1,1,49,8,2,0,0,0,0,0_0,2_2
1,1,1,32,6,3,0,0,0,0,0_0,1_4
1,1,2,68,10,3,0,0,0,0,0_0,1_8
3,2,2,55,8,3,0,0,0,0,0_0,2_7
2,1,1,60,9,2,0,0,0,0,0_0,1_8
3,2,2,45,7,3,0,0,0,0,0_0,1_3
1,2,1,55,8,1,0,0,0,0,0_0,1_5
2,1,1,57,9,3,0,0,0,0,0_0,1_4
1,1,2,31,6,3,0,0,0,0,0_0,1_10
2,2,2,88,11,3,0,0,0,0,0_0,1_7
2,1,1,44,7,3,0,0,0,0,0_0,1_2
1,1,2,29,6,3,0,0,0,0,0_0,1_1
2,1,1,16,4,2,0,0,0,1,0_0,1_2
2,2,1,16,4,2,0,0,0,0,0_0,1_3
1,1,2,62,9,3,0,0,0,0,0_0,1_1
2,1,1,35,6,3,0,0,0,0,0_0,1_2
2,1,1,54,8,3,0,0,0,0,0_0,1_1
2,1,1,36,7,3,0,0,0,0,0_0,1_8
1,1,1,37,7,3,0,0,0,0,0_0,1_6
1,1,2,40,7,3,0,0,0,1,5_2,1_2
2,1,2,32,6,2,0,0,0,0,0_0,3_5
2,1,2,47,8,3,0,0,0,0,0_0,1_4
1,1,1,28,6,3,0,0,0,0,0_0,1_3
1,1,2,40,7,3,0,0,0,1,5_3,1_9
1,2,1,13,3,3,0,0,0,1,5_9,1_9
1,1,1,26,6,3,0,0,0,0,0_0,1_5
1,1,1,44,7,3,0,0,0,0,0_0,1_3
1,1,1,27,6,3,0,0,0,0,0_0,1_1
1,1,1,54,8,3,0,0,0,1,1_1,1_2
1,1,1,22,5,3,0,0,0,0,0_0,1_2
1,1,2,23,5,3,0,0,0,1,1_3,1_3
2,1,2,32,6,3,0,0,0,0,0_0,1_5
1,1,2,25,5,3,0,0,0,1,3_3,1_4
1,1,2,29,6,3,0,0,0,0,0_0,1_3
1,1,1,33,6,2,0,0,0,0,0_0,1_9
1,1,1,16,4,3,0,0,0,0,0_0,1_7
2,1,2,61,9,2,0,0,0,0,0_0,1_4
2,1,1,32,6,3,0,0,0,0,0_0,1_4
2,1,1,58,9,3,0,0,0,0,0_0,1_5
2,1,2,30,6,3,0,0,0,1,9_5,1_2
1,1,1,52,8,2,0,0,0,0,0_0,1_3
1,1,1,47,8,3,0,0,0,0,0_0,1_1
2,2,1,33,6,3,0,0,0,0,0_0,1_2
1,1,1,91,11,2,0,0,0,0,0_0,1_6
2,1,2,30,6,3,0,0,0,0,0_0,1_6
1,1,2,46,8,3,0,0,0,0,0_0,1_1
1,1,1,18,4,3,0,0,0,1,1_1,-1_-1
3,1,1,60,9,3,0,0,0,0,0_0,1_3
1,1,1,19,4,2,0,0,0,0,0_0,1_2
2,1,2,41,7,2,0,0,0,0,0_0,1_9
2,1,1,62,9,1,0,0,0,0,0_0,1_3
1,1,1,51,8,3,0,0,0,0,0_0,1_6
1,1,1,52,8,3,0,0,0,0,0_0,1_1
1,1,2,50,8,2,0,0,0,1,10_9,1_6
1,1,1,64,9,3,0,0,0,0,0_0,1_2
1,1,2,41,7,3,0,0,0,0,0_0,1_9
2,2,2,42,7,2,0,0,0,0,0_0,1_7
1,1,1,40,7,3,0,0,0,1,1_1,1_4
1,1,1,59,9,3,0,0,0,1,5_1,2_10
2,1,1,35,6,3,0,0,0,0,0_0,1_8
1,1,2,25,5,3,0,0,0,0,0_0,1_1
2,1,1,39,7,3,0,0,0,0,0_0,1_2
2,1,1,55,8,2,0,0,0,0,0_0,1_2
1,1,2,11,3,3,0,0,0,0,0_0,1_5
2,1,1,18,4,3,0,0,0,0,0_0,1_9
1,1,2,29,6,3,0,0,0,1,10_9,1_9
2,2,1,45,7,3,0,0,0,0,0_0,-1_-1
1,1,1,41,7,3,0,0,0,0,0_0,1_3
2,1,2,32,6,2,0,0,0,0,0_0,1_2
1,1,1,23,5,3,0,0,0,1,9_5,1_2
1,1,1,48,8,3,0,0,0,0,0_0,-1_-1
1,1,2,50,8,3,0,0,0,0,0_0,1_4
2,2,2,42,7,3,0,0,0,0,0_0,1_4
3,3,2,50,8,3,0,0,0,0,0_0,1_4
2,1,1,48,8,3,0,0,0,0,0_0,1_3
2,1,1,49,8,2,0,0,0,0,0_0,1_2
1,1,1,27,6,3,0,0,0,0,0_0,1_4
1,1,1,47,8,3,0,0,0,1,6_9,1_8
1,1,1,61,9,2,0,0,0,1,1_3,1_5
1,1,1,42,7,2,0,0,0,0,0_0,1_5
2,3,2,46,8,3,0,0,0,0,0_0,1_4
3,1,1,19,4,3,0,0,0,0,0_0,2_6
2,1,1,59,9,3,0,0,0,0,0_0,-1_-1
1,2,2,33,6,3,0,0,0,0,0_0,1_3
2,1,2,62,9,3,0,0,0,1,0_0,1_5
2,1,1,43,7,3,0,0,0,0,0_0,1_7
1,1,1,69,10,3,0,0,0,0,0_0,2_8
2,2,2,30,6,3,0,0,0,0,0_0,1_10
1,1,1,39,7,2,0,0,0,0,0_0,1_2
2,1,2,54,8,3,0,0,0,0,0_0,2_7
1,1,2,29,6,3,0,0,0,0,0_0,1_6
1,1,2,24,5,2,0,0,0,0,0_0,1_3
2,1,2,45,7,3,0,0,0,0,0_0,1_5
2,1,1,45,7,3,0,0,0,0,0_0,1_1
1,1,1,38,7,2,0,0,0,0,0_0,1_7
2,1,2,44,7,3,0,0,0,0,0_0,1_2
1,1,1,84,11,2,0,0,0,0,0_0,1_8
1,1,1,50,8,3,0,0,0,1,5_9,1_2
2,2,1,40,7,3,0,0,0,0,0_0,1_7
1,1,1,50,8,3,0,0,0,0,0_0,1_6
2,1,1,48,8,3,0,0,0,0,0_0,1_6
1,1,1,22,5,3,0,0,0,0,0_0,1_8
2,1,1,33,6,3,0,0,0,0,0_0,1_3
1,1,2,24,5,3,0,0,0,0,0_0,1_4
1,1,1,44,7,3,0,0,0,0,0_0,1_5
1,1,1,45,7,2,0,0,0,0,0_0,1_9
1,1,1,2,1,3,0,0,0,1,9_5,1_3
2,1,2,9,2,3,0,0,0,1,0_0,1_7
1,1,2,12,3,3,0,0,0,1,5_1,1_2
1,2,1,15,3,3,0,0,0,1,5_1,1_2
2,1,1,43,7,2,0,0,0,0,0_0,1_7
2,1,1,37,7,3,0,0,0,0,0_0,1_9
1,1,1,38,7,3,0,0,0,0,0_0,3_9
2,2,1,43,7,2,0,0,0,0,0_0,1_6
2,1,1,51,8,3,0,0,0,0,0_0,1_3
1,1,1,44,7,2,0,0,0,0,0_0,1_1
2,2,1,61,9,3,0,0,0,0,0_0,1_9
1,1,1,36,7,3,0,0,0,0,0_0,-1_-1
2,1,1,34,6,3,0,0,0,0,0_0,-1_-1
1,1,1,71,10,3,0,0,0,1,5_3,1_7
1,1,1,59,9,3,0,0,0,1,5_3,1_1
1,1,1,51,8,3,0,0,0,0,0_0,1_4
2,1,1,56,9,3,0,0,0,0,0_0,1_6
1,1,1,32,6,2,0,0,0,1,5_9,1_3
1,1,1,57,9,2,0,0,0,1,5_3,1_7
2,1,1,56,9,3,0,0,0,0,0_0,2_8
1,1,2,67,10,2,0,0,0,1,5_1,1_1
1,1,1,30,6,3,0,0,0,0,0_0,1_8
2,2,1,53,8,3,0,0,0,0,0_0,-1_-1
1,1,2,76,11,3,0,0,0,1,5_3,1_4
1,1,1,21,5,3,0,0,0,1,5_1,1_1
2,1,2,28,6,2,0,0,0,0,0_0,1_5
1,1,2,60,9,3,0,0,0,0,0_0,1_2
2,1,2,75,10,3,0,0,0,0,0_0,1_1
2,1,2,29,6,3,0,0,0,0,0_0,1_6
2,1,2,61,9,3,0,0,0,0,0_0,1_2
1,1,1,13,3,3,0,0,0,1,1_3,3_7
1,1,1,42,7,2,0,0,0,0,0_0,1_9
1,1,2,33,6,3,0,0,0,0,0_0,1_9
2,1,2,45,7,3,0,0,0,0,0_0,1_6
2,1,1,40,7,3,0,0,0,0,0_0,2_2
1,1,2,62,9,3,0,0,0,0,0_0,1_3
2,1,1,24,5,2,0,0,0,0,0_0,1_5
2,1,2,45,7,3,0,0,0,0,0_0,-1_-1
2,1,1,27,6,3,0,0,0,0,0_0,3_9
1,1,2,12,3,2,0,0,0,1,10_9,3_8
2,1,1,22,5,3,0,0,0,0,0_0,1_5
1,1,1,64,9,3,0,0,0,0,0_0,1_6
1,1,2,29,6,3,0,0,0,0,0_0,3_9
2,2,1,50,8,3,0,0,0,0,0_0,1_6
1,1,1,11,3,2,0,0,0,1,9_9,1_7
2,1,2,45,7,3,0,0,0,0,0_0,1_2
2,1,2,72,10,3,0,0,0,0,0_0,1_7
2,1,1,33,6,3,0,0,0,0,0_0,1_7
2,2,1,51,8,3,0,0,0,0,0_0,1_7
3,3,2,41,7,3,0,0,0,0,0_0,1_4
3,1,1,19,4,3,0,0,0,0,0_0,1_4
1,1,2,57,9,3,0,0,0,1,8_1,1_2
2,1,1,15,3,3,0,0,0,0,0_0,1_5
1,1,2,15,3,3,0,0,0,1,5_1,2_8
1,1,2,66,10,3,0,0,0,0,0_0,2_8
2,1,1,23,5,2,0,0,0,0,0_0,2_2
1,1,2,29,6,3,0,0,0,1,6_9,1_1
2,1,1,55,8,2,0,0,0,0,0_0,1_9
2,1,2,68,10,3,0,0,0,0,0_0,2_7
1,1,2,32,6,3,0,0,0,1,9_5,1_3
1,1,2,12,3,3,0,0,0,1,0_0,-1_-1
1,1,1,44,7,3,0,0,0,1,9_9,-1_-1
1,1,1,16,4,2,0,0,0,0,0_0,1_3
1,2,1,13,3,2,0,0,0,1,0_0,1_1
1,1,2,23,5,3,0,0,0,1,5_1,1_3
1,1,1,15,3,2,0,0,0,1,5_1,1_3
1,1,2,69,10,3,0,0,0,1,8_7,2_2
1,2,2,68,10,3,0,0,0,1,8_7,1_2
1,1,2,15,3,3,0,0,0,1,9_9,1_3
1,1,1,65,9,2,0,0,0,0,0_0,1_10
1,1,1,25,5,3,0,0,0,0,0_0,1_2
2,2,1,20,4,3,0,0,0,0,0_0,1_2
2,1,1,50,8,3,0,0,0,0,0_0,1_7
1,1,1,48,8,3,0,0,0,0,0_0,1_2
2,1,1,23,5,2,0,0,0,0,0_0,1_10
1,1,1,49,8,3,0,0,0,0,0_0,2_2
2,2,2,60,9,2,0,0,0,0,0_0,3_2
2,1,2,21,5,3,0,0,0,0,0_0,1_2
2,1,2,17,4,3,0,0,0,0,0_0,1_2
1,1,2,62,9,3,0,0,0,0,0_0,1_8
2,2,2,31,6,3,0,0,0,0,0_0,2_4
1,1,1,24,5,3,0,0,0,0,0_0,1_5
2,1,2,35,6,3,0,0,0,0,0_0,-1_-1
2,1,1,59,9,2,0,0,0,0,0_0,1_8
2,1,2,34,6,3,0,0,0,0,0_0,1_3
2,2,2,30,6,3,0,0,0,1,0_0,1_2
2,1,1,58,9,3,0,0,0,0,0_0,2_9
2,1,1,31,6,2,0,0,0,0,0_0,1_7
1,2,1,41,7,3,0,0,0,0,0_0,2_2
1,1,1,82,11,3,0,0,0,0,0_0,1_5
2,1,1,26,6,3,0,0,0,0,0_0,3_6
1,1,1,48,8,2,0,0,0,0,0_0,1_2
2,2,2,25,5,3,0,0,0,0,0_0,3_9
1,1,1,73,10,3,0,0,0,0,0_0,1_1
2,1,1,48,8,3,0,0,0,0,0_0,3_9
2,1,1,57,9,2,0,0,0,0,0_0,1_1
1,1,1,18,4,2,0,0,0,0,0_0,1_2
2,2,2,26,6,3,0,0,0,0,0_0,1_3
1,1,1,51,8,3,0,0,0,1,5_3,3_5
2,1,1,24,5,2,0,0,0,0,0_0,1_9
2,1,1,51,8,3,0,0,0,0,0_0,1_9
1,1,1,9,2,3,0,0,0,0,0_0,3_4
1,1,1,44,7,1,0,0,0,0,0_0,3_6
1,2,1,32,6,3,0,0,0,1,0_0,1_2
1,2,1,22,5,3,0,0,0,0,0_0,2_4
1,1,2,13,3,2,0,0,0,1,5_1,1_8
2,1,2,46,8,2,0,0,0,0,0_0,2_4
1,1,1,75,10,2,0,0,0,0,0_0,1_2
2,1,1,42,7,3,0,0,0,1,0_0,2_4
2,1,1,57,9,3,0,0,0,0,0_0,2_8
2,1,1,30,6,3,0,0,0,0,0_0,-1_-1
1,1,1,56,9,2,0,0,0,0,0_0,3_8
2,2,1,40,7,3,0,0,0,0,0_0,1_8
1,1,2,70,10,3,0,0,0,0,0_0,2_5
1,1,1,83,11,2,0,0,0,0,0_0,2_9
2,1,1,76,11,3,0,0,0,0,0_0,1_10
2,1,1,33,6,3,0,0,0,0,0_0,3_8
1,1,2,13,3,3,0,0,0,1,5_1,1_3
1,1,2,35,6,3,0,0,0,0,0_0,1_5
1,1,1,73,10,2,0,0,0,0,0_0,3_8
1,1,1,52,8,3,0,0,0,0,0_0,1_7
1,1,2,19,4,3,0,0,0,0,0_0,2_6
2,1,1,27,6,3,0,0,0,0,0_0,2_8
1,1,1,54,8,2,0,0,0,1,5_1,1_8
2,1,2,27,6,3,0,0,0,0,0_0,1_4
1,1,1,29,6,3,0,0,0,0,0_0,1_1
1,1,1,34,6,3,0,0,0,1,9_5,1_4
1,1,2,28,6,3,0,0,0,0,0_0,1_5
2,1,1,25,5,3,0,0,0,0,0_0,1_3
1,1,2,17,4,3,0,0,0,1,1_1,1_1
1,1,1,48,8,3,0,0,0,0,0_0,1_6
1,1,1,38,7,2,0,0,0,1,5_3,1_8
1,1,1,93,11,3,0,0,0,1,1_1,1_5
1,1,2,35,6,3,0,0,0,1,5_1,1_8
1,1,2,59,9,3,0,0,0,0,0_0,1_5
1,1,2,45,7,3,0,0,0,0,0_0,1_5
1,1,1,56,9,3,0,0,0,1,5_3,1_2
1,1,1,47,8,3,0,0,0,0,0_0,1_5
2,1,2,40,7,2,0,0,0,0,0_0,1_2
1,1,1,50,8,3,0,0,0,0,0_0,1_10
2,1,1,30,6,3,0,0,0,0,0_0,1_5
1,1,2,11,3,3,0,0,0,1,2_1,1_3
1,1,1,47,8,3,0,0,0,1,4_2,1_3
2,1,1,22,5,2,0,0,0,0,0_0,1_2
3,2,1,29,6,3,0,0,0,0,0_0,1_3
1,1,1,14,3,2,0,0,0,1,5_2,-1_-1
1,1,1,4,1,3,0,0,0,1,5_4,1_2
2,1,1,44,7,3,0,0,0,0,0_0,1_3
2,1,1,59,9,3,0,0,0,0,0_0,1_8
2,1,2,63,9,3,0,0,0,0,0_0,1_5
1,1,1,54,8,2,0,0,0,1,0_0,1_1
2,1,1,29,6,3,0,0,0,0,0_0,1_4
1,1,1,49,8,3,0,0,0,1,5_1,1_9
1,1,2,58,9,3,0,0,0,0,0_0,-1_-1
2,1,2,41,7,3,0,0,0,0,0_0,3_6
2,1,2,66,10,3,0,0,0,0,0_0,1_9
2,1,1,24,5,2,0,0,0,0,0_0,1_6
2,1,1,16,4,3,0,0,0,0,0_0,1_8
2,1,1,26,6,2,0,0,0,0,0_0,1_1
2,1,1,37,7,3,0,0,0,0,0_0,1_1
2,1,1,69,10,2,0,0,0,0,0_0,1_8
1,1,1,60,9,2,0,0,0,0,0_0,1_3
2,1,2,54,8,3,0,0,0,0,0_0,1_1
1,1,2,52,8,3,0,0,0,0,0_0,1_10
1,3,1,43,7,3,0,0,0,0,0_0,1_1
2,1,2,21,5,3,0,0,0,0,0_0,1_10
1,1,1,23,5,3,0,0,0,1,1_1,-1_-1
1,1,1,42,7,3,0,0,0,1,6_9,1_7
2,1,1,22,5,3,0,0,0,0,0_0,1_7
1,1,2,47,8,3,0,0,0,1,10_9,1_7
1,1,1,54,8,3,0,0,0,0,0_0,2_10
2,2,2,62,9,3,0,0,0,0,0_0,3_8
1,1,1,85,11,3,0,0,0,0,0_0,1_3
1,1,2,60,9,2,0,0,0,1,10_7,1_2
2,1,2,32,6,3,0,0,0,0,0_0,-1_-1
1,1,1,51,8,2,0,0,0,0,0_0,1_1
1,1,2,12,3,2,0,0,0,1,5_3,3_7
1,1,1,53,8,3,0,0,0,1,8_3,1_3
1,2,1,66,10,2,0,0,0,0,0_0,1_8
1,1,1,12,3,3,0,0,0,1,10_1,1_1
2,1,2,45,7,3,0,0,0,0,0_0,1_3
1,1,1,7,2,3,0,0,0,1,10_1,1_4
1,1,2,51,8,3,0,0,0,0,0_0,3_6
2,1,1,40,7,3,0,0,0,0,0_0,2_7
1,1,1,14,3,3,0,0,0,1,8_7,1_1
2,1,2,23,5,3,0,0,0,0,0_0,1_4
2,1,2,49,8,3,0,0,0,0,0_0,2_6
1,1,1,18,4,2,0,0,0,0,0_0,1_1
1,1,2,14,3,2,0,0,0,1,5_1,1_2
2,1,2,63,9,2,0,0,0,0,0_0,1_4
1,1,1,6,2,3,0,0,0,1,5_3,-1_-1
1,1,1,23,5,2,0,0,0,0,0_0,-1_-1
1,1,1,18,4,3,0,0,0,1,0_0,1_3
2,1,2,53,8,3,0,0,0,0,0_0,3_4
2,1,1,42,7,3,0,0,0,0,0_0,2_8
1,1,2,24,5,3,0,0,0,1,6_5,2_5
1,1,2,15,3,2,0,0,0,0,0_0,1_9
1,1,2,20,4,2,0,0,0,0,0_0,1_5
2,2,2,72,10,3,0,0,0,0,0_0,1_4
2,1,1,24,5,3,0,0,0,0,0_0,3_10
1,1,1,58,9,3,0,0,0,1,8_1,1_6
1,1,2,26,6,2,0,0,0,1,1_3,1_8
1,2,2,38,7,3,0,0,0,1,1_3,1_8
1,3,1,32,6,3,0,0,0,1,1_1,1_2
1,1,1,21,5,3,0,0,0,0,0_0,3_7
1,1,2,12,3,3,0,0,0,1,5_1,1_3
1,1,1,54,8,3,0,0,0,0,0_0,1_7
2,1,1,32,6,2,0,0,0,0,0_0,1_4
1,1,2,34,6,3,0,0,0,0,0_0,1_2
1,1,2,4,1,3,0,0,0,1,1_3,1_8
1,1,1,42,7,3,0,0,0,1,9_9,1_2
1,1,1,40,7,3,0,0,0,0,0_0,1_6
2,2,1,20,4,3,0,0,0,0,0_0,1_5
1,1,1,41,7,3,0,0,0,0,0_0,1_6
1,1,1,16,4,3,0,0,0,0,0_0,1_5
1,1,2,25,5,3,0,0,0,0,0_0,1_6
2,1,2,25,5,3,0,0,0,0,0_0,1_6
1,1,2,22,5,3,0,0,0,0,0_0,1_4
1,1,1,54,8,3,0,0,0,0,0_0,1_4
1,1,1,39,7,3,0,0,0,0,0_0,1_2
2,1,2,53,8,2,0,0,0,0,0_0,1_5
1,1,2,44,7,3,0,0,0,1,5_1,1_6
2,1,1,26,6,3,0,0,0,0,0_0,1_5
1,1,1,21,5,3,0,0,0,0,0_0,2_5
1,1,2,77,11,2,0,0,0,1,5_2,1_4
2,1,1,18,4,3,0,0,0,1,0_0,1_2
1,1,1,25,5,2,0,0,0,1,5_1,-1_-1
2,1,2,51,8,2,0,0,0,0,0_0,1_6
1,1,2,41,7,1,0,0,0,1,1_9,-1_-1
1,1,1,62,9,3,0,0,0,1,6_9,1_6
2,1,1,40,7,2,0,0,0,0,0_0,1_7
2,3,2,30,6,3,0,0,0,0,0_0,1_10
1,1,2,11,3,3,0,0,0,1,5_1,1_3
1,1,2,35,6,3,0,0,0,1,5_9,1_2
1,1,1,37,7,2,0,0,0,1,10_9,1_3
1,1,2,62,9,3,0,0,0,0,0_0,1_7
1,1,2,39,7,3,0,0,0,0,0_0,-1_-1
1,1,1,26,6,3,0,0,0,0,0_0,1_3
1,1,2,23,5,3,0,0,0,1,6_9,-1_-1
1,1,1,45,7,3,0,0,0,1,9_5,1_7
1,1,1,20,4,3,0,0,0,0,0_0,1_1
1,1,1,30,6,2,0,0,0,1,8_7,1_6
1,1,2,35,6,2,0,0,0,1,5_9,1_4
1,1,1,47,8,3,0,0,0,0,0_0,1_9
1,1,1,27,6,2,0,0,0,0,0_0,1_9
1,1,2,5,1,3,0,0,0,1,1_3,1_3
2,1,1,34,6,3,0,0,0,0,0_0,1_4
1,1,1,15,3,2,0,0,0,1,4_3,1_2
2,1,1,34,6,3,0,0,0,0,0_0,1_3
2,2,1,68,10,3,0,0,0,0,0_0,1_3
1,1,2,46,8,3,0,0,0,0,0_0,1_10
1,1,2,80,11,3,0,0,0,1,5_1,1_6
1,1,2,36,7,3,0,0,0,1,5_9,1_8
2,1,1,43,7,2,0,0,0,0,0_0,1_9
1,1,1,49,8,3,0,0,0,0,0_0,1_3
1,1,1,43,7,3,0,0,0,0,0_0,-1_-1
1,1,2,52,8,3,0,0,0,0,0_0,1_6
1,1,1,20,4,3,0,0,0,1,6_9,-1_-1
3,1,1,56,9,3,0,0,0,0,0_0,1_3
2,1,2,54,8,3,0,0,0,0,0_0,1_3
2,1,1,36,7,2,0,0,0,0,0_0,1_2
1,1,1,4,1,3,0,0,0,1,5_3,1_6
2,1,1,34,6,2,0,0,0,0,0_0,1_2
2,2,2,59,9,3,0,0,0,0,0_0,1_3
2,2,2,26,6,3,0,0,0,0,0_0,1_2
1,1,1,44,7,3,0,0,0,1,1_1,1_2
1,1,2,70,10,2,0,0,0,1,5_1,1_4
1,1,2,44,7,3,0,0,0,0,0_0,1_3
1,1,1,22,5,3,0,0,0,0,0_0,-1_-1
1,1,2,56,9,3,0,0,0,0,0_0,1_6
1,1,2,43,7,3,0,0,0,0,0_0,1_4
1,1,1,54,8,3,0,0,0,0,0_0,1_9
2,1,1,20,4,2,0,0,0,0,0_0,1_1
2,1,1,55,8,2,0,0,0,0,0_0,1_5
1,1,1,54,8,3,0,0,0,0,0_0,1_2
1,1,1,37,7,2,0,0,0,0,0_0,1_3
1,1,1,31,6,2,0,0,0,0,0_0,1_9
1,1,1,65,9,2,0,0,0,0,0_0,1_2
1,1,1,41,7,3,0,0,0,0,0_0,1_9
2,1,1,17,4,2,0,0,0,0,0_0,1_3
1,1,2,19,4,3,0,0,0,1,1_1,1_3
1,1,2,24,5,3,0,0,0,1,6_9,1_2
1,1,1,33,6,3,0,0,0,1,5_3,1_2
1,1,1,86,11,2,0,0,0,0,0_0,1_4
1,1,1,32,6,3,0,0,0,0,0_0,1_6
1,1,1,43,7,3,0,0,0,0,0_0,1_10
2,2,2,48,8,3,0,0,0,0,0_0,1_2
1,1,2,60,9,3,0,0,0,1,1_1,1_6
1,1,1,38,7,2,0,0,0,0,0_0,1_1
1,1,1,21,5,2,0,0,0,1,10_9,1_2
2,1,1,40,7,3,0,0,0,0,0_0,1_9
1,1,1,47,8,3,0,0,0,0,0_0,1_3
1,1,1,31,6,3,0,0,0,1,10_9,1_2
1,1,2,47,8,3,0,0,0,0,0_0,1_2
1,1,1,26,6,2,0,0,0,0,0_0,1_5
1,1,1,63,9,3,0,0,0,1,5_3,1_3
1,1,1,3,1,3,0,0,0,1,6_9,-1_-1
1,1,1,35,6,2,0,0,0,0,0_0,1_5
1,1,1,33,6,3,0,0,0,0,0_0,1_4
1,2,1,29,6,3,0,0,0,1,0_0,-1_-1
1,1,1,11,3,3,0,0,0,1,10_9,1_4
1,1,1,13,3,2,0,0,0,1,5_4,1_1
1,1,1,61,9,3,0,0,0,0,0_0,3_5
2,1,2,62,9,3,0,0,0,0,0_0,3_7
1,1,1,68,10,1,0,0,0,0,0_0,2_5
2,1,1,47,8,3,0,0,0,0,0_0,1_7
3,3,1,21,5,3,0,0,0,0,0_0,-1_-1
1,1,2,15,3,3,0,0,0,1,8_3,1_8
1,1,1,14,3,3,0,0,0,1,5_2,1_6
1,1,2,46,8,3,0,0,0,0,0_0,1_5
2,1,1,48,8,3,0,0,0,0,0_0,2_8
1,1,1,36,7,3,0,0,0,1,6_9,1_8
1,1,2,56,9,3,0,0,0,0,0_0,1_2
1,1,2,17,4,3,0,0,0,1,5_4,1_3
1,1,2,15,3,2,0,0,0,1,1_1,1_1
1,1,2,11,3,3,0,0,0,1,5_4,1_9
1,1,1,62,9,2,0,0,0,0,0_0,1_9
1,1,2,44,7,3,0,0,0,0,0_0,1_4
1,1,2,20,4,3,0,0,0,0,0_0,1_3
1,1,1,18,4,2,0,0,0,0,0_0,2_2
1,1,1,3,1,3,0,0,0,1,5_1,1_9
1,1,2,38,7,3,0,0,0,0,0_0,1_8
2,2,1,63,9,3,0,0,0,0,0_0,1_3
1,1,1,43,7,2,0,0,0,1,1_1,1_1
2,1,2,36,7,2,0,0,0,0,0_0,1_2
1,1,1,28,6,3,0,0,0,0,0_0,-1_-1
1,1,1,11,3,3,0,0,0,1,8_2,1_10
1,1,1,39,7,2,0,0,0,0,0_0,1_1
1,1,1,57,9,2,0,0,0,0,0_0,1_2
2,2,2,33,6,2,0,0,0,0,0_0,1_3
1,1,2,21,5,3,0,0,0,1,1_1,1_2
1,2,1,22,5,3,0,0,0,1,1_1,1_2
2,1,2,43,7,2,0,0,0,0,0_0,1_2
1,1,2,54,8,3,0,0,0,0,0_0,2_8
2,1,1,62,9,3,0,0,0,0,0_0,1_1
2,1,1,16,4,3,0,0,0,0,0_0,-1_-1
1,1,1,58,9,3,0,0,0,0,0_0,3_5
2,1,1,17,4,3,0,0,0,0,0_0,2_8
2,1,2,41,7,3,0,0,0,0,0_0,1_4
2,1,2,56,9,3,0,0,0,0,0_0,1_10
1,1,2,26,6,3,0,0,0,0,0_0,2_10
2,2,1,45,7,3,0,0,0,0,0_0,1_4
2,1,1,50,8,3,0,0,0,0,0_0,1_4
2,2,2,14,3,3,0,0,0,1,0_0,1_4
2,1,2,43,7,3,0,0,0,0,0_0,1_2
2,1,1,38,7,3,0,0,0,0,0_0,1_2
1,1,1,90,11,3,0,0,0,1,5_1,1_2
2,1,1,30,6,3,0,0,0,0,0_0,1_2
2,1,1,47,8,3,0,0,0,0,0_0,1_2
2,1,1,20,4,1,0,0,0,0,0_0,-1_-1
2,2,1,21,5,1,0,0,0,1,0_0,1_6
2,1,1,62,9,3,0,0,0,0,0_0,1_5
2,1,1,47,8,3,0,0,0,0,0_0,3_8
1,1,2,59,9,3,0,0,0,0,0_0,1_4
2,1,2,22,5,3,0,0,0,0,0_0,1_2
2,1,2,32,6,2,0,0,0,0,0_0,1_1
1,1,1,52,8,1,0,0,0,1,1_1,1_6
1,1,1,34,6,2,0,0,0,0,0_0,1_7
1,1,1,44,7,3,0,0,0,1,1_3,1_2
2,1,2,21,5,3,0,0,0,0,0_0,1_3
2,2,2,74,10,2,0,0,0,0,0_0,1_7
1,1,2,33,6,3,0,0,0,0,0_0,1_2
1,1,2,31,6,3,0,0,0,0,0_0,3_-1
1,1,1,58,9,2,0,0,0,0,0_0,3_6
1,1,2,23,5,3,0,0,0,0,0_0,1_4
1,1,1,64,9,3,0,0,0,1,5_1,2_9
1,1,1,16,4,3,0,0,0,0,0_0,1_9
1,1,1,59,9,3,0,0,0,0,0_0,2_10
3,2,1,33,6,3,0,0,0,0,0_0,1_8
1,1,1,54,8,3,0,0,0,1,5_1,1_5
1,1,1,24,5,3,0,0,0,0,0_0,1_10
2,2,1,61,9,3,0,0,0,0,0_0,1_7
2,1,1,25,5,3,0,0,0,0,0_0,1_5
1,1,1,84,11,3,0,0,0,0,0_0,-1_-1
2,2,1,79,11,3,0,0,0,0,0_0,1_10
1,1,1,24,5,1,0,0,0,0,0_0,1_10
2,1,1,72,10,3,0,0,0,0,0_0,1_6
2,1,1,45,7,3,0,0,0,0,0_0,2_7
2,2,2,22,5,3,0,0,0,0,0_0,2_7
1,1,1,59,9,3,0,0,0,0,0_0,1_1
1,1,1,13,3,3,0,0,0,1,5_1,2_8
1,1,1,32,6,3,0,0,0,1,9_8,1_8
1,1,1,36,7,3,0,0,0,1,4_4,1_8
1,1,2,35,6,3,0,0,0,0,0_0,2_10
1,1,1,60,9,3,0,0,0,0,0_0,1_6
1,1,2,31,6,3,0,0,0,0,0_0,1_1
1,1,2,48,8,3,0,0,0,0,0_0,3_5
1,1,1,6,2,3,0,0,0,1,6_9,1_4
1,1,1,13,3,2,0,0,0,1,1_1,1_4
2,1,1,28,6,3,0,0,0,0,0_0,1_4
1,1,1,2,1,3,0,0,0,1,10_9,1_3
1,1,2,46,8,3,0,0,0,0,0_0,1_3
3,1,1,34,6,2,0,0,0,1,0_0,1_5
2,1,1,50,8,3,0,0,0,0,0_0,1_2
2,1,2,35,6,3,0,0,0,0,0_0,1_8
1,1,1,28,6,2,0,0,0,0,0_0,1_2
1,1,2,53,8,3,0,0,0,1,10_9,1_3
1,2,1,82,11,1,0,0,0,1,1_1,1_5
1,1,1,41,7,3,0,0,0,0,0_0,1_4
1,1,1,79,11,3,0,0,0,0,0_0,1_4
1,1,2,27,6,3,0,0,0,0,0_0,1_4
2,2,1,54,8,3,0,0,0,0,0_0,1_7
2,1,2,27,6,2,0,0,0,0,0_0,1_2
2,1,1,39,7,2,0,0,0,0,0_0,1_4
2,1,1,25,5,3,0,0,0,0,0_0,-1_-1
2,2,1,30,6,3,0,0,0,1,0_0,-1_-1
2,1,2,35,6,2,0,0,0,0,0_0,1_3
1,1,2,12,3,2,0,0,0,1,5_1,-1_-1
1,1,1,29,6,2,0,0,0,0,0_0,-1_-1
2,2,1,21,5,3,0,0,0,0,0_0,1_4
2,1,1,53,8,3,0,0,0,0,0_0,1_2
1,1,1,17,4,2,0,0,0,0,0_0,-1_-1
1,1,1,61,9,2,0,0,0,1,10_9,-1_-1
1,1,1,24,5,3,0,0,0,0,0_0,1_4
2,1,1,72,10,3,0,0,0,0,0_0,-1_-1
2,1,1,15,3,2,0,0,0,0,0_0,1_8
1,1,2,39,7,2,0,0,0,0,0_0,1_8
2,1,2,37,7,3,0,0,0,0,0_0,1_2
1,1,2,44,7,3,0,0,0,1,1_3,-1_-1
1,1,2,54,8,3,0,0,0,0,0_0,1_3
2,2,2,10,2,3,0,0,0,0,0_0,1_3
1,1,1,13,3,3,0,0,0,1,1_1,1_1
2,1,2,40,7,3,0,0,0,0,0_0,1_2
2,1,1,48,8,3,0,0,0,0,0_0,-1_-1
1,1,1,29,6,2,0,0,0,1,9_7,1_6
1,1,1,18,4,2,0,0,0,0,0_0,1_3
1,1,2,54,8,3,0,0,0,0,0_0,1_2
2,2,2,32,6,3,0,0,0,0,0_0,-1_-1
1,1,2,81,11,3,0,0,0,1,5_1,1_7
1,1,2,82,11,1,0,0,0,0,0_0,1_7
2,1,1,10,2,3,0,0,0,0,0_0,1_3
1,1,1,62,9,3,0,0,0,1,8_1,-1_-1
1,2,1,30,6,2,0,0,0,0,0_0,1_3
1,1,1,54,8,3,0,0,0,1,4_3,1_3
1,1,2,60,9,3,0,0,0,1,10_9,1_3
2,1,1,49,8,2,0,0,0,0,0_0,1_4
1,1,1,23,5,3,0,0,0,0,0_0,1_4
1,2,1,16,4,3,0,0,0,1,4_1,1_3
1,1,2,58,9,3,0,0,0,0,0_0,1_6
1,1,1,36,7,3,0,0,0,1,4_3,1_7
1,1,1,28,6,3,0,0,0,0,0_0,1_1
1,1,2,10,2,3,0,0,0,1,1_9,1_4
1,1,1,58,9,2,0,0,0,1,10_9,1_2
1,1,1,48,8,3,0,0,0,0,0_0,1_4
2,1,2,36,7,2,0,0,0,0,0_0,1_1
2,1,2,31,6,3,0,0,0,0,0_0,-1_-1
1,1,2,43,7,3,0,0,0,0,0_0,1_7
1,1,1,12,3,3,0,0,0,1,4_3,1_1
1,1,2,12,3,2,0,0,0,1,4_1,1_2
1,1,2,24,5,3,0,0,0,0,0_0,1_8
1,2,1,22,5,3,0,0,0,1,4_3,1_4
1,1,2,28,6,3,0,0,0,0,0_0,1_2
1,1,2,42,7,3,0,0,0,1,4_1,1_5
2,1,2,23,5,3,0,0,0,1,0_0,1_4
1,1,2,43,7,3,0,0,0,1,1_1,1_3
1,1,2,23,5,3,0,0,0,0,0_0,1_3
1,1,1,65,9,3,0,0,0,1,1_3,1_4
1,1,1,53,8,3,0,0,0,1,8_5,1_2
1,1,2,31,6,3,0,0,0,0,0_0,1_4
1,1,1,30,6,3,0,0,0,0,0_0,1_10
1,1,1,49,8,3,0,0,0,0,0_0,1_9
1,1,2,56,9,2,0,0,0,1,4_1,1_10
2,1,2,49,8,3,0,0,0,0,0_0,1_2
1,1,1,43,7,3,0,0,0,0,0_0,1_4
1,1,2,53,8,3,0,0,0,0,0_0,1_7
2,2,2,66,10,3,0,0,0,1,0_0,1_1
2,3,2,14,3,3,0,0,0,1,0_0,1_1
2,1,1,21,5,2,0,0,0,0,0_0,1_8
2,1,1,24,5,3,0,0,0,1,0_0,1_2
2,2,1,58,9,3,0,0,0,0,0_0,1_8
1,2,1,30,6,3,0,0,0,0,0_0,1_1
1,2,1,42,7,3,0,0,0,0,0_0,1_5
2,1,1,38,7,3,0,0,0,0,0_0,-1_-1
2,1,2,32,6,3,0,0,0,0,0_0,1_1
2,1,2,26,6,3,0,0,0,0,0_0,1_7
2,1,1,40,7,3,0,0,0,0,0_0,1_3
2,1,2,36,7,2,0,0,0,0,0_0,2_9
1,1,2,24,5,2,0,0,0,1,0_0,1_1
2,2,1,47,8,2,0,0,0,0,0_0,1_2
1,1,1,78,11,3,0,0,0,0,0_0,2_10
2,2,2,51,8,3,0,0,0,0,0_0,1_7
2,1,1,59,9,3,0,0,0,0,0_0,2_3
2,2,2,34,6,3,0,0,0,0,0_0,1_1
1,1,2,48,8,3,0,0,0,0,0_0,3_9
1,3,1,19,4,3,0,0,0,0,0_0,2_2
3,3,1,30,6,3,0,0,0,0,0_0,1_3
1,1,1,27,6,2,0,0,0,0,0_0,3_6
1,1,1,25,5,2,0,0,0,0,0_0,1_2
1,1,1,51,8,3,0,0,0,0,0_0,1_1
1,1,1,55,8,3,0,0,0,1,8_8,1_4
1,1,1,15,3,3,0,0,0,0,0_0,1_3
1,1,1,61,9,3,0,0,0,1,5_3,1_3
2,2,2,64,9,3,0,0,0,0,0_0,1_7
2,1,1,31,6,3,0,0,0,0,0_0,1_7
2,2,1,34,6,3,0,0,0,0,0_0,1_3
1,1,1,50,8,3,0,0,0,1,1_9,1_3
1,1,1,56,9,3,0,0,0,1,9_5,1_2
2,1,2,56,9,3,0,0,0,0,0_0,1_6
2,1,2,74,10,3,0,0,0,0,0_0,1_10
1,2,1,85,11,3,0,0,0,1,5_1,1_5
1,1,2,58,9,3,0,0,0,1,1_1,1_6
1,1,1,63,9,3,0,0,0,0,0_0,1_1
1,1,1,68,10,3,0,0,0,0,0_0,1_3
1,2,2,53,8,3,0,0,0,0,0_0,1_3
2,3,1,24,5,3,0,0,0,0,0_0,1_9
2,1,1,21,5,3,0,0,0,0,0_0,1_8
2,2,1,28,6,3,0,0,0,1,0_0,1_1
1,1,1,35,6,3,0,0,0,0,0_0,1_1
1,1,2,24,5,3,0,0,0,1,1_3,1_2
2,1,2,18,4,3,0,0,0,0,0_0,1_8
3,1,1,52,8,3,0,0,0,0,0_0,3_7
1,1,1,8,2,3,0,0,0,1,5_3,-1_-1
1,1,2,45,7,3,0,0,0,1,5_9,1_1
2,1,2,25,5,3,0,0,0,0,0_0,1_4
1,1,1,12,3,3,0,0,0,1,5_3,1_9
2,1,2,59,9,3,0,0,0,0,0_0,2_8
1,1,2,15,3,3,0,0,0,1,4_4,1_1
1,1,2,41,7,3,0,0,0,1,1_1,-1_-1
2,1,1,72,10,3,0,0,0,0,0_0,1_1
2,1,1,41,7,2,0,0,0,0,0_0,1_8
2,1,2,50,8,3,0,0,0,0,0_0,1_4
1,1,1,9,2,2,0,0,0,1,9_9,1_1
1,1,1,13,3,3,0,0,0,1,5_1,-1_-1
1,1,2,55,8,3,0,0,0,0,0_0,1_2
1,1,1,70,10,3,0,0,0,0,0_0,-1_-1
2,2,1,30,6,3,0,0,0,0,0_0,-1_-1
2,1,2,29,6,3,0,0,0,0,0_0,1_4
1,1,1,23,5,2,0,0,0,0,0_0,3_8
2,1,1,41,7,3,0,0,0,0,0_0,1_9
2,1,1,69,10,3,0,0,0,0,0_0,1_9
1,1,1,59,9,3,0,0,0,0,0_0,1_10
2,1,2,22,5,3,0,0,0,0,0_0,1_8
1,1,2,23,5,3,0,0,0,0,0_0,1_1
1,1,2,41,7,3,0,0,0,0,0_0,1_6
1,1,1,21,5,3,0,0,0,1,1_1,1_6
1,1,1,64,9,2,0,0,0,1,5_1,1_2
1,1,2,42,7,3,0,0,0,1,6_9,1_6
1,1,2,44,7,3,0,0,0,0,0_0,1_10
1,1,2,29,6,3,0,0,0,0,0_0,-1_-1
2,1,2,25,5,3,0,0,0,0,0_0,1_3
1,1,2,51,8,3,0,0,0,0,0_0,1_6
1,1,2,80,11,2,0,0,0,1,5_3,1_2
1,1,1,50,8,3,0,0,0,0,0_0,2_6
1,1,2,59,9,2,0,0,0,1,6_9,1_2
1,1,2,33,6,2,0,0,0,1,6_9,1_2
2,1,1,19,4,3,0,0,0,0,0_0,1_4
2,1,1,20,4,3,0,0,0,0,0_0,1_9
1,1,1,56,9,2,0,0,0,0,0_0,1_3
1,1,1,31,6,3,0,0,0,0,0_0,1_6
1,1,1,23,5,2,0,0,0,0,0_0,1_2
1,1,2,12,3,3,0,0,0,1,5_9,1_3
1,1,2,30,6,3,0,0,0,1,6_9,-1_-1
1,1,1,37,7,3,0,0,0,0,0_0,-1_-1
1,1,1,16,4,2,0,0,0,1,1_3,1_3
1,1,1,30,6,3,0,0,0,1,6_9,1_1
2,1,1,39,7,3,0,0,0,0,0_0,1_6
1,1,1,61,9,3,0,0,0,1,9_9,-1_-1
2,1,1,43,7,3,0,0,0,0,0_0,1_9
1,1,1,63,9,2,0,0,0,0,0_0,1_8
1,1,1,45,7,2,0,0,0,1,9_9,1_6
1,1,1,54,8,2,0,0,0,1,5_1,1_1
2,1,1,33,6,3,0,0,0,0,0_0,-1_-1
1,1,1,14,3,3,0,0,0,1,4_1,1_5
1,1,1,24,5,3,0,0,0,1,6_9,1_2
2,1,1,58,9,3,0,0,0,0,0_0,1_1
1,1,1,71,10,2,0,0,0,1,5_1,-1_-1
1,1,2,66,10,2,0,0,0,1,5_3,1_7
1,1,1,65,9,3,0,0,0,0,0_0,1_9
1,1,2,32,6,3,0,0,0,0,0_0,1_3
1,1,1,39,7,3,0,0,0,0,0_0,1_6
2,2,2,28,6,3,0,0,0,0,0_0,1_5
2,1,1,35,6,2,0,0,0,0,0_0,1_9
1,1,2,35,6,3,0,0,0,0,0_0,1_3
1,1,1,14,3,2,0,0,0,1,5_9,1_7
1,1,1,34,6,3,0,0,0,0,0_0,3_8
1,1,2,63,9,3,0,0,0,0,0_0,1_3
1,1,1,51,8,2,0,0,0,0,0_0,1_4
1,1,2,49,8,2,0,0,0,1,5_1,1_2
2,1,1,42,7,3,0,0,0,0,0_0,1_3
1,1,1,49,8,2,0,0,0,0,0_0,1_4
1,1,1,47,8,3,0,0,0,0,0_0,1_7
1,1,1,46,8,3,0,0,0,0,0_0,1_3
2,2,1,43,7,3,0,0,0,0,0_0,1_6
1,1,1,42,7,3,0,0,0,1,6_9,1_2
2,1,1,36,7,2,0,0,0,0,0_0,1_3
1,1,2,27,6,3,0,0,0,0,0_0,1_7
1,1,1,46,8,2,0,0,0,1,9_8,1_7
1,1,2,24,5,3,0,0,0,1,5_1,-1_-1
1,1,1,37,7,3,0,0,0,1,5_4,1_1
2,1,2,50,8,3,0,0,0,0,0_0,1_1
1,1,1,14,3,2,0,0,0,1,5_3,1_4
2,1,1,26,6,2,0,0,0,0,0_0,-1_-1
1,2,1,85,11,3,0,0,0,1,5_4,1_3
3,1,1,57,9,3,0,0,0,0,0_0,2_7
3,3,2,31,6,3,0,0,0,0,0_0,1_6
2,1,1,60,9,3,0,0,0,0,0_0,1_3
2,1,1,43,7,3,0,0,0,0,0_0,1_3
1,2,2,18,4,3,0,0,0,1,6_9,1_3
1,1,2,46,8,2,0,0,0,1,1_3,1_3
1,1,1,21,5,3,0,0,0,0,0_0,1_8
2,1,2,25,5,3,0,0,0,0,0_0,3_10
1,1,2,14,3,3,0,0,0,1,5_9,1_1
2,1,1,53,8,3,0,0,0,0,0_0,1_1
1,1,1,50,8,3,0,0,0,1,0_0,1_1
3,1,1,29,6,3,0,0,0,0,0_0,3_9
1,1,2,29,6,3,0,0,0,1,10_9,1_3
2,1,2,29,6,3,0,0,0,0,0_0,1_1
1,1,2,75,10,3,0,0,0,1,5_9,1_2
1,1,1,16,4,2,0,0,0,0,0_0,1_5
2,1,1,73,10,3,0,0,0,0,0_0,1_3
3,1,2,26,6,3,0,0,0,0,0_0,1_-1
1,1,1,62,9,2,0,0,0,0,0_0,-1_-1
1,1,2,70,10,2,0,0,0,1,8_1,3_6
1,2,1,28,6,3,0,0,0,0,0_0,1_5
1,2,2,19,4,3,0,0,0,0,0_0,2_5
1,1,1,2,1,2,0,0,0,1,5_9,1_4
2,2,1,59,9,3,0,0,0,0,0_0,1_4
2,1,1,43,7,3,0,0,0,0,0_0,3_8
1,1,1,21,5,2,0,0,0,0,0_0,1_3
2,2,1,63,9,3,0,0,0,0,0_0,1_5
2,1,2,18,4,3,0,0,0,0,0_0,1_1
1,1,1,35,6,2,0,0,0,0,0_0,1_1
2,1,1,69,10,3,0,0,0,0,0_0,-1_-1
1,1,1,36,7,2,0,0,0,0,0_0,2_8
2,2,1,23,5,3,0,0,0,0,0_0,-1_-1
1,1,1,21,5,3,0,0,0,1,9_5,1_2
1,1,1,11,3,2,0,0,0,1,4_1,1_1
1,1,1,41,7,2,0,0,0,0,0_0,3_7
2,1,1,64,9,3,0,0,0,0,0_0,2_6
2,3,2,70,10,3,0,0,0,0,0_0,1_1
2,1,1,64,9,2,0,0,0,0,0_0,1_2
1,1,1,16,4,3,0,0,0,1,5_3,1_7
1,1,1,18,4,2,0,0,0,1,0_0,1_2
1,1,1,48,8,3,0,0,0,0,0_0,1_9
2,2,1,49,8,3,0,0,0,0,0_0,1_6
2,1,1,34,6,2,0,0,0,0,0_0,1_3
1,1,1,53,8,3,0,0,0,0,0_0,1_5
1,1,1,51,8,3,0,0,0,0,0_0,1_2
1,1,1,29,6,2,0,0,0,0,0_0,1_6
1,1,2,25,5,3,0,0,0,1,1_3,1_5
2,2,1,52,8,3,0,0,0,0,0_0,1_2
1,1,2,16,4,3,0,0,0,1,8_2,-1_-1
1,1,1,29,6,2,0,0,0,1,9_9,1_3
1,2,2,26,6,3,0,0,0,1,10_9,1_3
1,1,1,34,6,2,0,0,0,1,4_1,1_4
1,1,1,48,8,3,0,0,0,0,0_0,1_10
2,2,1,43,7,2,0,0,0,0,0_0,1_4
1,1,1,28,6,2,0,0,0,1,7_9,1_5
1,2,2,0,1,3,0,0,0,1,1_1,1_5
1,1,1,37,7,3,0,0,0,0,0_0,1_1
1,1,2,27,6,3,0,0,0,0,0_0,1_3
1,1,2,65,9,3,0,0,0,0,0_0,1_6
1,1,2,13,3,3,0,0,0,1,10_9,1_2
1,1,2,0,1,3,0,0,0,1,5_3,1_2
1,2,1,4,1,3,0,0,0,1,5_1,1_2
1,1,2,62,9,2,0,0,0,1,4_3,1_6
1,1,2,50,8,3,0,0,0,1,1_9,-1_-1
1,1,1,35,6,3,0,0,0,1,9_9,1_5
1,1,1,57,9,3,0,0,0,1,5_1,1_7
1,1,2,31,6,2,0,0,0,0,0_0,1_2
1,1,2,47,8,3,0,0,0,1,5_3,1_7
1,1,1,80,11,2,0,0,0,1,6_9,3_10
1,1,1,11,3,2,0,0,0,1,9_9,1_2
1,1,1,55,8,3,0,0,0,1,6_9,1_7
2,2,1,51,8,2,0,0,0,0,0_0,1_3
1,1,2,38,7,3,0,0,0,0,0_0,1_7
1,1,2,26,6,3,0,0,0,1,1_3,-1_-1
2,1,1,17,4,3,0,0,0,0,0_0,1_7
2,1,1,31,6,3,0,0,0,0,0_0,1_9
2,1,1,40,7,3,0,0,0,0,0_0,1_6
2,1,2,36,7,3,0,0,0,0,0_0,1_1
1,1,1,62,9,2,0,0,0,0,0_0,2_7
1,1,2,4,1,3,0,0,0,1,8_7,1_4
1,2,1,28,6,3,0,0,0,1,0_0,2_4
1,3,1,26,6,3,0,0,0,0,0_0,1_1
2,1,2,41,7,2,0,0,0,0,0_0,1_5
1,1,2,64,9,2,0,0,0,0,0_0,1_3
2,2,1,55,8,3,0,0,0,0,0_0,3_9
2,1,2,44,7,3,0,0,0,0,0_0,1_3
2,1,1,45,7,3,0,0,0,0,0_0,1_7
2,2,1,38,7,2,0,0,0,0,0_0,2_7
1,1,1,69,10,3,0,0,0,0,0_0,1_3
2,1,1,36,7,2,0,0,0,0,0_0,1_1
1,1,1,21,5,2,0,0,0,0,0_0,1_1
1,1,2,85,11,2,0,0,0,1,4_1,1_9
2,1,1,28,6,3,0,0,0,0,0_0,1_5
1,1,1,56,9,3,0,0,0,0,0_0,1_1
1,1,1,45,7,3,0,0,0,1,5_1,1_3
1,2,1,27,6,3,0,0,0,0,0_0,1_2
2,1,1,59,9,3,0,0,0,0,0_0,1_10
1,1,2,46,8,3,0,0,0,0,0_0,1_6
2,1,1,64,9,3,0,0,0,0,0_0,1_7
1,2,1,24,5,3,0,0,0,0,0_0,1_2
1,3,2,33,6,3,0,0,0,0,0_0,-1_-1
2,2,1,53,8,3,0,0,0,0,0_0,1_2
3,1,1,43,7,3,0,0,0,0,0_0,1_2
1,1,2,41,7,3,0,0,0,0,0_0,1_1
1,1,1,49,8,2,0,0,0,1,10_1,1_3
2,1,2,28,6,3,0,0,0,0,0_0,2_9
1,1,1,31,6,2,0,0,0,0,0_0,-1_-1
2,2,2,55,8,3,0,0,0,0,0_0,1_4
2,1,1,63,9,3,0,0,0,0,0_0,3_9
1,1,2,11,3,2,0,0,0,1,5_1,1_6
1,2,2,61,9,3,0,0,0,0,0_0,1_7
1,1,2,36,7,2,0,0,0,1,4_1,1_9
2,1,1,25,5,2,0,0,0,0,0_0,-1_-1
2,1,1,48,8,3,0,0,0,0,0_0,1_2
2,1,1,40,7,2,0,0,0,0,0_0,1_3
1,1,1,13,3,3,0,0,0,0,0_0,1_5
1,1,2,50,8,2,0,0,0,0,0_0,-1_-1
2,2,2,22,5,3,0,0,0,0,0_0,1_5
1,1,1,20,4,2,0,0,0,0,0_0,1_1
1,1,2,51,8,3,0,0,0,0,0_0,1_3
1,1,2,22,5,3,0,0,0,0,0_0,1_6
2,1,2,51,8,3,0,0,0,0,0_0,1_2
1,1,2,12,3,3,0,0,0,1,5_3,1_3
2,1,1,60,9,2,0,0,0,0,0_0,1_2
1,1,2,43,7,3,0,0,0,1,9_5,1_3
2,1,2,25,5,3,0,0,0,0,0_0,1_5
1,1,1,64,9,2,0,0,0,0,0_0,1_2
1,1,2,32,6,3,0,0,0,1,5_1,1_1
1,1,1,58,9,3,0,0,0,0,0_0,1_7
1,1,1,57,9,3,0,0,0,0,0_0,1_5
1,1,2,48,8,2,0,0,0,1,5_1,1_8
1,1,1,33,6,3,0,0,0,0,0_0,1_1
1,1,2,60,9,2,0,0,0,1,10_9,1_2
2,1,2,26,6,3,0,0,0,0,0_0,1_5
1,1,2,37,7,3,0,0,0,0,0_0,1_9
1,1,2,6,2,3,0,0,0,1,6_9,1_2
1,1,1,40,7,3,0,0,0,0,0_0,1_1
1,1,1,67,10,2,0,0,0,1,6_9,1_2
1,1,2,58,9,3,0,0,0,1,5_4,1_3
1,1,1,10,2,3,0,0,0,1,1_1,1_7
1,1,2,46,8,3,0,0,0,0,0_0,1_2
1,1,1,38,7,3,0,0,0,0,0_0,1_3
1,1,1,31,6,3,0,0,0,0,0_0,1_9
1,1,1,38,7,3,0,0,0,1,5_1,1_2
1,1,2,56,9,3,0,0,0,0,0_0,1_5
2,1,1,26,6,2,0,0,0,0,0_0,1_4
3,1,2,22,5,3,0,0,0,0,0_0,1_4
2,1,1,44,7,3,0,0,0,0,0_0,1_6
1,1,2,72,10,3,0,0,0,0,0_0,1_5
1,1,1,15,3,3,0,0,0,1,5_1,1_1
2,1,1,40,7,2,0,0,0,0,0_0,1_9
1,1,2,22,5,3,0,0,0,1,5_1,1_2
1,1,1,47,8,3,0,0,0,0,0_0,1_8
1,1,1,22,5,3,0,0,0,0,0_0,1_4
2,1,2,33,6,3,0,0,0,0,0_0,1_4
1,1,2,51,8,3,0,0,0,0,0_0,1_4
1,1,1,30,6,3,0,0,0,1,9_5,1_4
2,1,2,28,6,2,0,0,0,0,0_0,1_2
2,1,2,22,5,2,0,0,0,0,0_0,1_6
1,1,1,47,8,3,0,0,0,0,0_0,1_2
1,1,1,40,7,3,0,0,0,0,0_0,1_7
2,1,1,66,10,3,0,0,0,0,0_0,1_7
1,1,1,63,9,3,0,0,0,1,6_9,1_3
1,1,1,18,4,3,0,0,0,1,5_3,1_6
1,1,1,40,7,3,0,0,0,1,10_9,1_2
1,1,2,50,8,2,0,0,0,0,0_0,1_3
1,1,2,36,7,3,0,0,0,0,0_0,1_7
1,1,1,36,7,2,0,0,0,0,0_0,1_3
1,1,2,55,8,3,0,0,0,0,0_0,1_6
1,1,2,39,7,3,0,0,0,1,1_1,1_3
1,1,2,53,8,3,0,0,0,0,0_0,1_4
1,1,2,24,5,3,0,0,0,0,0_0,1_3
2,1,1,43,7,3,0,0,0,0,0_0,1_6
1,1,2,28,6,2,0,0,0,1,5_9,1_1
2,1,1,40,7,3,0,0,0,0,0_0,1_2
1,1,1,12,3,3,0,0,0,1,1_1,1_4
1,1,2,25,5,3,0,0,0,0,0_0,1_4
1,1,1,39,7,2,0,0,0,0,0_0,1_4
2,1,1,26,6,3,0,0,0,0,0_0,1_1
1,1,1,31,6,3,0,0,0,1,0_0,1_7
1,1,1,9,2,3,0,0,0,1,6_9,1_2
1,1,1,32,6,2,0,0,0,1,4_3,1_1
1,1,2,41,7,2,0,0,0,1,1_9,1_5
1,1,2,47,8,3,0,0,0,1,6_9,1_4
1,1,1,35,6,3,0,0,0,0,0_0,1_5
2,1,1,29,6,2,0,0,0,0,0_0,1_2
1,1,1,11,3,3,0,0,0,1,5_4,1_9
1,1,2,19,4,2,0,0,0,1,1_1,1_5
1,1,1,21,5,2,0,0,0,1,5_1,1_10
2,1,1,36,7,3,0,0,0,0,0_0,1_4
1,1,2,76,11,2,0,0,0,1,5_3,1_3
2,1,1,22,5,3,0,0,0,0,0_0,1_8
2,1,1,28,6,2,0,0,0,0,0_0,1_7
2,2,1,64,9,2,0,0,0,0,0_0,3_7
2,1,1,76,11,2,0,0,0,0,0_0,1_9
1,1,1,77,11,3,0,0,0,0,0_0,2_9
2,2,2,31,6,3,0,0,0,0,0_0,3_6
2,1,2,50,8,3,0,0,0,0,0_0,1_6
1,1,2,64,9,3,0,0,0,0,0_0,-1_-1
1,1,2,42,7,2,0,0,0,1,9_6,1_3
2,1,1,20,4,3,0,0,0,0,0_0,2_4
1,1,2,27,6,3,0,0,0,1,5_3,1_10
1,1,2,25,5,3,0,0,0,1,5_1,-1_-1
2,1,1,8,2,3,0,0,0,0,0_0,1_10
1,1,1,58,9,2,0,0,0,0,0_0,2_4
1,1,2,11,3,2,0,0,0,1,4_3,1_1
1,1,1,4,1,1,0,0,0,1,0_0,1_1
1,2,2,7,2,3,0,0,0,0,0_0,2_4
1,1,1,25,5,2,0,0,0,0,0_0,1_3
1,1,2,19,4,2,0,0,0,1,1_1,1_4
1,1,1,28,6,2,0,0,0,1,10_9,-1_-1
2,1,2,56,9,3,0,0,0,0,0_0,1_2
1,1,1,47,8,2,0,0,0,0,0_0,1_2
2,1,2,39,7,3,0,0,0,0,0_0,1_10
1,1,2,14,3,2,0,0,0,1,5_3,2_7
2,1,1,24,5,3,0,0,0,0,0_0,1_3
1,1,2,58,9,3,0,0,0,0,0_0,3_4
2,2,2,35,6,3,0,0,0,0,0_0,1_3
1,1,1,16,4,2,0,0,0,1,5_1,1_6
2,2,1,55,8,3,0,0,0,0,0_0,1_3
1,1,1,30,6,1,0,0,0,1,10_1,1_3
1,1,2,56,9,2,0,0,0,0,0_0,3_4
2,1,2,42,7,3,0,0,0,0,0_0,1_10
3,1,2,47,8,3,0,0,0,0,0_0,1_1
2,1,1,68,10,3,0,0,0,0,0_0,1_4
3,1,1,36,7,3,0,0,0,0,0_0,1_1
1,1,1,30,6,3,0,0,0,0,0_0,3_5
1,1,2,39,7,3,0,0,0,0,0_0,1_5
1,1,2,45,7,3,0,0,0,0,0_0,1_9
1,1,2,25,5,3,0,0,0,1,6_9,1_5
1,1,1,86,11,2,0,0,0,0,0_0,1_6
1,1,1,46,8,2,0,0,0,0,0_0,1_2
2,2,2,54,8,3,0,0,0,0,0_0,3_10
1,1,1,18,4,2,0,0,0,1,5_9,2_3
1,1,1,27,6,3,0,0,0,1,5_3,1_3
1,1,1,54,8,3,0,0,0,1,10_9,1_4
2,1,1,14,3,3,0,0,0,0,0_0,1_2
2,1,2,35,6,2,0,0,0,1,5_3,1_1
1,1,1,24,5,2,0,0,0,0,0_0,3_5
1,1,1,65,9,3,0,0,0,0,0_0,3_7
2,1,2,46,8,3,0,0,0,0,0_0,1_3
1,1,2,48,8,3,0,0,0,0,0_0,1_9
2,3,2,38,7,3,0,0,0,0,0_0,1_6
1,1,1,63,9,3,0,0,0,0,0_0,1_8
2,1,1,13,3,3,0,0,0,0,0_0,1_3
1,1,2,11,3,3,0,0,0,1,9_5,1_1
2,2,1,23,5,3,0,0,0,0,0_0,1_2
1,1,1,21,5,3,0,0,0,1,4_1,-1_-1
1,1,1,84,11,3,0,0,0,0,0_0,1_9
2,1,2,74,10,3,0,0,0,0,0_0,1_9
1,1,1,7,2,2,0,0,0,1,5_2,1_2
1,1,1,75,10,2,0,0,0,0,0_0,1_3
2,1,1,13,3,3,0,0,0,0,0_0,3_8
1,1,1,84,11,3,0,0,0,0,0_0,3_9
2,1,1,18,4,2,0,0,0,0,0_0,1_3
1,2,1,72,10,3,0,0,0,1,5_1,1_3
1,1,2,18,4,3,0,0,0,0,0_0,1_8
1,1,1,60,9,3,0,0,0,0,0_0,1_10
1,1,1,62,9,2,0,0,0,0,0_0,1_7
2,1,1,35,6,1,0,0,0,0,0_0,2_5
2,1,2,32,6,3,0,0,0,0,0_0,1_7
1,1,1,52,8,3,0,0,0,0,0_0,3_9
2,1,2,33,6,3,0,0,0,0,0_0,1_10
1,1,1,6,2,3,0,0,0,1,5_3,1_7
2,1,2,28,6,3,0,0,0,0,0_0,1_2
1,1,2,31,6,3,0,0,0,0,0_0,3_7
1,1,2,9,2,3,0,0,0,1,5_2,-1_-1
2,2,1,45,7,3,0,0,0,0,0_0,1_7
1,1,1,15,3,3,0,0,0,1,5_3,1_9
2,1,2,46,8,1,0,0,0,0,0_0,1_8
2,1,1,19,4,2,0,0,0,1,6_9,1_7
1,2,2,5,1,2,0,0,0,1,1_3,1_2
1,1,1,13,3,3,0,0,0,1,5_2,1_2
2,1,1,36,7,2,0,0,0,0,0_0,1_4
1,1,1,41,7,2,0,0,0,1,1_3,1_3
1,1,1,30,6,2,0,0,0,1,6_9,1_5
2,1,2,37,7,3,0,0,0,0,0_0,1_3
1,1,1,13,3,3,0,0,0,1,1_3,1_6
2,2,2,73,10,3,0,0,0,0,0_0,1_4
2,1,1,29,6,3,0,0,0,0,0_0,-1_-1
1,1,1,73,10,3,0,0,0,1,5_1,1_7
1,1,1,10,2,3,0,0,0,1,1_1,1_3
2,1,2,42,7,3,0,0,0,0,0_0,1_2
1,1,1,11,3,3,0,0,0,1,1_9,1_1
1,1,1,52,8,3,0,0,0,0,0_0,1_5
3,1,1,31,6,3,0,0,0,0,0_0,1_1
2,1,1,52,8,3,0,0,0,0,0_0,1_3
2,2,1,32,6,3,0,0,0,0,0_0,1_1
2,1,2,33,6,2,0,0,0,0,0_0,1_1
1,1,2,20,4,3,0,0,0,0,0_0,1_1
1,1,2,35,6,3,0,0,0,1,2_4,1_3
1,2,1,23,5,3,0,0,0,1,0_0,1_6
2,1,2,42,7,3,0,0,0,0,0_0,1_3
2,2,2,22,5,2,0,0,0,0,0_0,1_3
1,1,2,21,5,3,0,0,0,0,0_0,1_3
1,1,2,20,4,2,0,0,0,0,0_0,1_8
2,2,1,36,7,3,0,0,0,0,0_0,1_3
2,2,2,33,6,3,0,0,0,0,0_0,1_5
3,3,2,24,5,3,0,0,0,0,0_0,1_3
2,2,1,43,7,3,0,0,0,0,0_0,1_1
2,1,1,34,6,3,0,0,0,0,0_0,1_10
1,1,2,53,8,2,0,0,0,0,0_0,1_1
1,1,2,29,6,2,0,0,0,0,0_0,1_6
2,1,1,17,4,3,0,0,0,0,0_0,1_1
1,1,2,47,8,3,0,0,0,0,0_0,1_1
1,1,2,13,3,3,0,0,0,0,0_0,1_3
1,1,2,48,8,3,0,0,0,1,9_5,1_1
2,1,1,63,9,3,0,0,0,0,0_0,1_7
1,1,1,41,7,3,0,0,0,0,0_0,1_1
1,2,1,33,6,3,0,0,0,0,0_0,1_6
2,2,2,71,10,3,0,0,0,0,0_0,1_4
1,1,1,55,8,3,0,0,0,1,9_8,3_9
1,1,1,75,10,3,0,0,0,0,0_0,3_9
1,2,2,11,3,3,0,0,0,1,5_1,1_2
2,1,1,29,6,2,0,0,0,0,0_0,1_8
1,1,2,74,10,1,0,0,0,0,0_0,1_9
2,1,2,51,8,3,0,0,0,0,0_0,1_7
1,1,1,46,8,2,0,0,0,0,0_0,2_10
2,3,1,63,9,3,0,0,0,0,0_0,1_8
1,1,1,21,5,2,0,0,0,0,0_0,3_8
1,1,1,12,3,3,0,0,0,1,10_9,1_1
1,1,1,63,9,3,0,0,0,0,0_0,3_7
2,1,2,29,6,3,0,0,0,0,0_0,2_10
1,1,1,19,4,3,0,0,0,0,0_0,3_7
1,2,1,88,11,3,0,0,0,0,0_0,1_6
2,3,1,52,8,3,0,0,0,0,0_0,1_6
1,1,1,75,10,3,0,0,0,0,0_0,1_3
2,1,1,16,4,3,0,0,0,0,0_0,3_6
1,1,2,60,9,3,0,0,0,1,9_5,1_4
1,1,2,81,11,2,0,0,0,0,0_0,1_5
1,1,1,31,6,2,0,0,0,0,0_0,1_2
1,1,1,33,6,2,0,0,0,0,0_0,3_8
1,1,1,67,10,3,0,0,0,1,5_9,1_6
1,1,2,40,7,3,0,0,0,1,5_1,1_1
1,1,2,18,4,3,0,0,0,0,0_0,3_7
2,1,1,74,10,3,0,0,0,0,0_0,3_9
1,1,2,52,8,3,0,0,0,0,0_0,1_5
2,1,2,23,5,3,0,0,0,0,0_0,3_8
1,1,1,69,10,3,0,0,0,0,0_0,1_2
2,2,1,29,6,3,0,0,0,0,0_0,1_4
3,3,2,34,6,3,0,0,0,0,0_0,1_4
1,3,1,45,7,3,0,0,0,0,0_0,1_9
2,1,1,57,9,2,0,0,0,0,0_0,2_6
1,1,1,78,11,2,0,0,0,1,5_3,-1_-1
2,1,1,37,7,3,0,0,0,0,0_0,1_5
2,2,2,29,6,3,0,0,0,0,0_0,-1_-1
1,1,1,15,3,3,0,0,0,1,5_1,1_3
2,1,1,39,7,3,0,0,0,0,0_0,1_5
1,1,1,18,4,3,0,0,0,1,1_1,1_1
1,1,2,61,9,3,0,0,0,0,0_0,1_10
1,1,1,37,7,2,0,0,0,0,0_0,-1_-1
2,2,1,59,9,3,0,0,0,0,0_0,-1_-1
1,1,1,43,7,3,0,0,0,0,0_0,1_5
1,1,1,25,5,3,0,0,0,0,0_0,1_10
1,2,1,16,4,2,0,0,0,1,0_0,1_1
2,1,1,59,9,3,0,0,0,0,0_0,1_2
1,1,1,72,10,3,0,0,0,0,0_0,1_5
2,2,1,44,7,3,0,0,0,0,0_0,1_6
2,1,2,23,5,3,0,0,0,0,0_0,1_2
1,1,1,26,6,2,0,0,0,0,0_0,1_8
1,1,1,15,3,3,0,0,0,0,0_0,1_2
2,2,2,24,5,3,0,0,0,0,0_0,1_2
2,1,2,36,7,3,0,0,0,0,0_0,1_5
1,1,1,41,7,3,0,0,0,0,0_0,1_8
2,1,2,57,9,2,0,0,0,0,0_0,1_5
2,1,1,36,7,3,0,0,0,0,0_0,1_3
1,1,1,64,9,3,0,0,0,1,1_3,1_4
2,1,2,38,7,3,0,0,0,0,0_0,3_7
1,1,1,62,9,2,0,0,0,1,5_1,1_7
1,1,1,50,8,2,0,0,0,0,0_0,1_5
2,1,1,30,6,3,0,0,0,0,0_0,1_8
1,1,1,33,6,2,0,0,0,0,0_0,1_5
1,1,1,15,3,2,0,0,0,0,0_0,1_4
2,2,1,48,8,3,0,0,0,0,0_0,1_4
1,3,2,31,6,3,0,0,0,0,0_0,1_3
3,2,2,21,5,3,0,0,0,0,0_0,2_9
1,1,2,64,9,3,0,0,0,0,0_0,1_2
2,1,2,39,7,3,0,0,0,0,0_0,1_9
1,1,2,61,9,3,0,0,0,0,0_0,1_9
1,1,1,90,11,3,0,0,0,0,0_0,1_8
1,1,2,19,4,3,0,0,0,0,0_0,-1_-1
2,2,2,22,5,2,0,0,0,0,0_0,1_-1
1,1,1,83,11,3,0,0,0,0,0_0,1_5
1,1,1,16,4,3,0,0,0,1,5_1,1_6
1,1,2,28,6,3,0,0,0,0,0_0,1_1
1,1,1,26,6,3,0,0,0,1,1_1,-1_-1
1,1,2,42,7,2,0,0,0,0,0_0,1_1
1,1,2,18,4,3,0,0,0,0,0_0,1_2
1,1,1,20,4,2,0,0,0,1,5_3,1_2
1,1,1,79,11,1,0,0,0,0,0_0,1_9
1,1,1,14,3,3,0,0,0,0,0_0,1_6
1,1,2,80,11,3,0,0,0,0,0_0,1_9
2,2,1,22,5,2,0,0,0,0,0_0,1_5
1,1,1,79,11,1,0,0,0,1,4_1,1_3
1,1,2,17,4,3,0,0,0,1,5_1,1_9
1,1,1,48,8,2,0,0,0,0,0_0,2_10
1,1,1,48,8,2,0,0,0,0,0_0,1_6
1,1,2,69,10,3,0,0,0,0,0_0,1_5
1,1,2,36,7,2,0,0,0,0,0_0,1_9
2,2,2,75,10,1,0,0,0,0,0_0,3_8
2,1,2,45,7,3,0,0,0,0,0_0,3_5
2,1,2,58,9,2,0,0,0,0,0_0,1_8
2,1,1,20,4,3,0,0,0,0,0_0,3_5
1,1,1,55,8,3,0,0,0,1,10_8,3_5
1,2,1,28,6,3,0,0,0,1,10_8,3_5
1,1,1,60,9,3,0,0,0,0,0_0,3_5
1,1,1,16,4,2,0,0,0,1,1_1,-1_-1
1,1,2,43,7,3,0,0,0,0,0_0,3_6
2,1,2,76,11,3,0,0,0,0,0_0,3_5
1,1,1,22,5,2,0,0,0,0,0_0,3_6
2,1,1,81,11,3,0,0,0,0,0_0,1_1
2,1,2,76,11,3,0,0,0,0,0_0,1_8
2,1,2,43,7,3,0,0,0,0,0_0,1_6
2,2,2,58,9,3,0,0,0,0,0_0,1_5
1,1,1,66,10,3,0,0,0,1,1_1,1_3
1,1,2,20,4,3,0,0,0,0,0_0,2_10
2,2,2,53,8,3,0,0,0,0,0_0,1_6
2,1,1,47,8,3,0,0,0,0,0_0,1_6
1,1,1,75,10,3,0,0,0,0,0_0,2_7
1,1,2,64,9,3,0,0,0,1,9_9,1_6
1,1,2,31,6,3,0,0,0,1,6_9,1_2
2,1,2,55,8,3,0,0,0,0,0_0,1_1
1,1,2,40,7,3,0,0,0,1,5_1,1_6
1,1,1,75,10,3,0,0,0,0,0_0,3_8
1,1,1,71,10,3,0,0,0,0,0_0,1_5
2,1,1,73,10,3,0,0,0,0,0_0,1_4
1,1,1,24,5,3,0,0,0,0,0_0,3_8
1,1,1,21,5,3,0,0,0,0,0_0,2_7
2,2,2,18,4,3,0,0,0,0,0_0,2_4
1,1,1,52,8,3,0,0,0,0,0_0,1_4
2,1,2,47,8,3,0,0,0,0,0_0,1_6
2,3,1,71,10,3,0,0,0,0,0_0,3_8
3,2,1,20,4,3,0,0,0,0,0_0,1_10
1,1,2,15,3,3,0,0,0,1,5_9,1_3
2,2,1,52,8,2,0,0,0,0,0_0,1_2
2,1,1,29,6,2,0,0,0,1,10_9,1_3
1,1,2,35,6,3,0,0,0,0,0_0,1_1
2,2,2,31,6,3,0,0,0,0,0_0,1_6
1,1,1,28,6,2,0,0,0,0,0_0,1_10
1,1,2,27,6,3,0,0,0,1,8_1,1_1
2,1,2,56,9,2,0,0,0,0,0_0,1_6
1,1,1,62,9,2,0,0,0,0,0_0,3_7
2,2,2,31,6,3,0,0,0,0,0_0,1_3
2,2,1,64,9,3,0,0,0,0,0_0,1_2
2,1,1,23,5,3,0,0,0,0,0_0,1_10
1,1,2,20,4,2,0,0,0,1,5_1,1_7
2,1,2,11,3,2,0,0,0,0,0_0,1_3
1,1,2,82,11,3,0,0,0,1,1_1,1_3
2,1,2,85,11,2,0,0,0,0,0_0,2_9
1,1,2,87,11,3,0,0,0,1,1_1,1_8
2,1,2,31,6,2,0,0,0,0,0_0,1_3
1,1,1,24,5,2,0,0,0,0,0_0,1_9
2,2,2,36,7,3,0,0,0,0,0_0,1_9
1,1,1,92,11,3,0,0,0,0,0_0,1_6
2,1,2,35,6,3,0,0,0,0,0_0,1_7
2,1,1,25,5,3,0,0,0,0,0_0,3_6
1,1,2,25,5,3,0,0,0,0,0_0,3_5
1,1,1,53,8,3,0,0,0,0,0_0,3_9
3,1,1,51,8,3,0,0,0,0,0_0,3_9
1,1,1,67,10,2,0,0,0,0,0_0,1_8
1,1,1,94,11,3,0,0,0,0,0_0,1_5
2,1,2,81,11,3,0,0,0,0,0_0,1_5
1,1,1,55,8,3,0,0,0,0,0_0,1_8
1,1,1,13,3,2,0,0,0,1,6_9,-1_-1
1,1,2,19,4,3,0,0,0,0,0_0,1_7
1,1,2,52,8,3,0,0,0,1,6_7,3_4
1,1,1,53,8,3,0,0,0,0,0_0,3_5
2,1,1,44,7,3,0,0,0,0,0_0,3_5
2,1,2,49,8,3,0,0,0,0,0_0,1_6
1,1,1,14,3,3,0,0,0,0,0_0,-1_-1
1,1,1,55,8,3,0,0,0,0,0_0,3_5
2,2,1,26,6,3,0,0,0,0,0_0,3_5
2,1,1,77,11,3,0,0,0,0,0_0,2_6
2,2,1,46,8,3,0,0,0,0,0_0,3_6
1,1,1,65,9,2,0,0,0,0,0_0,3_5
2,2,1,29,6,3,0,0,0,0,0_0,2_4
1,1,1,33,6,3,0,0,0,0,0_0,2_7
1,1,1,60,9,2,0,0,0,0,0_0,2_4
1,1,1,16,4,3,0,0,0,1,10_9,1_7
2,1,1,22,5,2,0,0,0,0,0_0,3_4
1,1,2,60,9,3,0,0,0,1,5_3,1_4
2,1,1,32,6,2,0,0,0,0,0_0,2_5
2,1,1,16,4,3,0,0,0,0,0_0,3_7
1,1,2,76,11,3,0,0,0,0,0_0,1_10
2,1,1,57,9,3,0,0,0,0,0_0,1_2
2,1,1,61,9,3,0,0,0,0,0_0,2_5
1,1,2,12,3,3,0,0,0,1,5_1,1_5
2,1,2,54,8,3,0,0,0,0,0_0,1_2
2,1,1,13,3,3,0,0,0,0,0_0,1_6
2,1,1,68,10,3,0,0,0,0,0_0,3_8
2,2,1,27,6,3,0,0,0,0,0_0,1_5
3,3,2,32,6,3,0,0,0,0,0_0,1_8
2,1,2,21,5,3,0,0,0,0,0_0,3_6
1,1,2,41,7,3,0,0,0,1,1_3,1_1
1,2,2,11,3,2,0,0,0,1,1_3,1_1
1,1,1,13,3,3,0,0,0,1,5_1,1_1
2,1,1,20,4,2,0,0,0,0,0_0,1_3
1,1,2,40,7,3,0,0,0,0,0_0,1_8
1,1,2,13,3,2,0,0,0,1,5_1,1_1
1,2,1,72,10,2,0,0,0,0,0_0,3_5
2,1,1,45,7,2,0,0,0,0,0_0,1_2
1,1,1,49,8,3,0,0,0,0,0_0,1_4
1,1,2,41,7,2,0,0,0,1,6_9,1_6
1,1,2,20,4,3,0,0,0,0,0_0,1_2
1,1,1,56,9,3,0,0,0,0,0_0,1_9
1,1,1,69,10,2,0,0,0,1,4_9,1_4
2,1,1,14,3,3,0,0,0,0,0_0,1_1
1,1,2,33,6,3,0,0,0,0,0_0,3_6
2,1,1,78,11,3,0,0,0,0,0_0,3_8
2,1,1,24,5,2,0,0,0,0,0_0,2_9
1,1,2,11,3,2,0,0,0,1,5_3,1_8
1,1,2,57,9,3,0,0,0,1,6_9,1_3
1,1,1,5,1,2,0,0,0,1,5_4,1_1
1,1,1,39,7,2,0,0,0,0,0_0,1_8
1,1,1,9,2,3,0,0,0,1,5_3,1_5
2,2,2,31,6,3,0,0,0,0,0_0,1_7
1,1,1,18,4,2,0,0,0,0,0_0,1_7
2,2,1,37,7,3,0,0,0,0,0_0,1_6
3,1,2,23,5,3,0,0,0,0,0_0,2_8
1,1,1,4,1,2,0,0,0,1,5_1,1_3
1,1,1,29,6,2,0,0,0,0,0_0,2_8
1,1,1,58,9,3,0,0,0,0,0_0,1_8
1,1,1,19,4,3,0,0,0,0,0_0,3_5
2,1,2,73,10,3,0,0,0,0,0_0,1_5
1,1,1,66,10,3,0,0,0,0,0_0,1_5
1,1,1,19,4,2,0,0,0,0,0_0,1_8
1,1,1,53,8,3,0,0,0,0,0_0,1_2
2,1,1,21,5,3,0,0,0,0,0_0,3_5
1,1,2,82,11,3,0,0,0,0,0_0,3_9
1,1,1,37,7,3,0,0,0,1,0_0,1_3
1,1,1,37,7,2,0,0,0,0,0_0,1_2
2,1,1,56,9,3,0,0,0,0,0_0,1_10
1,1,1,38,7,3,0,0,0,1,5_9,2_2
2,1,1,34,6,2,0,0,0,0,0_0,1_4
1,1,2,11,3,3,0,0,0,1,6_9,1_3
2,1,2,17,4,3,0,0,0,0,0_0,1_7
2,1,2,51,8,3,0,0,0,0,0_0,1_6
1,1,2,32,6,3,0,0,0,0,0_0,1_5
1,1,2,50,8,3,0,0,0,0,0_0,3_7
2,1,1,76,11,3,0,0,0,0,0_0,2_6
3,2,1,62,9,3,0,0,0,0,0_0,1_4
1,2,1,37,7,3,0,0,0,0,0_0,1_2
2,1,1,20,4,3,0,0,0,0,0_0,1_10
1,1,1,53,8,2,0,0,0,1,1_1,1_2
2,1,1,57,9,3,0,0,0,0,0_0,3_8
2,1,1,17,4,3,0,0,0,0,0_0,2_10
2,1,1,72,10,3,0,0,0,0,0_0,1_3
1,1,2,14,3,2,0,0,0,1,6_9,1_8
1,2,2,24,5,3,0,0,0,1,9_5,1_8
2,1,2,52,8,3,0,0,0,0,0_0,1_5
3,1,1,21,5,3,0,0,0,0,0_0,1_8
1,1,1,54,8,3,0,0,0,1,5_1,1_9
1,1,1,54,8,3,0,0,0,1,6_9,1_2
2,1,1,70,10,3,0,0,0,0,0_0,1_6
1,2,2,30,6,3,0,0,0,0,0_0,1_9
1,1,1,22,5,2,0,0,0,1,9_5,1_4
2,1,2,53,8,3,0,0,0,0,0_0,1_3
1,1,2,21,5,3,0,0,0,0,0_0,1_2
2,2,1,81,11,3,0,0,0,0,0_0,1_3
2,1,2,39,7,3,0,0,0,0,0_0,2_10
2,1,1,13,3,3,0,0,0,0,0_0,1_10
2,3,2,23,5,3,0,0,0,0,0_0,1_8
1,1,1,66,10,3,0,0,0,1,5_1,-1_-1
1,1,1,25,5,3,0,0,0,0,0_0,3_5
1,3,2,28,6,3,0,0,0,0,0_0,1_6
1,1,2,24,5,3,0,0,0,0,0_0,1_2
1,1,2,48,8,3,0,0,0,0,0_0,1_5
2,2,1,34,6,3,0,0,0,0,0_0,1_5
1,1,2,73,10,3,0,0,0,0,0_0,1_7
2,1,2,21,5,3,0,0,0,0,0_0,3_5
2,2,1,43,7,3,0,0,0,0,0_0,1_4
1,1,1,31,6,3,0,0,0,0,0_0,-1_-1
2,2,2,38,7,3,0,0,0,0,0_0,1_1
2,2,2,29,6,3,0,0,0,0,0_0,1_1
1,1,1,82,11,3,0,0,0,0,0_0,1_6
2,2,2,27,6,3,0,0,0,0,0_0,1_1
2,2,1,31,6,3,0,0,0,0,0_0,1_3
2,1,1,19,4,3,0,0,0,0,0_0,1_9
1,1,1,32,6,2,0,0,0,0,0_0,1_1
2,1,1,50,8,3,0,0,0,0,0_0,1_1
3,1,1,56,9,3,0,0,0,0,0_0,1_8
2,1,2,41,7,3,0,0,0,0,0_0,1_9
2,1,2,39,7,3,0,0,0,0,0_0,-1_-1
1,1,1,54,8,3,0,0,0,0,0_0,2_3
1,1,1,22,5,2,0,0,0,0,0_0,3_9
2,2,2,41,7,2,0,0,0,0,0_0,1_1
2,1,1,23,5,3,0,0,0,0,0_0,-1_-1
1,1,2,75,10,3,0,0,0,0,0_0,1_9
1,1,2,34,6,3,0,0,0,1,9_5,1_9
2,1,1,56,9,3,0,0,0,0,0_0,1_9
2,1,1,9,2,3,0,0,0,0,0_0,1_3
1,1,1,13,3,2,0,0,0,1,1_1,1_9
2,1,1,75,10,2,0,0,0,0,0_0,1_3
2,3,2,47,8,3,0,0,0,0,0_0,1_1
1,1,2,69,10,3,0,0,0,0,0_0,1_9
2,2,2,37,7,3,0,0,0,0,0_0,1_5
1,1,1,57,9,3,0,0,0,0,0_0,1_8
2,3,1,63,9,3,0,0,0,0,0_0,1_5
1,1,2,12,3,3,0,0,0,1,4_2,1_1
1,1,1,52,8,3,0,0,0,0,0_0,1_10
1,3,1,43,7,3,0,0,0,1,0_0,1_8
2,1,1,49,8,2,0,0,0,1,10_5,1_4
1,1,1,64,9,3,0,0,0,1,5_3,1_3
1,1,1,48,8,3,0,0,0,0,0_0,2_4
1,1,2,67,10,3,0,0,0,1,5_1,1_4
1,1,2,6,2,2,0,0,0,1,5_9,1_1
2,3,1,46,8,3,0,0,0,0,0_0,1_9
3,2,1,49,8,3,0,0,0,0,0_0,3_7
2,1,2,55,8,3,0,0,0,0,0_0,2_9
2,1,1,71,10,3,0,0,0,0,0_0,1_1
1,1,1,67,10,3,0,0,0,1,5_1,1_2
1,1,1,16,4,3,0,0,0,1,10_9,1_2
2,1,1,47,8,3,0,0,0,0,0_0,3_7
1,1,2,47,8,2,0,0,0,0,0_0,1_2
1,1,2,73,10,3,0,0,0,0,0_0,2_9
2,1,1,39,7,3,0,0,0,0,0_0,2_10
2,1,2,17,4,2,0,0,0,0,0_0,2_6
1,1,1,38,7,1,0,0,0,0,0_0,1_1
1,1,1,48,8,3,0,0,0,0,0_0,1_5
2,2,1,79,11,3,0,0,0,0,0_0,1_8
1,1,1,26,6,3,0,0,0,0,0_0,2_9
2,2,1,35,6,3,0,0,0,0,0_0,1_7
2,1,1,13,3,3,0,0,0,0,0_0,1_2
2,2,1,26,6,2,0,0,0,0,0_0,2_10
1,1,2,61,9,3,0,0,0,1,1_3,1_4
2,1,2,20,4,3,0,0,0,0,0_0,3_5
2,2,2,49,8,3,0,0,0,0,0_0,2_10
1,1,1,44,7,2,0,0,0,0,0_0,1_7
1,1,2,81,11,3,0,0,0,1,6_9,1_3
1,2,1,27,6,3,0,0,0,0,0_0,3_6
1,1,1,17,4,3,0,0,0,1,9_9,1_10
2,1,2,20,4,2,0,0,0,0,0_0,2_8
2,1,1,31,6,3,0,0,0,0,0_0,1_5
2,1,1,70,10,3,0,0,0,0,0_0,1_8
2,2,1,35,6,3,0,0,0,0,0_0,1_6
1,1,1,46,8,3,0,0,0,0,0_0,3_6
2,1,2,63,9,3,0,0,0,0,0_0,1_1
2,2,2,55,8,2,0,0,0,0,0_0,2_8
1,1,2,18,4,3,0,0,0,0,0_0,2_7
2,1,1,21,5,3,0,0,0,0,0_0,1_3
2,1,2,53,8,3,0,0,0,0,0_0,3_7
2,2,1,58,9,3,0,0,0,0,0_0,1_3
1,1,1,33,6,3,0,0,0,0,0_0,3_7
2,1,1,44,7,3,0,0,0,1,9_5,1_1
1,1,2,29,6,3,0,0,0,0,0_0,2_10
2,1,1,47,8,3,0,0,0,0,0_0,1_10
1,1,1,22,5,2,0,0,0,0,0_0,1_7
1,1,1,57,9,3,0,0,0,1,6_9,1_9
1,2,1,86,11,2,0,0,0,0,0_0,1_4
2,1,1,45,7,3,0,0,0,0,0_0,-1_-1
2,1,1,57,9,3,0,0,0,0,0_0,1_5
3,1,2,39,7,3,0,0,0,0,0_0,1_10
1,1,1,42,7,2,0,0,0,1,5_1,1_1
1,1,1,11,3,2,0,0,0,1,8_3,1_9
1,1,2,17,4,2,0,0,0,0,0_0,1_5
1,1,1,13,3,3,0,0,0,1,5_1,3_9
1,1,1,26,6,3,0,0,0,0,0_0,-1_-1
2,1,2,58,9,2,0,0,0,0,0_0,1_2
1,1,2,41,7,3,0,0,0,1,5_1,-1_-1
2,1,1,19,4,3,0,0,0,0,0_0,-1_-1
1,1,1,29,6,3,0,0,0,1,5_3,1_3
2,1,2,60,9,3,0,0,0,0,0_0,3_7
1,1,1,57,9,3,0,0,0,0,0_0,1_6
2,1,1,59,9,2,0,0,0,0,0_0,1_7
1,2,1,23,5,3,0,0,0,0,0_0,1_2
2,1,1,25,5,3,0,0,0,0,0_0,1_9
1,1,2,33,6,2,0,0,0,0,0_0,3_9
2,2,1,41,7,3,0,0,0,0,0_0,1_5
1,1,1,32,6,3,0,0,0,1,9_8,1_1
2,1,1,63,9,3,0,0,0,0,0_0,1_4
1,1,1,31,6,3,0,0,0,0,0_0,1_1
1,1,1,16,4,3,0,0,0,1,1_3,1_2
1,1,1,12,3,3,0,0,0,0,0_0,1_2
1,1,1,15,3,3,0,0,0,0,0_0,1_5
1,2,2,13,3,3,0,0,0,1,0_0,1_2
1,1,1,89,11,2,0,0,0,1,5_3,1_2
1,1,2,10,2,3,0,0,0,1,5_2,1_1
2,1,2,37,7,3,0,0,0,0,0_0,-1_-1
1,1,2,11,3,3,0,0,0,1,5_3,1_5
1,1,2,16,4,3,0,0,0,1,1_1,-1_-1
3,1,1,60,9,3,0,0,0,0,0_0,1_7
1,1,1,11,3,3,0,0,0,1,5_1,1_4
1,1,2,8,2,3,0,0,0,1,6_9,1_4
1,1,1,13,3,2,0,0,0,1,5_1,1_5
1,1,1,49,8,3,0,0,0,0,0_0,-1_-1
1,1,1,16,4,3,0,0,0,0,0_0,1_1
1,1,1,67,10,3,0,0,0,1,6_9,-1_-1
1,1,2,53,8,3,0,0,0,0,0_0,1_1
2,2,1,23,5,3,0,0,0,0,0_0,1_1
1,1,1,44,7,3,0,0,0,0,0_0,1_1
2,2,2,51,8,3,0,0,0,0,0_0,1_1
1,1,2,60,9,3,0,0,0,0,0_0,1_5
2,1,2,34,6,3,0,0,0,0,0_0,1_2
1,1,1,13,3,3,0,0,0,0,0_0,-1_-1
1,1,1,32,6,1,0,0,0,1,9_9,3_8
1,1,1,36,7,3,0,0,0,0,0_0,1_7
2,1,2,28,6,3,0,0,0,0,0_0,1_9
1,1,1,68,10,3,0,0,0,0,0_0,-1_-1
1,1,1,56,9,2,0,0,0,0,0_0,1_1
2,1,1,46,8,2,0,0,0,0,0_0,-1_-1
1,1,1,29,6,3,0,0,0,1,10_9,1_2
1,1,1,66,10,1,0,0,0,0,0_0,1_8
2,1,1,40,7,2,0,0,0,0,0_0,3_8
1,1,1,30,6,1,0,0,0,0,0_0,-1_-1
1,1,1,71,10,1,0,0,0,0,0_0,2_10
1,1,1,60,9,2,0,0,0,0,0_0,3_5
1,1,2,21,5,1,0,0,0,0,0_0,1_3
1,1,1,55,8,3,0,0,0,0,0_0,3_6
1,1,1,30,6,2,0,0,0,0,0_0,1_3
1,1,1,35,6,3,0,0,0,1,6_9,1_3
1,1,1,46,8,3,0,0,0,0,0_0,-1_-1
2,2,1,65,9,3,0,0,0,0,0_0,2_8
1,1,1,42,7,3,0,0,0,0,0_0,1_8
2,2,2,35,6,3,0,0,0,0,0_0,1_5
1,1,1,50,8,3,0,0,0,0,0_0,2_8
2,1,1,69,10,3,0,0,0,0,0_0,1_8
1,1,1,30,6,3,0,0,0,0,0_0,3_7
1,3,1,31,6,3,0,0,0,0,0_0,1_4
1,1,2,22,5,3,0,0,0,0,0_0,1_9
2,1,2,26,6,3,0,0,0,0,0_0,1_3
3,1,1,52,8,3,0,0,0,0,0_0,1_7
1,1,1,60,9,3,0,0,0,1,5_1,-1_-1
1,1,1,49,8,2,0,0,0,1,5_1,1_3
2,1,2,19,4,2,0,0,0,0,0_0,1_6
1,1,1,55,8,2,0,0,0,1,10_9,-1_-1
1,1,1,56,9,3,0,0,0,0,0_0,1_10
1,1,1,33,6,3,0,0,0,1,1_3,1_3
1,1,2,32,6,3,0,0,0,1,6_9,1_3
2,1,1,21,5,2,0,0,0,0,0_0,1_4
1,1,2,32,6,3,0,0,0,0,0_0,1_6
1,1,1,23,5,3,0,0,0,0,0_0,-1_-1
2,1,1,34,6,3,0,0,0,0,0_0,1_5
1,1,2,36,7,3,0,0,0,1,1_1,1_6
1,1,2,37,7,3,0,0,0,0,0_0,1_3
1,1,1,36,7,3,0,0,0,0,0_0,1_3
1,1,2,25,5,3,0,0,0,0,0_0,1_2
1,1,2,62,9,2,0,0,0,0,0_0,2_10
1,1,2,47,8,2,0,0,0,1,1_4,2_-1
1,1,2,67,10,3,0,0,0,0,0_0,1_3
1,1,2,53,8,2,0,0,0,1,5_9,1_9
1,1,2,52,8,3,0,0,0,0,0_0,1_1
1,1,2,8,2,3,0,0,0,1,1_9,1_2
1,1,1,61,9,3,0,0,0,1,5_3,1_5
1,1,1,39,7,3,0,0,0,0,0_0,1_1
1,1,1,34,6,3,0,0,0,0,0_0,1_7
1,1,1,74,10,3,0,0,0,0,0_0,1_2
2,1,2,42,7,3,0,0,0,0,0_0,1_7
1,1,1,48,8,2,0,0,0,1,4_1,1_10
3,1,1,35,6,3,0,0,0,0,0_0,1_2
1,1,1,37,7,3,0,0,0,1,1_1,1_1
1,1,1,29,6,3,0,0,0,1,5_3,1_4
1,1,2,25,5,3,0,0,0,1,10_9,1_4
2,1,1,25,5,3,0,0,0,0,0_0,2_6
1,1,2,44,7,2,0,0,0,1,5_1,1_2
1,1,1,64,9,2,0,0,0,1,8_1,1_2
1,1,1,48,8,3,0,0,0,0,0_0,1_3
1,1,2,59,9,3,0,0,0,1,5_3,1_4
2,1,1,43,7,3,0,0,0,0,0_0,1_5
1,1,1,18,4,3,0,0,0,1,8_8,1_2
1,1,2,53,8,3,0,0,0,1,5_1,1_4
1,1,1,16,4,3,0,0,0,1,1_4,1_4
2,1,1,8,2,2,0,0,0,0,0_0,1_9
3,2,2,39,7,3,0,0,0,0,0_0,1_9
1,1,1,57,9,3,0,0,0,1,9_6,1_9
1,1,1,31,6,3,0,0,0,0,0_0,1_4
1,1,2,24,5,3,0,0,0,0,0_0,1_-1
2,1,1,37,7,3,0,0,0,0,0_0,-1_-1
2,1,1,38,7,2,0,0,0,0,0_0,-1_-1
1,1,2,39,7,3,0,0,0,1,5_3,1_3
2,1,2,55,8,3,0,0,0,0,0_0,1_6
2,1,1,61,9,3,0,0,0,0,0_0,1_3
2,1,2,49,8,3,0,0,0,0,0_0,1_4
1,1,1,35,6,3,0,0,0,1,6_9,1_4
1,1,1,42,7,3,0,0,0,1,5_1,1_4
1,1,1,29,6,3,0,0,0,1,5_1,1_5
1,2,1,29,6,2,0,0,0,1,5_1,-1_-1
1,1,1,62,9,3,0,0,0,0,0_0,1_6
1,1,2,42,7,3,0,0,0,0,0_0,1_4
1,1,1,71,10,3,0,0,0,0,0_0,1_2
1,1,1,43,7,2,0,0,0,0,0_0,1_3
1,1,1,62,9,3,0,0,0,1,1_1,1_4
2,1,1,22,5,3,0,0,0,0,0_0,1_4
1,1,2,47,8,3,0,0,0,1,5_1,1_3
1,1,1,17,4,3,0,0,0,1,1_1,1_5
1,1,2,68,10,3,0,0,0,1,10_9,1_2
1,2,1,55,8,2,0,0,0,1,1_9,1_2
1,1,1,64,9,3,0,0,0,0,0_0,1_7
1,1,2,57,9,3,0,0,0,1,1_1,1_5
1,1,1,49,8,3,0,0,0,0,0_0,1_6
1,1,2,53,8,2,0,0,0,1,10_9,1_2
2,1,2,33,6,3,0,0,0,0,0_0,1_3
2,1,2,35,6,2,0,0,0,0,0_0,1_4
1,1,2,68,10,2,0,0,0,1,1_1,1_3
1,1,1,33,6,3,0,0,0,1,10_9,1_5
1,1,1,42,7,3,0,0,0,1,1_9,1_3
2,1,2,23,5,3,0,0,0,0,0_0,1_3
1,1,1,39,7,3,0,0,0,0,0_0,-1_-1
1,1,1,17,4,3,0,0,0,0,0_0,1_8
1,1,2,38,7,3,0,0,0,1,1_1,1_5
1,1,1,36,7,3,0,0,0,0,0_0,1_10
2,1,1,37,7,3,0,0,0,0,0_0,1_8
2,1,2,37,7,3,0,0,0,0,0_0,1_8
1,1,2,34,6,3,0,0,0,0,0_0,1_1
1,1,1,65,9,2,0,0,0,0,0_0,1_5
1,1,2,42,7,3,0,0,0,1,1_1,1_4
1,1,1,66,10,3,0,0,0,1,5_3,1_6
1,1,2,37,7,2,0,0,0,0,0_0,1_3
3,2,1,45,7,2,0,0,0,0,0_0,1_4
1,1,1,29,6,2,0,0,0,0,0_0,1_5
1,1,1,52,8,3,0,0,0,1,9_7,1_7
1,1,1,11,3,3,0,0,0,1,5_3,1_4
1,1,1,51,8,2,0,0,0,1,5_4,1_2
1,2,2,37,7,2,0,0,0,1,5_3,-1_-1
1,1,1,32,6,3,0,0,0,0,0_0,-1_-1
1,1,2,30,6,3,0,0,0,0,0_0,1_4
1,1,1,30,6,3,0,0,0,0,0_0,2_7
1,1,2,18,4,2,0,0,0,0,0_0,3_8
1,1,1,41,7,3,0,0,0,0,0_0,1_-1
2,2,2,45,7,3,0,0,0,0,0_0,1_3
1,1,1,11,3,3,0,0,0,0,0_0,1_9
2,1,2,48,8,3,0,0,0,0,0_0,1_8
1,1,1,82,11,3,0,0,0,1,5_1,-1_-1
2,2,1,60,9,3,0,0,0,0,0_0,1_5
2,1,1,62,9,2,0,0,0,0,0_0,1_1
2,1,1,44,7,3,0,0,0,0,0_0,-1_-1
3,2,1,53,8,3,0,0,0,0,0_0,1_2
2,1,1,28,6,2,0,0,0,0,0_0,2_9
1,1,2,67,10,2,0,0,0,1,5_3,1_7
2,1,1,12,3,3,0,0,0,0,0_0,1_3
2,2,2,57,9,3,0,0,0,0,0_0,1_3
1,1,1,51,8,3,0,0,0,0,0_0,1_8
2,2,1,21,5,3,0,0,0,0,0_0,1_1
3,3,2,29,6,3,0,0,0,0,0_0,1_4
1,1,1,12,3,2,0,0,0,1,5_2,1_2
2,1,2,37,7,2,0,0,0,0,0_0,1_4
1,1,2,76,11,2,0,0,0,1,1_1,1_8
1,1,2,64,9,3,0,0,0,1,5_1,1_3
1,1,2,46,8,3,0,0,0,1,4_1,1_2
1,1,1,32,6,3,0,0,0,1,8_1,1_1
3,1,2,34,6,2,0,0,0,0,0_0,1_2
1,1,2,12,3,3,0,0,0,1,5_2,1_1
1,1,2,49,8,3,0,0,0,0,0_0,1_3
1,1,1,9,2,3,0,0,0,1,8_5,1_3
1,1,1,28,6,2,0,0,0,0,0_0,1_1
1,1,1,72,10,3,0,0,0,1,1_1,1_9
2,1,1,50,8,3,0,0,0,0,0_0,2_6
1,1,2,36,7,3,0,0,0,0,0_0,1_2
2,2,1,23,5,3,0,0,0,0,0_0,1_5
2,1,1,57,9,2,0,0,0,0,0_0,1_3
2,1,1,23,5,3,0,0,0,0,0_0,1_5
2,1,2,21,5,3,0,0,0,1,0_0,1_3
2,1,2,22,5,3,0,0,0,0,0_0,1_6
1,1,1,3,1,3,0,0,0,1,9_5,1_3
1,2,1,32,6,3,0,0,0,1,4_3,-1_-1
1,1,2,37,7,3,0,0,0,1,6_9,1_1
1,1,1,11,3,3,0,0,0,1,1_3,1_6
1,1,2,26,6,3,0,0,0,0,0_0,1_4
3,2,2,63,9,3,0,0,0,0,0_0,-1_-1
1,1,2,38,7,2,0,0,0,0,0_0,1_9
1,1,2,41,7,3,0,0,0,1,1_1,1_3
1,1,1,49,8,3,0,0,0,1,1_9,1_3
1,1,2,49,8,3,0,0,0,0,0_0,1_10
2,2,2,19,4,3,0,0,0,0,0_0,1_4
1,1,2,25,5,3,0,0,0,0,0_0,1_3
1,1,2,85,11,2,0,0,0,1,6_9,1_2
1,1,1,72,10,3,0,0,0,1,5_1,-1_-1
1,1,1,36,7,3,0,0,0,0,0_0,1_5
2,1,1,76,11,2,0,0,0,0,0_0,1_8
1,1,2,26,6,3,0,0,0,1,1_9,1_6
1,1,2,54,8,3,0,0,0,1,1_3,1_3
1,1,1,60,9,3,0,0,0,1,5_1,1_3
1,1,1,14,3,3,0,0,0,1,4_1,1_2
1,1,1,51,8,2,0,0,0,0,0_0,1_7
1,1,2,11,3,3,0,0,0,1,1_3,1_3
1,1,2,52,8,3,0,0,0,0,0_0,1_9
1,1,1,31,6,2,0,0,0,1,5_1,1_8
1,1,1,69,10,3,0,0,0,1,5_2,1_2
1,1,1,40,7,3,0,0,0,0,0_0,1_5
1,1,1,9,2,3,0,0,0,1,5_1,1_1
1,1,1,40,7,2,0,0,0,0,0_0,1_1
1,1,2,18,4,3,0,0,0,0,0_0,3_6
2,2,2,65,9,3,0,0,0,0,0_0,2_7
2,2,2,31,6,3,0,0,0,0,0_0,1_8
1,1,1,13,3,2,0,0,0,1,9_8,1_1
1,1,1,66,10,3,0,0,0,0,0_0,1_1
1,1,1,29,6,3,0,0,0,1,5_1,1_1
1,1,2,49,8,3,0,0,0,1,5_1,-1_-1
2,2,1,65,9,3,0,0,0,0,0_0,1_5
2,1,1,67,10,1,0,0,0,0,0_0,1_1
3,2,1,67,10,3,0,0,0,0,0_0,1_1
1,1,2,29,6,3,0,0,0,0,0_0,1_2
2,1,1,56,9,3,0,0,0,0,0_0,1_7
1,1,2,57,9,2,0,0,0,0,0_0,1_9
2,1,1,62,9,3,0,0,0,0,0_0,3_7
1,1,1,68,10,2,0,0,0,0,0_0,1_7
1,1,1,69,10,3,0,0,0,1,9_7,1_1
1,1,2,14,3,2,0,0,0,1,5_1,1_10
1,1,1,56,9,3,0,0,0,0,0_0,1_5
1,1,1,33,6,3,0,0,0,0,0_0,1_7
1,1,1,20,4,3,0,0,0,0,0_0,1_8
1,1,1,27,6,3,0,0,0,1,9_5,1_4
1,1,1,44,7,3,0,0,0,0,0_0,1_6
2,1,2,28,6,3,0,0,0,0,0_0,1_5
1,1,2,64,9,3,0,0,0,0,0_0,1_6
2,1,1,63,9,3,0,0,0,0,0_0,1_5
2,1,1,68,10,2,0,0,0,0,0_0,1_10
2,1,1,36,7,3,0,0,0,0,0_0,1_5
1,1,2,50,8,3,0,0,0,1,5_3,1_5
1,1,2,30,6,3,0,0,0,0,0_0,-1_-1
1,2,1,26,6,2,0,0,0,1,5_1,-1_-1
1,1,1,56,9,2,0,0,0,0,0_0,2_5
1,1,1,13,3,3,0,0,0,1,4_1,1_7
1,1,1,29,6,3,0,0,0,1,6_9,-1_-1
1,1,1,45,7,3,0,0,0,0,0_0,1_8
2,2,1,81,11,2,0,0,0,0,0_0,1_4
1,1,1,14,3,3,0,0,0,0,0_0,2_3
2,1,2,25,5,3,0,0,0,0,0_0,1_10
1,1,2,18,4,3,0,0,0,0,0_0,1_6
1,1,1,21,5,3,0,0,0,1,4_3,1_1
2,1,1,30,6,2,0,0,0,0,0_0,1_7
1,1,1,32,6,3,0,0,0,1,1_3,1_3
1,1,2,81,11,3,0,0,0,1,6_3,1_4
1,1,1,43,7,2,0,0,0,0,0_0,3_7
1,1,2,15,3,3,0,0,0,1,4_1,1_3
2,1,1,21,5,3,0,0,0,0,0_0,3_9
1,1,2,37,7,3,0,0,0,0,0_0,1_2
1,1,1,21,5,1,0,0,0,0,0_0,-1_-1
2,3,1,31,6,3,0,0,0,0,0_0,1_5
1,1,1,20,4,3,0,0,0,1,5_9,1_2
1,1,1,66,10,3,0,0,0,1,1_3,1_5
1,1,1,28,6,3,0,0,0,1,5_3,1_1
2,1,1,44,7,3,0,0,0,0,0_0,1_7
2,2,1,46,8,2,0,0,0,1,0_0,1_1
2,3,1,42,7,3,0,0,0,1,0_0,1_8
1,1,2,14,3,3,0,0,0,1,5_3,1_2
1,1,1,31,6,2,0,0,0,0,0_0,1_3
2,2,1,30,6,2,0,0,0,0,0_0,-1_-1
1,1,2,15,3,3,0,0,0,1,6_9,1_1
2,1,2,25,5,2,0,0,0,0,0_0,1_5
1,1,2,67,10,3,0,0,0,1,6_9,1_4
3,3,1,39,7,3,0,0,0,0,0_0,1_4
3,1,2,24,5,3,0,0,0,0,0_0,1_2
1,1,1,9,2,3,0,0,0,1,5_3,1_7
2,1,1,57,9,2,0,0,0,0,0_0,1_4
2,1,1,44,7,2,0,0,0,0,0_0,1_1
1,1,2,34,6,3,0,0,0,0,0_0,1_6
1,2,2,54,8,2,0,0,0,1,1_1,1_9
1,1,2,31,6,3,0,0,0,0,0_0,1_3
2,1,1,28,6,2,0,0,0,0,0_0,1_2
1,1,2,16,4,3,0,0,0,1,5_1,1_1
1,1,1,28,6,3,0,0,0,1,9_8,2_7
1,2,2,32,6,1,0,0,0,1,0_0,1_9
1,1,1,11,3,3,0,0,0,1,4_4,1_2
1,1,2,19,4,3,0,0,0,1,8_5,1_5
1,1,2,19,4,3,0,0,0,1,0_0,1_2
1,2,1,22,5,3,0,0,0,0,0_0,1_1
2,1,1,33,6,2,0,0,0,0,0_0,1_5
1,1,1,70,10,2,0,0,0,0,0_0,1_3
2,3,2,39,7,3,0,0,0,0,0_0,3_10
1,1,1,45,7,2,0,0,0,0,0_0,1_1
1,1,1,23,5,2,0,0,0,0,0_0,1_8
2,1,2,52,8,3,0,0,0,0,0_0,1_1
2,1,2,50,8,3,0,0,0,0,0_0,1_9
1,1,1,50,8,3,0,0,0,1,6_9,1_3
2,1,1,50,8,2,0,0,0,0,0_0,1_3
1,3,1,84,11,3,0,0,0,0,0_0,2_6
2,1,2,59,9,3,0,0,0,0,0_0,1_4
1,1,1,88,11,2,0,0,0,1,6_9,1_10
1,1,1,15,3,2,0,0,0,1,8_3,1_1
1,1,1,3,1,3,0,0,0,1,5_1,1_1
1,1,1,23,5,2,0,0,0,1,8_8,1_9
3,2,2,44,7,2,0,0,0,0,0_0,1_8
1,1,2,56,9,2,0,0,0,1,5_1,1_1
1,2,1,40,7,3,0,0,0,0,0_0,-1_-1
2,3,1,62,9,3,0,0,0,0,0_0,1_6
1,1,2,90,11,2,0,0,0,1,5_1,1_5
2,2,1,53,8,3,0,0,0,0,0_0,1_9
2,3,1,67,10,3,0,0,0,1,0_0,1_4
1,1,2,34,6,3,0,0,0,0,0_0,-1_-1
1,1,2,49,8,3,0,0,0,0,0_0,1_9
2,1,2,22,5,3,0,0,0,0,0_0,3_4
1,1,2,59,9,3,0,0,0,0,0_0,1_9
1,1,1,10,2,3,0,0,0,1,4_1,2_4
2,2,1,18,4,3,0,0,0,0,0_0,1_10
1,1,1,10,2,3,0,0,0,1,6_9,1_4
1,1,1,60,9,2,0,0,0,0,0_0,2_8
1,1,1,30,6,2,0,0,0,1,1_3,-1_-1
1,1,2,18,4,3,0,0,0,1,1_3,1_2
1,1,2,11,3,2,0,0,0,1,10_9,1_4
1,2,1,10,2,2,0,0,0,0,0_0,-1_-1
1,1,1,43,7,2,0,0,0,1,5_1,1_1
1,2,1,33,6,3,0,0,0,0,0_0,1_2
2,1,2,27,6,3,0,0,0,0,0_0,1_6
1,1,1,29,6,2,0,0,0,0,0_0,1_1
2,2,1,22,5,3,0,0,0,0,0_0,1_3
1,1,1,59,9,2,0,0,0,1,5_1,1_2
1,1,1,33,6,3,0,0,0,0,0_0,1_10
1,1,1,19,4,3,0,0,0,0,0_0,-1_-1
1,1,2,39,7,3,0,0,0,0,0_0,1_2
1,1,1,41,7,3,0,0,0,1,5_3,1_2
2,1,1,23,5,3,0,0,0,0,0_0,1_3
1,1,2,14,3,3,0,0,0,1,5_2,1_1
1,1,1,69,10,3,0,0,0,0,0_0,1_1
1,1,2,16,4,3,0,0,0,1,8_1,1_2
1,1,1,33,6,3,0,0,0,1,1_1,1_2
1,1,1,31,6,2,0,0,0,1,5_4,1_8
1,1,1,44,7,3,0,0,0,0,0_0,1_9
2,1,1,48,8,2,0,0,0,0,0_0,1_2
1,1,1,39,7,3,0,0,0,0,0_0,1_3
1,1,1,56,9,3,0,0,0,0,0_0,1_2
1,1,1,27,6,3,0,0,0,1,5_1,1_4
1,1,2,43,7,2,0,0,0,1,5_1,1_5
2,1,1,46,8,3,0,0,0,0,0_0,3_5
1,1,2,60,9,3,0,0,0,1,1_1,1_3
2,1,1,32,6,3,0,0,0,0,0_0,-1_-1
1,1,1,41,7,2,0,0,0,0,0_0,1_3
1,2,1,35,6,1,0,0,0,1,6_9,1_3
1,1,2,44,7,3,0,0,0,1,5_9,1_6
1,2,2,73,10,3,0,0,0,1,5_1,1_6
1,1,1,36,7,3,0,0,0,1,5_1,1_6
1,1,2,23,5,3,0,0,0,0,0_0,1_6
1,1,2,29,6,3,0,0,0,0,0_0,1_4
1,1,1,83,11,3,0,0,0,1,4_3,1_2
2,1,1,13,3,3,0,0,0,0,0_0,1_8
2,1,1,36,7,2,0,0,0,0,0_0,1_6
2,1,2,23,5,3,0,0,0,0,0_0,-1_-1
2,1,1,66,10,2,0,0,0,0,0_0,1_2
1,1,2,42,7,3,0,0,0,0,0_0,1_6
2,3,1,63,9,3,0,0,0,0,0_0,1_2
1,1,2,53,8,3,0,0,0,0,0_0,1_5
1,1,1,19,4,3,0,0,0,0,0_0,1_7
2,3,1,25,5,3,0,0,0,0,0_0,2_9
1,1,2,12,3,3,0,0,0,1,6_9,2_10
1,1,1,88,11,3,0,0,0,0,0_0,1_1
2,1,2,45,7,3,0,0,0,0,0_0,1_4
2,1,2,60,9,3,0,0,0,0,0_0,1_1
1,1,2,50,8,3,0,0,0,1,5_9,1_2
2,3,1,61,9,3,0,0,0,0,0_0,3_4
1,1,1,18,4,2,0,0,0,0,0_0,2_10
2,2,1,33,6,3,0,0,0,0,0_0,3_5
1,1,1,13,3,2,0,0,0,1,10_9,1_8
1,1,1,10,2,2,0,0,0,1,8_4,1_3
1,1,2,77,11,3,0,0,0,0,0_0,1_-1
1,1,1,46,8,2,0,0,0,1,6_9,1_5
1,1,1,17,4,3,0,0,0,1,10_9,1_10
2,1,1,51,8,2,0,0,0,0,0_0,1_1
2,1,1,59,9,2,0,0,0,0,0_0,1_6
2,1,2,19,4,3,0,0,0,0,0_0,1_3
2,1,2,52,8,2,0,0,0,0,0_0,1_6
1,1,1,61,9,2,0,0,0,0,0_0,2_9
1,1,2,37,7,3,0,0,0,1,5_9,1_1
1,1,2,56,9,2,0,0,0,0,0_0,1_3
2,2,1,44,7,3,0,0,0,0,0_0,1_2
1,1,2,53,8,3,0,0,0,1,9_9,1_3
1,1,1,52,8,2,0,0,0,0,0_0,1_6
1,2,1,19,4,2,0,0,0,0,0_0,1_1
1,1,2,8,2,3,0,0,0,1,0_0,1_2
1,2,1,42,7,3,0,0,0,1,0_0,1_2
2,1,2,34,6,2,0,0,0,0,0_0,1_6
2,2,2,40,7,3,0,0,0,0,0_0,1_1
1,1,2,12,3,3,0,0,0,1,1_9,1_3
2,1,2,37,7,3,0,0,0,0,0_0,1_9
2,1,2,30,6,3,0,0,0,0,0_0,1_8
1,1,2,20,4,3,0,0,0,1,5_1,1_1
1,1,1,21,5,3,0,0,0,1,5_1,1_3
2,1,1,30,6,2,0,0,0,0,0_0,1_3
3,1,1,34,6,3,0,0,0,0,0_0,1_2
2,1,2,20,4,3,0,0,0,0,0_0,-1_-1
3,2,2,41,7,3,0,0,0,0,0_0,1_4
2,2,2,51,8,3,0,0,0,0,0_0,1_8
1,1,2,50,8,3,0,0,0,0,0_0,1_5
3,2,2,55,8,2,0,0,0,0,0_0,1_6
1,1,2,48,8,3,0,0,0,0,0_0,1_3
2,3,1,56,9,3,0,0,0,0,0_0,1_3
1,1,1,77,11,3,0,0,0,0,0_0,1_2
2,1,2,49,8,3,0,0,0,0,0_0,1_3
2,1,2,45,7,2,0,0,0,0,0_0,1_6
1,1,2,22,5,3,0,0,0,1,4_1,1_2
1,1,2,43,7,2,0,0,0,1,5_9,1_9
1,1,1,36,7,3,0,0,0,0,0_0,3_3
3,3,2,41,7,3,0,0,0,0,0_0,1_9
1,1,2,62,9,2,0,0,0,1,5_1,1_5
1,1,1,83,11,3,0,0,0,1,5_3,1_2
2,1,2,18,4,3,0,0,0,1,9_9,1_4
3,2,1,13,3,3,0,0,0,0,0_0,1_7
1,1,1,45,7,3,0,0,0,0,0_0,1_1
1,1,2,49,8,3,0,0,0,0,0_0,1_2
1,1,2,51,8,3,0,0,0,1,1_1,1_3
1,1,1,48,8,2,0,0,0,1,8_1,1_10
3,1,1,20,4,3,0,0,0,0,0_0,1_3
1,2,1,43,7,3,0,0,0,0,0_0,1_3
2,3,1,45,7,3,0,0,0,0,0_0,1_3
1,1,1,46,8,3,0,0,0,1,5_3,1_1
2,1,1,64,9,3,0,0,0,0,0_0,1_3
2,1,1,58,9,2,0,0,0,0,0_0,1_8
1,2,1,29,6,3,0,0,0,0,0_0,1_6
1,1,1,5,1,3,0,0,0,1,5_3,1_5
1,1,2,13,3,3,0,0,0,1,5_2,1_2
1,1,1,27,6,3,0,0,0,1,5_1,1_2
1,1,1,48,8,3,0,0,0,1,5_3,1_9
2,1,1,23,5,2,0,0,0,0,0_0,1_2
1,1,1,23,5,2,0,0,0,0,0_0,1_6
2,1,2,27,6,3,0,0,0,1,10_9,1_4
1,1,2,20,4,3,0,0,0,1,7_9,1_7
2,1,2,52,8,3,0,0,0,1,0_0,1_4
1,1,1,71,10,3,0,0,0,1,4_1,1_3
2,1,1,36,7,2,0,0,0,0,0_0,1_7
2,1,2,40,7,3,0,0,0,0,0_0,1_5
1,1,2,65,9,3,0,0,0,0,0_0,1_3
2,1,2,52,8,3,0,0,0,0,0_0,-1_-1
1,1,2,12,3,3,0,0,0,1,5_9,1_1
1,1,1,17,4,3,0,0,0,1,8_3,-1_-1
1,1,1,55,8,3,0,0,0,1,8_7,1_1
1,1,1,43,7,2,0,0,0,0,0_0,1_8
1,1,1,59,9,2,0,0,0,1,4_1,1_10
2,1,1,12,3,2,0,0,0,0,0_0,1_9
1,1,2,44,7,3,0,0,0,0,0_0,1_6
2,1,2,47,8,3,0,0,0,0,0_0,1_5
1,1,2,18,4,3,0,0,0,1,5_2,1_4
2,1,1,20,4,2,0,0,0,0,0_0,1_6
1,1,1,20,4,2,0,0,0,0,0_0,2_9
1,1,1,72,10,1,0,0,0,0,0_0,1_8
2,1,1,21,5,2,0,0,0,0,0_0,1_6
2,1,1,29,6,3,0,0,0,0,0_0,2_4
2,1,1,8,2,3,0,0,0,0,0_0,1_3
2,2,1,51,8,3,0,0,0,0,0_0,1_1
2,1,1,58,9,3,0,0,0,0,0_0,2_6
2,1,1,27,6,2,0,0,0,0,0_0,1_5
1,1,1,27,6,2,0,0,0,0,0_0,1_3
1,1,1,27,6,2,0,0,0,0,0_0,1_7
2,1,2,56,9,3,0,0,0,1,0_0,3_8
2,1,2,44,7,3,0,0,0,0,0_0,1_4
2,1,2,15,3,2,0,0,0,0,0_0,-1_-1
1,1,2,43,7,3,0,0,0,1,5_4,-1_-1
1,1,1,6,2,3,0,0,0,1,5_3,1_1
1,1,2,76,11,3,0,0,0,0,0_0,1_4
1,1,1,63,9,3,0,0,0,0,0_0,1_9
1,1,1,13,3,3,0,0,0,0,0_0,1_4
2,1,2,67,10,3,0,0,0,0,0_0,1_1
1,1,2,30,6,2,0,0,0,0,0_0,1_4
2,2,1,26,6,3,0,0,0,0,0_0,1_2
1,1,1,35,6,2,0,0,0,0,0_0,1_2
2,1,1,73,10,3,0,0,0,0,0_0,1_5
1,1,1,57,9,3,0,0,0,0,0_0,2_10
1,1,2,32,6,3,0,0,0,0,0_0,1_2
2,1,2,28,6,3,0,0,0,0,0_0,1_4
1,1,1,78,11,3,0,0,0,0,0_0,2_6
3,1,1,25,5,3,0,0,0,0,0_0,1_1
1,2,1,36,7,3,0,0,0,1,0_0,1_5
1,3,1,18,4,3,0,0,0,1,0_0,1_3
2,1,2,37,7,3,0,0,0,0,0_0,1_1
2,1,2,47,8,3,0,0,0,0,0_0,2_6
3,2,1,46,8,3,0,0,0,0,0_0,2_8
1,1,1,76,11,3,0,0,0,0,0_0,1_7
2,2,1,42,7,3,0,0,0,0,0_0,1_10
1,1,1,8,2,2,0,0,0,1,5_4,1_3
2,1,2,38,7,3,0,0,0,0,0_0,1_9
1,1,2,22,5,3,0,0,0,1,6_9,1_4
1,1,1,73,10,2,0,0,0,0,0_0,3_10
1,1,2,24,5,3,0,0,0,1,1_3,-1_-1
1,1,1,21,5,3,0,0,0,0,0_0,3_4
2,1,2,46,8,3,0,0,0,0,0_0,3_10
2,1,1,22,5,2,0,0,0,0,0_0,2_2
1,1,1,60,9,2,0,0,0,1,1_3,3_6
1,1,2,36,7,2,0,0,0,1,5_3,1_2
2,1,1,33,6,3,0,0,0,0,0_0,1_9
1,1,2,46,8,2,0,0,0,1,1_1,1_3
1,1,2,26,6,3,0,0,0,1,5_3,1_2
2,1,2,38,7,2,0,0,0,0,0_0,-1_-1
2,1,2,19,4,3,0,0,0,0,0_0,1_2
1,2,1,44,7,3,0,0,0,0,0_0,1_9
1,1,2,45,7,3,0,0,0,1,5_3,-1_-1
1,1,2,42,7,3,0,0,0,0,0_0,2_3
2,2,1,57,9,3,0,0,0,0,0_0,3_4
1,1,2,40,7,3,0,0,0,0,0_0,1_9
1,1,2,77,11,3,0,0,0,1,7_9,1_5
2,2,1,12,3,3,0,0,0,1,6_9,1_5
3,3,2,24,5,3,0,0,0,0,0_0,1_2
1,2,2,33,6,3,0,0,0,1,5_2,1_2
1,1,1,40,7,2,0,0,0,0,0_0,1_2
1,1,2,20,4,3,0,0,0,1,4_3,1_3
1,1,1,66,10,3,0,0,0,1,1_9,1_2
1,1,2,38,7,2,0,0,0,1,6_9,1_4
1,1,2,31,6,3,0,0,0,1,9_7,1_-1
1,1,1,55,8,2,0,0,0,0,0_0,1_8
1,1,2,35,6,3,0,0,0,1,6_9,1_4
2,1,2,63,9,2,0,0,0,0,0_0,1_6
1,1,1,42,7,3,0,0,0,1,5_3,-1_-1
1,1,1,35,6,3,0,0,0,1,10_9,1_6
1,1,1,29,6,3,0,0,0,1,1_1,1_3
1,1,2,64,9,2,0,0,0,1,8_1,1_3
1,1,2,34,6,3,0,0,0,1,1_3,1_3
2,1,1,27,6,3,0,0,0,0,0_0,1_4
2,1,1,27,6,2,0,0,0,0,0_0,1_4
1,1,1,18,4,3,0,0,0,0,0_0,1_8
1,1,1,50,8,2,0,0,0,0,0_0,1_2
1,1,2,58,9,3,0,0,0,1,10_9,1_3
1,1,1,73,10,2,0,0,0,0,0_0,1_8
2,2,2,48,8,3,0,0,0,0,0_0,1_3
2,1,1,39,7,2,0,0,0,0,0_0,1_1
1,1,1,45,7,2,0,0,0,0,0_0,1_6
1,1,1,23,5,2,0,0,0,1,1_9,1_2
1,1,1,18,4,3,0,0,0,1,1_3,1_2
2,1,1,52,8,2,0,0,0,0,0_0,1_5
1,1,1,63,9,3,0,0,0,0,0_0,1_3
1,1,1,13,3,2,0,0,0,1,5_3,1_1
1,1,2,67,10,3,0,0,0,1,6_9,1_2
2,1,1,25,5,2,0,0,0,0,0_0,1_2
1,2,2,20,4,3,0,0,0,1,0_0,1_2
1,1,2,52,8,3,0,0,0,0,0_0,1_2
1,1,1,16,4,2,0,0,0,1,4_2,1_2
1,1,1,57,9,3,0,0,0,0,0_0,1_2
1,1,1,10,2,2,0,0,0,1,5_3,1_2
1,1,1,60,9,2,0,0,0,0,0_0,1_2
2,1,1,38,7,3,0,0,0,0,0_0,1_7
1,1,2,23,5,3,0,0,0,0,0_0,1_8
2,1,1,14,3,2,0,0,0,0,0_0,2_2
1,1,1,45,7,3,0,0,0,1,4_3,1_1
1,1,1,64,9,1,0,0,0,0,0_0,3_4
2,1,2,48,8,3,0,0,0,0,0_0,1_1
1,1,1,15,3,3,0,0,0,1,1_1,1_3
1,1,1,47,8,3,0,0,0,1,10_8,-1_-1
2,1,2,22,5,3,0,0,0,0,0_0,1_9
2,1,1,60,9,3,0,0,0,0,0_0,-1_-1
1,1,1,39,7,2,0,0,0,0,0_0,-1_-1
1,1,1,56,9,3,0,0,0,0,0_0,1_4
1,1,1,69,10,3,0,0,0,0,0_0,2_5
2,2,1,69,10,3,0,0,0,0,0_0,1_2
1,1,1,12,3,2,0,0,0,1,6_9,-1_-1
2,2,1,51,8,2,0,0,0,0,0_0,1_9
1,1,2,22,5,3,0,0,0,1,5_4,1_3
1,1,1,13,3,3,0,0,0,0,0_0,1_2
1,1,2,61,9,3,0,0,0,0,0_0,1_5
1,1,2,7,2,3,0,0,0,1,10_9,-1_-1
2,1,1,18,4,2,0,0,0,1,0_0,1_7
1,1,2,70,10,3,0,0,0,1,5_1,1_1
3,2,2,18,4,3,0,0,0,0,0_0,1_5
1,1,1,67,10,3,0,0,0,0,0_0,1_4
1,1,1,18,4,3,0,0,0,1,5_1,1_5
1,1,2,20,4,3,0,0,0,1,5_2,1_5
3,2,1,23,5,3,0,0,0,0,0_0,1_5
2,2,1,40,7,2,0,0,0,0,0_0,1_3
1,1,1,25,5,3,0,0,0,1,10_9,1_4
1,2,2,23,5,3,0,0,0,1,10_9,1_4
1,2,2,64,9,3,0,0,0,0,0_0,1_3
2,1,1,56,9,3,0,0,0,0,0_0,1_1
2,1,2,66,10,3,0,0,0,0,0_0,1_2
2,1,2,76,11,2,0,0,0,1,0_0,1_8
2,1,1,66,10,2,0,0,0,0,0_0,1_8
2,1,2,24,5,2,0,0,0,0,0_0,1_7
1,1,1,36,7,2,0,0,0,0,0_0,1_2
2,1,1,39,7,3,0,0,0,0,0_0,-1_-1
1,1,2,37,7,3,0,0,0,0,0_0,1_1
2,1,2,59,9,3,0,0,0,0,0_0,1_2
2,1,1,75,10,3,0,0,0,0,0_0,1_3
2,1,2,31,6,3,0,0,0,0,0_0,1_8
1,2,1,19,4,2,0,0,0,0,0_0,1_3
2,1,1,51,8,1,0,0,0,0,0_0,1_1
1,1,1,28,6,3,0,0,0,1,6_9,1_1
3,3,1,59,9,3,0,0,0,0,0_0,2_10
1,1,1,43,7,3,0,0,0,1,9_9,1_1
2,1,1,37,7,2,0,0,0,0,0_0,1_4
1,3,1,47,8,3,0,0,0,0,0_0,1_3
2,1,2,51,8,2,0,0,0,0,0_0,1_1
1,1,2,27,6,3,0,0,0,0,0_0,1_5
1,1,1,72,10,3,0,0,0,0,0_0,1_8
1,1,1,24,5,2,0,0,0,1,5_9,1_4
1,1,2,55,8,3,0,0,0,0,0_0,1_5
1,1,2,62,9,3,0,0,0,1,6_9,1_2
1,1,2,11,3,3,0,0,0,1,5_9,1_2
1,1,1,24,5,2,0,0,0,0,0_0,1_6
1,1,2,37,7,3,0,0,0,0,0_0,-1_-1
1,1,1,70,10,3,0,0,0,1,1_1,1_4
1,1,2,43,7,3,0,0,0,0,0_0,1_9
2,2,2,38,7,3,0,0,0,0,0_0,1_7
1,1,1,20,4,3,0,0,0,0,0_0,1_5
1,1,2,67,10,3,0,0,0,0,0_0,1_9
1,1,2,26,6,3,0,0,0,0,0_0,-1_-1
3,2,1,50,8,3,0,0,0,0,0_0,1_6
3,1,1,51,8,3,0,0,0,0,0_0,1_2
1,1,1,23,5,3,0,0,0,0,0_0,1_7
1,1,1,32,6,3,0,0,0,1,0_0,1_3
1,2,1,27,6,3,0,0,0,1,0_0,1_3
1,1,2,27,6,2,0,0,0,1,8_3,1_1
1,1,2,30,6,3,0,0,0,0,0_0,1_7
1,1,1,27,6,3,0,0,0,0,0_0,1_10
1,1,1,92,11,3,0,0,0,0,0_0,1_10
2,1,1,23,5,3,0,0,0,0,0_0,2_10
2,2,1,40,7,3,0,0,0,0,0_0,1_3
1,2,1,64,9,2,0,0,0,0,0_0,1_7
2,1,1,42,7,2,0,0,0,0,0_0,3_7
2,1,1,83,11,3,0,0,0,0,0_0,1_1
1,1,2,26,6,2,0,0,0,0,0_0,1_2
1,1,2,22,5,3,0,0,0,0,0_0,1_5
2,1,2,51,8,3,0,0,0,0,0_0,3_9
1,1,1,94,11,2,0,0,0,0,0_0,1_2
1,1,2,26,6,3,0,0,0,1,4_3,-1_-1
2,2,1,38,7,3,0,0,0,0,0_0,1_5
2,1,1,61,9,3,0,0,0,0,0_0,1_2
1,1,2,42,7,3,0,0,0,0,0_0,2_8
2,2,2,47,8,3,0,0,0,0,0_0,1_10
2,1,2,29,6,3,0,0,0,0,0_0,-1_-1
1,1,1,34,6,3,0,0,0,1,8_8,1_-1
1,1,1,35,6,2,0,0,0,1,0_0,1_10
3,2,2,35,6,3,0,0,0,0,0_0,1_10
1,1,1,40,7,3,0,0,0,0,0_0,2_7
3,2,1,51,8,3,0,0,0,0,0_0,2_7
1,2,1,26,6,3,0,0,0,0,0_0,1_1
2,1,2,47,8,3,0,0,0,1,8_5,1_1
1,1,1,49,8,2,0,0,0,0,0_0,1_9
2,2,1,51,8,2,0,0,0,0,0_0,3_7
2,1,1,32,6,2,0,0,0,0,0_0,1_1
1,1,2,23,5,3,0,0,0,0,0_0,2_4
2,2,2,50,8,3,0,0,0,0,0_0,2_4
2,1,2,59,9,2,0,0,0,0,0_0,2_8
1,1,2,42,7,3,0,0,0,0,0_0,1_-1
1,1,1,40,7,3,0,0,0,1,10_9,1_3
1,1,2,31,6,3,0,0,0,1,1_1,1_4
1,1,1,27,6,3,0,0,0,0,0_0,3_8
1,1,1,47,8,3,0,0,0,0,0_0,1_6
1,1,1,7,2,2,0,0,0,1,5_2,1_4
2,1,1,18,4,3,0,0,0,0,0_0,1_5
1,1,2,22,5,3,0,0,0,0,0_0,1_3
2,1,1,74,10,2,0,0,0,0,0_0,1_10
1,1,1,34,6,2,0,0,0,1,0_0,1_1
1,1,2,77,11,2,0,0,0,0,0_0,2_2
1,1,2,4,1,2,0,0,0,1,5_4,1_6
1,1,1,57,9,3,0,0,0,0,0_0,2_9
2,2,1,24,5,3,0,0,0,0,0_0,2_5
3,3,2,33,6,3,0,0,0,0,0_0,2_3
1,1,1,86,11,3,0,0,0,0,0_0,1_10
2,1,2,31,6,2,0,0,0,0,0_0,1_9
1,1,1,32,6,2,0,0,0,0,0_0,1_9
1,1,1,7,2,3,0,0,0,1,5_1,1_1
1,1,2,54,8,2,0,0,0,1,5_3,3_8
1,1,2,21,5,1,0,0,0,0,0_0,1_7
2,3,2,40,7,3,0,0,0,0,0_0,1_5
3,2,2,33,6,3,0,0,0,0,0_0,-1_-1
1,2,1,37,7,2,0,0,0,0,0_0,1_1
1,1,2,11,3,3,0,0,0,1,4_3,1_4
2,2,1,45,7,3,0,0,0,0,0_0,1_3
1,1,2,70,10,2,0,0,0,0,0_0,1_4
2,1,2,37,7,2,0,0,0,0,0_0,3_4
1,1,2,50,8,3,0,0,0,1,5_3,1_2
2,1,2,53,8,3,0,0,0,0,0_0,1_6
2,1,1,20,4,3,0,0,0,0,0_0,3_4
2,1,2,57,9,2,0,0,0,1,0_0,-1_-1
2,2,1,52,8,2,0,0,0,0,0_0,2_3
2,1,2,23,5,3,0,0,0,0,0_0,1_8
1,1,1,29,6,1,0,0,0,0,0_0,1_1
1,1,2,22,5,3,0,0,0,0,0_0,2_6
2,1,1,58,9,2,0,0,0,0,0_0,1_4
2,1,1,57,9,2,0,0,0,0,0_0,1_5
2,1,2,30,6,2,0,0,0,0,0_0,1_1
2,2,1,6,2,2,0,0,0,1,0_0,1_1
3,1,2,53,8,3,0,0,0,0,0_0,1_6
1,1,1,53,8,3,0,0,0,0,0_0,1_7
2,1,1,12,3,3,0,0,0,0,0_0,3_7
1,1,1,43,7,2,0,0,0,0,0_0,1_2
2,1,2,34,6,2,0,0,0,0,0_0,1_2
2,1,2,24,5,2,0,0,0,0,0_0,1_2
1,1,1,74,10,3,0,0,0,0,0_0,1_5
1,1,1,84,11,2,0,0,0,0,0_0,1_4
1,1,1,23,5,2,0,0,0,1,0_0,1_1
1,1,2,44,7,3,0,0,0,0,0_0,2_9
2,1,1,56,9,3,0,0,0,0,0_0,3_5
2,2,1,43,7,3,0,0,0,0,0_0,1_8
2,1,2,63,9,3,0,0,0,0,0_0,3_6
1,1,2,22,5,3,0,0,0,0,0_0,1_2
2,3,1,45,7,3,0,0,0,0,0_0,1_1
1,1,1,31,6,2,0,0,0,0,0_0,1_8
2,1,1,9,2,3,0,0,0,1,0_0,1_3
1,1,1,25,5,2,0,0,0,0,0_0,1_1
2,1,1,23,5,3,0,0,0,0,0_0,3_8
1,1,1,97,11,2,0,0,0,0,0_0,2_6
1,1,1,59,9,1,0,0,0,0,0_0,1_9
1,2,1,24,5,3,0,0,0,0,0_0,1_7
1,2,1,32,6,3,0,0,0,0,0_0,1_1
2,3,1,33,6,3,0,0,0,0,0_0,1_1
1,1,1,15,3,3,0,0,0,0,0_0,2_6
1,1,1,87,11,2,0,0,0,0,0_0,3_5
2,2,2,47,8,3,0,0,0,0,0_0,1_1
1,1,1,80,11,2,0,0,0,0,0_0,1_5
2,2,2,29,6,3,0,0,0,0,0_0,1_3
1,2,2,83,11,2,0,0,0,0,0_0,1_2
1,1,1,39,7,2,0,0,0,0,0_0,1_3
1,1,1,17,4,3,0,0,0,0,0_0,1_2
1,1,1,74,10,2,0,0,0,0,0_0,2_8
1,1,1,15,3,3,0,0,0,0,0_0,-1_-1
1,1,1,55,8,2,0,0,0,0,0_0,-1_-1
1,2,1,48,8,3,0,0,0,1,0_0,-1_-1
1,1,1,52,8,2,0,0,0,0,0_0,1_2
1,1,1,78,11,3,0,0,0,0,0_0,1_7
3,1,1,25,5,3,0,0,0,0,0_0,1_2
1,1,1,37,7,3,0,0,0,1,5_3,1_5
1,1,1,63,9,3,0,0,0,1,6_9,1_6
1,1,1,54,8,1,0,0,0,0,0_0,3_4
2,1,1,99,11,3,0,0,0,0,0_0,1_9
1,1,1,67,10,2,0,0,0,0,0_0,3_6
2,2,1,59,9,3,0,0,0,0,0_0,3_6
1,1,2,64,9,3,0,0,0,0,0_0,1_3
1,1,1,44,7,3,0,0,0,0,0_0,3_5
2,1,1,65,9,3,0,0,0,0,0_0,1_5
2,1,1,32,6,2,0,0,0,0,0_0,1_6
1,1,2,14,3,3,0,0,0,1,6_9,1_1
1,2,2,42,7,3,0,0,0,1,6_9,1_1
2,1,1,74,10,2,0,0,0,0,0_0,1_4
1,1,1,35,6,3,0,0,0,0,0_0,2_4
1,1,1,32,6,3,0,0,0,1,6_9,1_4
1,1,1,79,11,1,0,0,0,1,4_2,1_5
2,1,2,61,9,3,0,0,0,0,0_0,1_4
2,1,1,23,5,3,0,0,0,0,0_0,1_7
2,2,2,26,6,3,0,0,0,0,0_0,1_7
1,1,1,35,6,3,0,0,0,0,0_0,-1_-1
2,3,1,23,5,3,0,0,0,0,0_0,1_6
1,1,1,38,7,3,0,0,0,0,0_0,1_9
1,1,2,33,6,3,0,0,0,0,0_0,1_3
1,1,1,37,7,3,0,0,0,0,0_0,3_10
1,1,1,62,9,2,0,0,0,1,6_9,1_10
1,1,2,19,4,3,0,0,0,1,4_1,1_2
1,1,2,34,6,3,0,0,0,1,9_9,1_3
1,1,2,33,6,3,0,0,0,0,0_0,1_6
3,1,1,37,7,3,0,0,0,0,0_0,1_1
1,1,1,70,10,2,0,0,0,0,0_0,3_6
2,1,2,35,6,3,0,0,0,0,0_0,1_6
1,1,1,64,9,3,0,0,0,0,0_0,-1_-1
2,1,1,62,9,3,0,0,0,0,0_0,2_6
1,2,1,52,8,3,0,0,0,0,0_0,1_8
2,1,1,54,8,2,0,0,0,0,0_0,1_1
1,1,1,36,7,2,0,0,0,0,0_0,2_2
1,1,2,62,9,3,0,0,0,1,5_3,1_3
2,1,1,75,10,2,0,0,0,0,0_0,2_7
3,2,1,33,6,3,0,0,0,0,0_0,1_9
2,1,2,59,9,3,0,0,0,1,0_0,1_1
1,1,2,35,6,3,0,0,0,0,0_0,1_7
1,1,2,91,11,3,0,0,0,0,0_0,1_9
1,1,2,70,10,3,0,0,0,0,0_0,2_4
1,1,2,13,3,3,0,0,0,1,5_3,1_1
2,1,1,76,11,3,0,0,0,0,0_0,1_4
2,1,2,55,8,3,0,0,0,0,0_0,1_9
1,1,1,57,9,3,0,0,0,0,0_0,1_1
2,2,2,30,6,3,0,0,0,0,0_0,1_5
2,1,2,77,11,3,0,0,0,0,0_0,3_2
2,1,2,52,8,3,0,0,0,0,0_0,1_9
2,1,1,11,3,2,0,0,0,0,0_0,1_4
1,1,1,60,9,2,0,0,0,1,5_1,-1_-1
2,1,1,60,9,3,0,0,0,0,0_0,1_4
1,1,2,12,3,3,0,0,0,1,5_2,-1_-1
2,1,2,29,6,3,0,0,0,0,0_0,1_2
1,2,1,33,6,3,0,0,0,0,0_0,1_7
2,1,1,42,7,3,0,0,0,0,0_0,3_3
1,1,1,24,5,2,0,0,0,0,0_0,1_8
2,1,2,51,8,2,0,0,0,0,0_0,1_3
2,1,1,15,3,2,0,0,0,0,0_0,1_7
1,1,1,41,7,3,0,0,0,1,9_9,1_1
1,1,1,37,7,2,0,0,0,0,0_0,1_4
1,1,1,44,7,2,0,0,0,1,1_2,1_6
1,1,2,44,7,2,0,0,0,0,0_0,1_6
2,1,1,31,6,2,0,0,0,0,0_0,1_3
1,1,1,15,3,3,0,0,0,1,4_2,1_6
1,1,2,57,9,3,0,0,0,0,0_0,1_7
1,1,2,19,4,3,0,0,0,1,1_1,1_4
2,1,1,33,6,2,0,0,0,0,0_0,1_2
1,1,2,49,8,3,0,0,0,0,0_0,1_7
1,1,2,29,6,3,0,0,0,1,5_3,1_2
1,1,1,70,10,3,0,0,0,1,1_1,1_5
1,1,2,45,7,3,0,0,0,1,6_9,1_4
1,1,2,59,9,3,0,0,0,1,9_9,1_9
1,1,1,62,9,3,0,0,0,0,0_0,1_4
2,1,1,44,7,2,0,0,0,0,0_0,1_4
1,1,1,14,3,3,0,0,0,1,5_3,1_5
2,1,1,51,8,2,0,0,0,0,0_0,1_5
1,1,1,32,6,2,0,0,0,1,5_1,1_7
2,2,1,51,8,3,0,0,0,0,0_0,1_2
1,1,1,27,6,3,0,0,0,0,0_0,1_9
2,2,2,51,8,3,0,0,0,0,0_0,1_10
1,1,2,15,3,3,0,0,0,1,4_1,1_1
2,1,1,11,3,3,0,0,0,0,0_0,1_2
2,2,2,42,7,3,0,0,0,0,0_0,1_5
2,1,1,38,7,3,0,0,0,0,0_0,1_4
1,1,1,83,11,3,0,0,0,1,6_9,1_2
1,1,1,68,10,2,0,0,0,1,1_3,1_2
1,1,2,11,3,3,0,0,0,1,5_1,1_2
1,1,2,69,10,2,0,0,0,1,1_1,1_3
2,1,2,39,7,3,0,0,0,0,0_0,1_1
1,1,2,68,10,2,0,0,0,1,5_3,1_6
1,1,2,61,9,3,0,0,0,1,1_1,1_1
2,1,2,23,5,2,0,0,0,0,0_0,1_2
1,1,1,59,9,3,0,0,0,1,8_3,1_5
1,1,2,8,2,2,0,0,0,1,3_1,1_2
2,2,1,41,7,3,0,0,0,0,0_0,1_2
2,1,2,28,6,2,0,0,0,0,0_0,1_3
1,1,1,43,7,3,0,0,0,0,0_0,1_8
1,1,2,5,1,3,0,0,0,1,5_1,1_5
1,1,2,41,7,3,0,0,0,1,9_8,1_4
1,1,2,24,5,2,0,0,0,1,1_1,1_1
1,1,2,49,8,3,0,0,0,0,0_0,2_4
2,1,2,71,10,3,0,0,0,0,0_0,1_9
1,1,1,44,7,2,0,0,0,0,0_0,1_2
1,1,1,67,10,2,0,0,0,1,1_3,1_3
1,1,2,26,6,3,0,0,0,0,0_0,1_9
2,1,1,34,6,2,0,0,0,0,0_0,1_1
1,1,1,40,7,3,0,0,0,0,0_0,1_9
1,2,1,54,8,3,0,0,0,1,4_2,1_1
2,1,1,45,7,2,0,0,0,0,0_0,1_5
1,1,2,15,3,3,0,0,0,0,0_0,1_9
1,1,2,36,7,2,0,0,0,0,0_0,1_6
1,1,2,55,8,3,0,0,0,1,5_1,1_5
2,1,2,10,2,3,0,0,0,0,0_0,1_3
1,1,1,29,6,2,0,0,0,1,9_8,1_2
1,1,2,69,10,3,0,0,0,0,0_0,1_1
2,1,1,32,6,2,0,0,0,0,0_0,1_3
2,1,1,21,5,2,0,0,0,0,0_0,1_5
2,1,1,34,6,3,0,0,0,0,0_0,1_9
2,1,1,43,7,2,0,0,0,0,0_0,1_4
1,1,1,66,10,1,0,0,0,0,0_0,-1_-1
1,1,1,11,3,2,0,0,0,1,5_1,1_1
2,1,1,87,11,3,0,0,0,0,0_0,-1_-1
1,1,2,83,11,2,0,0,0,1,5_9,1_5
2,1,1,54,8,2,0,0,0,0,0_0,-1_-1
2,2,1,73,10,2,0,0,0,0,0_0,1_9
2,1,2,62,9,2,0,0,0,0,0_0,1_8
1,1,1,76,11,2,0,0,0,0,0_0,1_5
2,1,2,56,9,3,0,0,0,0,0_0,1_3
1,1,2,28,6,2,0,0,0,1,1_1,1_2
1,1,1,34,6,3,0,0,0,1,9_8,1_2
1,2,1,24,5,3,0,0,0,0,0_0,1_1
1,1,1,51,8,3,0,0,0,1,8_3,1_3
3,2,2,35,6,3,0,0,0,0,0_0,1_5
3,1,1,35,6,2,0,0,0,0,0_0,1_5
1,1,2,29,6,2,0,0,0,1,5_1,1_5
1,1,2,40,7,3,0,0,0,1,5_3,1_2
2,1,2,58,9,3,0,0,0,0,0_0,1_3
2,1,2,51,8,3,0,0,0,0,0_0,1_3
1,1,1,36,7,3,0,0,0,1,5_3,1_6
1,2,1,22,5,3,0,0,0,1,10_9,-1_-1
2,3,1,28,6,3,0,0,0,0,0_0,1_5
3,2,1,31,6,3,0,0,0,0,0_0,1_7
1,1,2,27,6,3,0,0,0,1,1_3,1_4
2,1,1,45,7,3,0,0,0,1,0_0,1_1
1,1,1,54,8,1,0,0,0,0,0_0,1_5
2,1,1,32,6,3,0,0,0,0,0_0,2_9
1,2,1,46,8,3,0,0,0,0,0_0,1_3
1,1,2,41,7,3,0,0,0,1,0_0,1_5
2,1,2,42,7,3,0,0,0,0,0_0,2_2
2,1,1,35,6,2,0,0,0,0,0_0,1_2
1,2,1,14,3,3,0,0,0,1,0_0,1_5
1,1,1,31,6,3,0,0,0,0,0_0,3_7
1,1,1,27,6,2,0,0,0,0,0_0,1_1
2,1,2,54,8,3,0,0,0,0,0_0,1_8
1,2,1,8,2,3,0,0,0,1,10_9,1_3
2,1,1,23,5,3,0,0,0,0,0_0,1_8
1,1,1,56,9,3,0,0,0,0,0_0,1_3
2,2,1,22,5,3,0,0,0,0,0_0,1_7
1,1,1,53,8,2,0,0,0,1,5_1,1_2
1,1,1,28,6,2,0,0,0,0,0_0,1_6
1,1,1,24,5,3,0,0,0,1,1_3,1_4
1,1,1,34,6,2,0,0,0,1,4_4,1_2
1,1,2,51,8,2,0,0,0,1,6_9,1_4
2,3,1,34,6,3,0,0,0,0,0_0,-1_-1
1,1,1,26,6,2,0,0,0,0,0_0,2_3
1,1,1,37,7,2,0,0,0,1,5_1,-1_-1
1,2,2,48,8,2,0,0,0,1,0_0,3_10
1,1,2,15,3,3,0,0,0,1,5_3,1_8
1,1,1,8,2,2,0,0,0,1,1_1,1_1
1,1,2,11,3,3,0,0,0,1,1_1,1_10
1,2,1,5,1,3,0,0,0,1,5_9,1_4
1,1,2,13,3,3,0,0,0,1,1_3,1_5
1,1,2,2,1,3,0,0,0,1,1_9,1_3
3,1,2,36,7,3,0,0,0,0,0_0,1_2
1,1,1,30,6,3,0,0,0,1,9_9,1_7
1,1,1,64,9,3,0,0,0,0,0_0,3_8
1,1,2,68,10,2,0,0,0,1,5_3,1_4
1,2,1,32,6,3,0,0,0,1,5_1,-1_-1
1,1,1,47,8,3,0,0,0,0,0_0,-1_-1
1,1,2,26,6,2,0,0,0,0,0_0,1_3
1,1,1,65,9,3,0,0,0,1,10_9,1_5
1,1,2,12,3,3,0,0,0,1,5_1,1_8
1,1,1,32,6,2,0,0,0,1,9_6,1_3
1,2,2,55,8,3,0,0,0,1,8_1,1_6
1,2,1,81,11,3,0,0,0,0,0_0,1_10
2,1,1,51,8,3,0,0,0,0,0_0,2_5
2,1,1,60,9,2,0,0,0,0,0_0,1_7
1,1,1,45,7,3,0,0,0,1,9_9,-1_-1
1,1,1,13,3,2,0,0,0,0,0_0,1_1
1,1,1,36,7,2,0,0,0,0,0_0,1_1
2,1,2,52,8,3,0,0,0,0,0_0,1_3
2,3,2,24,5,3,0,0,0,0,0_0,1_6
3,1,2,28,6,3,0,0,0,0,0_0,1_2
1,1,1,13,3,2,0,0,0,0,0_0,1_9
1,1,2,60,9,1,0,0,0,1,6_9,1_3
1,1,2,86,11,2,0,0,0,1,6_9,1_7
1,1,1,15,3,3,0,0,0,1,9_9,1_2
2,1,1,68,10,3,0,0,0,0,0_0,1_6
1,1,2,25,5,3,0,0,0,1,5_4,1_2
1,1,1,34,6,3,0,0,0,1,5_1,1_3
1,1,1,12,3,3,0,0,0,1,9_9,1_2
2,1,2,35,6,3,0,0,0,0,0_0,1_3
1,3,1,18,4,3,0,0,0,0,0_0,1_3
1,1,2,29,6,3,0,0,0,1,1_1,1_1
1,1,2,42,7,3,0,0,0,0,0_0,2_6
2,3,1,17,4,2,0,0,0,0,0_0,1_9
2,1,1,47,8,2,0,0,0,0,0_0,1_9
1,1,2,57,9,3,0,0,0,0,0_0,-1_-1
2,2,1,25,5,3,0,0,0,0,0_0,1_6
2,1,1,24,5,2,0,0,0,0,0_0,1_2
1,1,1,43,7,2,0,0,0,0,0_0,1_1
1,1,2,36,7,3,0,0,0,0,0_0,-1_-1
2,2,2,54,8,3,0,0,0,0,0_0,1_6
2,1,2,43,7,3,0,0,0,0,0_0,1_8
1,1,1,22,5,1,0,0,0,0,0_0,1_8
1,1,2,34,6,2,0,0,0,0,0_0,-1_-1
2,1,1,7,2,3,0,0,0,0,0_0,1_1
2,2,1,24,5,3,0,0,0,0,0_0,1_7
2,3,2,26,6,3,0,0,0,1,0_0,1_7
2,1,1,9,2,3,0,0,0,0,0_0,1_2
1,1,1,66,10,2,0,0,0,1,5_1,1_2
2,2,1,22,5,3,0,0,0,0,0_0,-1_-1
2,3,1,71,10,2,0,0,0,0,0_0,1_10
2,1,1,49,8,3,0,0,0,0,0_0,1_1
2,2,1,75,10,2,0,0,0,0,0_0,1_3
3,3,1,33,6,3,0,0,0,0,0_0,1_2
1,1,2,29,6,3,0,0,0,1,4_3,1_6
1,1,2,14,3,3,0,0,0,1,4_1,1_3
1,1,1,38,7,3,0,0,0,0,0_0,1_8
2,1,2,60,9,2,0,0,0,0,0_0,1_9
1,1,1,49,8,3,0,0,0,0,0_0,1_7
2,1,1,34,6,2,0,0,0,0,0_0,1_5
3,2,1,34,6,3,0,0,0,0,0_0,-1_-1
1,1,2,25,5,3,0,0,0,1,5_3,1_1
2,1,2,40,7,3,0,0,0,0,0_0,1_9
1,1,1,32,6,2,0,0,0,0,0_0,1_6
2,1,1,41,7,3,0,0,0,0,0_0,1_5
1,1,2,46,8,2,0,0,0,0,0_0,1_5
3,1,2,42,7,3,0,0,0,0,0_0,-1_-1
2,1,2,55,8,3,0,0,0,0,0_0,1_8
2,1,2,24,5,3,0,0,0,0,0_0,1_8
2,1,2,61,9,3,0,0,0,0,0_0,1_1
1,1,2,32,6,3,0,0,0,1,10_9,1_9
2,1,1,9,2,3,0,0,0,0,0_0,1_1
2,1,1,19,4,2,0,0,0,0,0_0,1_1
2,1,1,35,6,2,0,0,0,0,0_0,1_3
1,1,2,61,9,3,0,0,0,1,8_1,1_1
1,1,1,38,7,2,0,0,0,1,6_9,1_1
1,1,2,25,5,3,0,0,0,1,9_5,1_4
1,1,2,17,4,3,0,0,0,1,8_8,1_1
1,1,1,0,1,3,0,0,0,1,6_9,1_1
1,1,1,24,5,2,0,0,0,0,0_0,1_4
2,1,2,53,8,2,0,0,0,0,0_0,1_1
1,1,2,39,7,3,0,0,0,0,0_0,1_1
1,2,2,17,4,2,0,0,0,1,0_0,1_1
1,1,1,77,11,3,0,0,0,1,5_3,1_1
2,1,1,61,9,3,0,0,0,0,0_0,1_7
1,1,1,14,3,2,0,0,0,1,5_1,1_1
1,1,1,38,7,3,0,0,0,1,10_9,-1_-1
2,1,1,21,5,2,0,0,0,0,0_0,1_2
2,2,2,24,5,2,0,0,0,1,0_0,1_2
1,1,2,62,9,3,0,0,0,0,0_0,1_4
3,1,1,50,8,3,0,0,0,1,0_0,1_3
1,1,2,40,7,3,0,0,0,0,0_0,1_2
1,1,2,30,6,3,0,0,0,1,5_1,1_1
1,1,2,41,7,2,0,0,0,0,0_0,1_7
2,2,1,54,8,2,0,0,0,0,0_0,1_4
1,1,1,51,8,3,0,0,0,0,0_0,2_10
1,1,1,21,5,3,0,0,0,0,0_0,3_9
2,2,2,42,7,3,0,0,0,0,0_0,1_8
2,1,2,36,7,3,0,0,0,0,0_0,1_3
1,1,2,71,10,2,0,0,0,0,0_0,1_6
2,1,2,56,9,3,0,0,0,0,0_0,1_5
1,2,2,30,6,2,0,0,0,1,6_9,1_5
2,1,1,57,9,2,0,0,0,0,0_0,1_7
3,2,1,49,8,3,0,0,0,0,0_0,1_10
2,1,1,22,5,2,0,0,0,0,0_0,1_5
1,1,2,49,8,3,0,0,0,1,1_1,1_1
2,1,2,44,7,3,0,0,0,0,0_0,1_5
1,1,2,81,11,2,0,0,0,1,8_1,1_8
1,1,2,69,10,3,0,0,0,0,0_0,1_8
1,1,1,88,11,2,0,0,0,1,5_3,1_9
2,1,2,21,5,3,0,0,0,0,0_0,1_1
1,1,2,35,6,3,0,0,0,1,6_9,1_2
1,1,1,60,9,3,0,0,0,1,6_9,1_5
1,1,2,33,6,3,0,0,0,1,5_3,2_6
1,1,1,17,4,3,0,0,0,1,1_2,1_6
1,1,2,17,4,3,0,0,0,1,5_9,3_6
2,1,2,57,9,3,0,0,0,0,0_0,1_9
2,1,2,17,4,3,0,0,0,0,0_0,1_8
2,1,1,30,6,2,0,0,0,0,0_0,3_6
2,1,2,61,9,3,0,0,0,0,0_0,3_7
2,1,1,64,9,2,0,0,0,0,0_0,1_9
2,1,1,50,8,3,0,0,0,0,0_0,2_9
1,1,1,14,3,3,0,0,0,0,0_0,1_1
1,1,2,71,10,3,0,0,0,1,5_1,1_10
1,1,1,67,10,2,0,0,0,0,0_0,1_4
1,1,2,65,9,3,0,0,0,1,5_3,1_10
1,1,1,62,9,3,0,0,0,0,0_0,2_6
2,2,1,28,6,3,0,0,0,0,0_0,1_7
1,1,1,56,9,3,0,0,0,1,5_9,1_9
2,1,1,32,6,3,0,0,0,0,0_0,1_5
2,1,1,58,9,3,0,0,0,0,0_0,1_4
1,1,1,42,7,2,0,0,0,1,1_3,1_7
1,1,1,58,9,2,0,0,0,1,8_3,1_8
1,1,1,45,7,3,0,0,0,1,4_1,1_2
1,1,2,22,5,2,0,0,0,1,4_1,1_2
1,1,2,59,9,3,0,0,0,0,0_0,1_6
1,1,2,19,4,3,0,0,0,1,5_1,1_2
1,1,2,62,9,2,0,0,0,1,4_3,1_4
2,1,1,37,7,2,0,0,0,0,0_0,1_2
1,1,1,62,9,3,0,0,0,1,6_9,1_2
1,1,2,63,9,3,0,0,0,0,0_0,1_2
1,1,2,50,8,2,0,0,0,0,0_0,1_4
1,1,2,35,6,3,0,0,0,0,0_0,1_6
1,1,2,27,6,3,0,0,0,1,1_1,1_4
1,1,2,54,8,3,0,0,0,0,0_0,1_1
1,1,1,21,5,2,0,0,0,1,4_3,1_8
1,1,1,66,10,2,0,0,0,0,0_0,1_3
2,1,1,30,6,2,0,0,0,0,0_0,1_9
1,1,2,45,7,3,0,0,0,1,10_9,1_2
1,1,1,81,11,2,0,0,0,1,5_9,1_2
1,1,1,14,3,3,0,0,0,1,5_3,1_2
1,1,2,74,10,3,0,0,0,0,0_0,1_5
1,1,1,28,6,2,0,0,0,0,0_0,2_4
1,1,2,34,6,3,0,0,0,0,0_0,3_8
2,1,1,73,10,2,0,0,0,0,0_0,1_6
1,1,1,10,2,3,0,0,0,1,5_4,1_3
1,1,1,12,3,3,0,0,0,0,0_0,1_5
1,1,2,33,6,3,0,0,0,0,0_0,1_7
2,2,2,41,7,3,0,0,0,0,0_0,1_6
1,1,2,75,10,3,0,0,0,1,6_9,1_7
2,1,2,40,7,2,0,0,0,0,0_0,-1_-1
1,1,1,12,3,3,0,0,0,1,8_3,-1_-1
1,1,1,58,9,3,0,0,0,0,0_0,1_1
1,1,2,83,11,3,0,0,0,1,5_1,-1_-1
1,1,1,53,8,3,0,0,0,0,0_0,1_1
2,1,1,31,6,3,0,0,0,1,9_9,3_3
2,1,1,42,7,2,0,0,0,0,0_0,-1_-1
1,1,2,54,8,3,0,0,0,0,0_0,2_4
1,1,1,70,10,2,0,0,0,0,0_0,1_9
2,1,2,32,6,3,0,0,0,0,0_0,1_6
1,2,2,79,11,3,0,0,0,1,8_1,1_7
1,1,1,52,8,3,0,0,0,0,0_0,1_3
1,1,2,61,9,3,0,0,0,1,1_1,1_4
1,1,2,30,6,3,0,0,0,1,0_0,1_5
1,2,1,39,7,3,0,0,0,0,0_0,-1_-1
1,1,1,51,8,2,0,0,0,1,5_1,1_2
2,2,1,26,6,3,0,0,0,0,0_0,1_4
1,1,1,25,5,2,0,0,0,1,6_9,1_2
1,1,2,54,8,3,0,0,0,1,10_9,1_7
1,1,1,19,4,3,0,0,0,1,4_1,1_1
1,1,2,44,7,3,0,0,0,0,0_0,1_7
1,1,1,42,7,3,0,0,0,1,6_9,1_3
1,1,2,44,7,3,0,0,0,1,9_7,1_3
3,2,1,32,6,2,0,0,0,0,0_0,-1_-1
1,1,2,66,10,3,0,0,0,1,6_9,1_9
3,1,2,62,9,3,0,0,0,0,0_0,1_6
1,1,1,60,9,3,0,0,0,0,0_0,1_9
1,1,2,57,9,3,0,0,0,1,4_4,1_4
2,1,2,26,6,2,0,0,0,0,0_0,1_8
1,1,1,78,11,3,0,0,0,0,0_0,1_6
2,1,2,67,10,3,0,0,0,0,0_0,1_4
2,1,1,72,10,2,0,0,0,0,0_0,1_8
1,1,2,11,3,3,0,0,0,1,5_2,1_1
1,1,1,24,5,3,0,0,0,1,1_1,1_2
2,1,1,52,8,3,0,0,0,0,0_0,1_4
1,1,1,26,6,3,0,0,0,1,5_9,1_1
2,1,1,40,7,2,0,0,0,0,0_0,1_4
2,1,2,31,6,3,0,0,0,0,0_0,1_5
1,2,2,28,6,3,0,0,0,0,0_0,1_1
2,1,1,15,3,2,0,0,0,0,0_0,1_5
1,1,1,70,10,3,0,0,0,0,0_0,1_6
1,1,1,20,4,2,0,0,0,1,1_3,1_2
1,1,1,65,9,3,0,0,0,0,0_0,1_1
1,1,2,83,11,3,0,0,0,1,5_1,1_7
1,1,2,26,6,3,0,0,0,1,5_3,-1_-1
1,1,2,29,6,3,0,0,0,1,9_5,1_2
1,1,1,12,3,3,0,0,0,1,1_3,1_1
1,1,2,88,11,3,0,0,0,0,0_0,1_8
1,1,2,12,3,3,0,0,0,1,3_1,1_2
2,1,1,90,11,3,0,0,0,0,0_0,1_8
1,1,2,39,7,3,0,0,0,1,1_1,1_5
1,1,2,56,9,3,0,0,0,0,0_0,1_1
1,1,1,25,5,3,0,0,0,0,0_0,2_6
1,1,1,72,10,2,0,0,0,1,8_2,1_8
1,1,1,67,10,3,0,0,0,0,0_0,1_2
2,2,1,17,4,2,0,0,0,0,0_0,1_3
2,2,1,41,7,3,0,0,0,0,0_0,-1_-1
1,1,2,42,7,3,0,0,0,0,0_0,1_9
1,1,2,17,4,3,0,0,0,1,5_4,1_8
1,1,1,29,6,2,0,0,0,0,0_0,1_9
1,1,2,12,3,3,0,0,0,1,5_1,1_9
1,1,2,49,8,3,0,0,0,0,0_0,1_6
1,1,2,22,5,2,0,0,0,1,5_1,1_1
1,1,1,73,10,2,0,0,0,1,5_1,1_3
1,1,1,22,5,3,0,0,0,1,8_6,1_4
1,1,1,73,10,3,0,0,0,0,0_0,1_2
2,3,2,56,9,3,0,0,0,0,0_0,1_1
1,1,1,12,3,3,0,0,0,1,5_4,1_5
1,1,1,13,3,3,0,0,0,1,5_9,1_1
1,1,2,26,6,3,0,0,0,0,0_0,1_6
1,1,1,45,7,2,0,0,0,1,5_3,3_9
2,1,1,31,6,3,0,0,0,0,0_0,1_10
1,1,1,53,8,3,0,0,0,0,0_0,1_8
2,2,1,37,7,3,0,0,0,0,0_0,1_1
3,1,1,63,9,3,0,0,0,0,0_0,1_4
2,1,2,67,10,3,0,0,0,0,0_0,1_7
2,1,2,14,3,3,0,0,0,0,0_0,1_1
1,1,2,15,3,3,0,0,0,1,10_9,-1_-1
1,1,2,44,7,3,0,0,0,1,10_9,1_4
1,1,1,16,4,3,0,0,0,1,1_1,1_2
2,1,2,21,5,3,0,0,0,0,0_0,3_9
1,1,1,33,6,3,0,0,0,0,0_0,3_5
1,1,1,23,5,2,0,0,0,1,5_9,2_8
1,1,2,28,6,3,0,0,0,0,0_0,1_6
2,1,1,62,9,2,0,0,0,0,0_0,2_8
1,1,2,69,10,3,0,0,0,0,0_0,2_6
2,2,2,77,11,3,0,0,0,0,0_0,3_6
2,1,1,77,11,2,0,0,0,0,0_0,3_7
1,1,2,28,6,2,0,0,0,1,5_1,1_10
1,1,2,26,6,2,0,0,0,1,5_1,1_1
1,1,1,39,7,3,0,0,0,1,6_7,1_7
1,1,1,22,5,3,0,0,0,0,0_0,3_10
2,2,1,24,5,3,0,0,0,0,0_0,3_6
1,1,2,34,6,3,0,0,0,1,5_1,1_9
2,1,2,63,9,3,0,0,0,0,0_0,2_8
2,1,2,31,6,3,0,0,0,0,0_0,1_10
1,1,2,19,4,3,0,0,0,0,0_0,1_6
1,1,1,66,10,2,0,0,0,0,0_0,2_4
1,2,2,51,8,3,0,0,0,1,0_0,2_4
1,1,1,54,8,3,0,0,0,0,0_0,2_2
2,1,1,64,9,3,0,0,0,0,0_0,1_6
1,1,1,35,6,2,0,0,0,0,0_0,-1_-1
1,1,1,61,9,3,0,0,0,0,0_0,1_10
1,2,2,50,8,3,0,0,0,1,0_0,1_10
1,1,1,16,4,2,0,0,0,0,0_0,3_6
1,1,1,27,6,3,0,0,0,0,0_0,2_9
2,2,1,34,6,3,0,0,0,0,0_0,2_6
2,1,1,55,8,3,0,0,0,0,0_0,3_6
1,1,1,35,6,3,0,0,0,0,0_0,2_9
1,1,1,76,11,2,0,0,0,1,1_9,1_5
2,1,1,67,10,2,0,0,0,0,0_0,1_1
1,1,2,21,5,3,0,0,0,1,1_9,1_3
1,1,2,89,11,3,0,0,0,0,0_0,1_10
2,2,1,74,10,3,0,0,0,0,0_0,1_8
2,1,1,67,10,3,0,0,0,0,0_0,1_7
2,2,2,68,10,3,0,0,0,1,0_0,1_7
1,1,1,73,10,3,0,0,0,0,0_0,1_4
1,1,1,22,5,2,0,0,0,1,5_1,1_3
1,1,1,54,8,3,0,0,0,1,1_1,1_5
1,1,2,0,1,3,0,0,0,1,1_1,-1_-1
1,3,2,26,6,3,0,0,0,0,0_0,1_4
2,2,2,46,8,3,0,0,0,0,0_0,1_7
3,1,2,40,7,3,0,0,0,0,0_0,1_8
1,1,2,73,10,3,0,0,0,1,5_3,1_9
1,2,2,5,1,3,0,0,0,1,5_3,1_9
1,2,1,22,5,3,0,0,0,1,1_1,1_1
2,1,1,56,9,2,0,0,0,1,9_5,1_3
1,1,1,56,9,2,0,0,0,1,5_3,1_1
1,2,2,53,8,3,0,0,0,1,5_3,1_7
1,1,1,36,7,3,0,0,0,0,0_0,2_9
2,1,1,53,8,3,0,0,0,0,0_0,3_4
1,1,1,75,10,2,0,0,0,1,5_3,1_6
2,1,2,77,11,3,0,0,0,0,0_0,1_8
1,1,1,27,6,3,0,0,0,1,4_1,1_1
1,1,1,21,5,2,0,0,0,1,6_9,1_4
1,1,1,31,6,3,0,0,0,1,9_5,1_2
1,1,2,18,4,3,0,0,0,1,5_3,1_5
1,1,1,19,4,2,0,0,0,0,0_0,2_7
1,1,2,46,8,2,0,0,0,1,1_1,1_1
2,1,1,14,3,2,0,0,0,0,0_0,1_1
2,1,1,57,9,2,0,0,0,0,0_0,1_6
1,1,1,62,9,3,0,0,0,0,0_0,1_1
1,1,2,66,10,3,0,0,0,0,0_0,1_1
3,1,1,24,5,3,0,0,0,0,0_0,1_5
2,1,1,54,8,3,0,0,0,0,0_0,-1_-1
1,1,2,58,9,3,0,0,0,1,7_9,1_7
1,1,2,51,8,3,0,0,0,0,0_0,1_5
2,2,1,21,5,2,0,0,0,0,0_0,1_2
1,1,2,36,7,2,0,0,0,1,1_9,1_3
2,1,2,32,6,3,0,0,0,0,0_0,1_2
1,1,2,45,7,3,0,0,0,0,0_0,1_6
1,1,2,81,11,3,0,0,0,0,0_0,1_5
1,1,1,39,7,3,0,0,0,0,0_0,3_6
2,2,2,45,7,3,0,0,0,0,0_0,1_10
3,1,1,27,6,3,0,0,0,0,0_0,1_6
1,1,2,62,9,3,0,0,0,0,0_0,1_2
1,1,1,32,6,3,0,0,0,1,9_9,1_2
1,1,2,26,6,2,0,0,0,1,9_9,-1_-1
1,1,1,11,3,3,0,0,0,1,5_1,1_7
1,1,1,15,3,3,0,0,0,0,0_0,3_6
1,1,2,26,6,3,0,0,0,0,0_0,3_5
1,1,2,44,7,3,0,0,0,1,10_9,1_2
1,1,1,61,9,3,0,0,0,0,0_0,-1_-1
2,1,1,36,7,3,0,0,0,0,0_0,2_10
1,1,1,71,10,3,0,0,0,0,0_0,-1_-1
2,1,2,27,6,3,0,0,0,0,0_0,1_7
2,1,1,60,9,3,0,0,0,0,0_0,1_8
2,1,1,21,5,3,0,0,0,0,0_0,2_2
2,1,2,35,6,3,0,0,0,0,0_0,1_9
1,1,1,86,11,3,0,0,0,0,0_0,2_8
3,2,2,51,8,3,0,0,0,0,0_0,2_10
2,1,2,31,6,3,0,0,0,0,0_0,2_8
1,1,2,12,3,3,0,0,0,1,1_1,1_3
1,1,1,55,8,2,0,0,0,0,0_0,2_10
1,1,2,32,6,2,0,0,0,1,5_9,1_4
2,1,1,56,9,3,0,0,0,0,0_0,2_4
3,1,1,59,9,2,0,0,0,0,0_0,3_8
1,1,1,43,7,3,0,0,0,0,0_0,3_5
1,1,2,51,8,3,0,0,0,0,0_0,1_2
2,2,1,32,6,3,0,0,0,0,0_0,1_5
2,1,2,24,5,3,0,0,0,0,0_0,3_9
1,1,1,17,4,3,0,0,0,0,0_0,-1_-1
2,1,1,30,6,3,0,0,0,0,0_0,3_7
2,2,2,29,6,3,0,0,0,0,0_0,1_10
1,1,2,47,8,3,0,0,0,0,0_0,2_7
2,3,2,55,8,3,0,0,0,0,0_0,1_5
2,1,1,58,9,3,0,0,0,0,0_0,2_10
2,2,1,28,6,2,0,0,0,0,0_0,1_3
1,2,2,31,6,3,0,0,0,0,0_0,1_4
1,1,2,63,9,2,0,0,0,0,0_0,2_4
2,1,1,86,11,3,0,0,0,0,0_0,1_1
1,1,1,27,6,2,0,0,0,0,0_0,1_6
1,1,2,28,6,3,0,0,0,1,9_9,1_1
2,2,2,71,10,3,0,0,0,0,0_0,1_6
2,1,1,14,3,3,0,0,0,0,0_0,2_4
2,1,2,36,7,3,0,0,0,0,0_0,1_9
2,2,2,36,7,3,0,0,0,0,0_0,1_1
2,2,1,44,7,3,0,0,0,0,0_0,-1_-1
1,1,2,27,6,2,0,0,0,1,1_1,-1_-1
1,2,2,3,1,3,0,0,0,1,1_1,-1_-1
1,1,2,66,10,3,0,0,0,0,0_0,1_2
1,1,1,12,3,3,0,0,0,1,5_9,1_9
1,1,1,79,11,3,0,0,0,0,0_0,1_7
1,1,1,13,3,2,0,0,0,1,8_5,2_1
1,1,1,19,4,2,0,0,0,0,0_0,1_-1
2,2,1,62,9,2,0,0,0,0,0_0,1_5
1,1,2,22,5,3,0,0,0,1,8_7,-1_-1
1,1,1,11,3,3,0,0,0,1,1_9,1_2
2,2,1,12,3,3,0,0,0,0,0_0,1_8
2,2,1,20,4,3,0,0,0,0,0_0,-1_-1
2,1,1,77,11,3,0,0,0,0,0_0,3_7
1,1,2,80,11,2,0,0,0,0,0_0,1_1
2,2,1,20,4,2,0,0,0,0,0_0,2_6
1,1,1,30,6,1,0,0,0,0,0_0,1_1
2,2,1,33,6,3,0,0,0,0,0_0,1_1
1,1,1,62,9,3,0,0,0,0,0_0,1_9
1,1,1,38,7,1,0,0,0,0,0_0,3_8
2,1,2,48,8,3,0,0,0,0,0_0,1_7
1,1,1,48,8,3,0,0,0,0,0_0,1_1
1,1,1,20,4,2,0,0,0,0,0_0,2_3
1,1,1,49,8,3,0,0,0,0,0_0,2_7
1,1,1,18,4,3,0,0,0,0,0_0,2_9
1,1,1,78,11,2,0,0,0,0,0_0,1_3
1,1,2,21,5,3,0,0,0,0,0_0,1_6
3,1,1,33,6,3,0,0,0,0,0_0,1_7
1,1,1,21,5,3,0,0,0,0,0_0,2_9
1,3,1,19,4,3,0,0,0,0,0_0,3_6
2,1,2,52,8,3,0,0,0,0,0_0,3_7
1,1,1,62,9,2,0,0,0,1,5_1,1_2
1,1,1,16,4,2,0,0,0,0,0_0,1_9
2,1,1,51,8,3,0,0,0,0,0_0,1_7
1,1,2,62,9,1,0,0,0,1,9_5,1_1
1,2,1,47,8,3,0,0,0,0,0_0,1_1
1,1,2,55,8,3,0,0,0,1,9_5,-1_-1
1,1,1,18,4,1,0,0,0,0,0_0,2_7
2,1,1,46,8,3,0,0,0,0,0_0,1_1
2,2,1,24,5,3,0,0,0,0,0_0,3_3
2,1,1,46,8,2,0,0,0,0,0_0,1_1
1,1,1,37,7,3,0,0,0,1,10_5,1_7
1,1,2,39,7,3,0,0,0,1,1_3,-1_-1
2,1,1,0,1,3,0,0,0,1,0_0,1_1
1,1,1,28,6,2,0,0,0,0,0_0,1_9
2,3,2,38,7,2,0,0,0,0,0_0,1_1
2,1,2,40,7,3,0,0,0,0,0_0,1_7
1,1,1,70,10,2,0,0,0,0,0_0,2_4
1,1,2,26,6,3,0,0,0,0,0_0,1_1
1,1,2,5,1,2,0,0,0,1,5_1,1_1
2,1,1,30,6,2,0,0,0,0,0_0,1_1
2,1,1,34,6,1,0,0,0,0,0_0,1_8
1,2,2,26,6,3,0,0,0,1,0_0,1_5
2,3,2,28,6,3,0,0,0,1,0_0,-1_-1
1,1,1,57,9,2,0,0,0,1,10_9,1_1
1,1,1,14,3,2,0,0,0,0,0_0,3_4
1,1,2,18,4,1,0,0,0,0,0_0,3_7
1,1,2,53,8,2,0,0,0,0,0_0,1_4
1,1,2,32,6,3,0,0,0,1,6_9,1_9
2,1,1,15,3,3,0,0,0,0,0_0,1_8
2,1,1,79,11,3,0,0,0,0,0_0,1_5
2,2,2,75,10,3,0,0,0,1,0_0,1_5
2,2,2,24,5,3,0,0,0,0,0_0,1_1
1,1,1,33,6,2,0,0,0,0,0_0,1_2
1,1,1,90,11,3,0,0,0,0,0_0,1_7
2,1,2,43,7,3,0,0,0,0,0_0,1_4
1,2,1,20,4,3,0,0,0,0,0_0,1_1
2,1,2,47,8,3,0,0,0,0,0_0,-1_-1
2,1,1,26,6,3,0,0,0,0,0_0,1_6
1,1,2,48,8,2,0,0,0,0,0_0,2_9
2,1,2,51,8,3,0,0,0,0,0_0,1_9
1,1,2,72,10,2,0,0,0,1,5_1,-1_-1
2,1,2,24,5,3,0,0,0,0,0_0,3_7
2,2,2,52,8,3,0,0,0,0,0_0,1_1
1,1,1,71,10,3,0,0,0,1,6_9,1_6
1,1,1,76,11,2,0,0,0,1,1_1,1_1
1,1,2,33,6,2,0,0,0,0,0_0,-1_-1
2,2,1,29,6,3,0,0,0,0,0_0,1_2
2,1,1,47,8,2,0,0,0,0,0_0,1_1
1,1,2,12,3,3,0,0,0,1,5_1,1_4
1,1,2,31,6,3,0,0,0,1,0_0,1_1
1,2,1,2,1,3,0,0,0,1,0_0,1_1
1,3,2,6,2,3,0,0,0,1,0_0,1_1
1,1,2,33,6,3,0,0,0,0,0_0,2_6
2,1,1,81,11,2,0,0,0,0,0_0,1_10
1,1,1,61,9,2,0,0,0,0,0_0,1_2
1,1,1,64,9,2,0,0,0,1,9_5,1_2
1,1,1,30,6,2,0,0,0,0,0_0,1_2
2,1,1,12,3,2,0,0,0,0,0_0,1_4
1,1,1,10,2,3,0,0,0,1,4_4,-1_-1
1,1,1,81,11,3,0,0,0,0,0_0,3_4
1,1,1,2,1,3,0,0,0,1,5_2,1_2
1,1,2,44,7,3,0,0,0,0,0_0,1_1
1,1,2,65,9,3,0,0,0,1,6_8,1_8
1,1,1,58,9,3,0,0,0,1,5_1,-1_-1
1,1,1,16,4,3,0,0,0,1,5_4,-1_-1
2,1,1,10,2,3,0,0,0,0,0_0,1_6
1,1,1,16,4,3,0,0,0,1,0_0,3_7
1,2,1,16,4,2,0,0,0,0,0_0,-1_-1
1,1,2,23,5,3,0,0,0,0,0_0,2_2
2,1,1,33,6,3,0,0,0,0,0_0,1_10
1,1,2,16,4,3,0,0,0,1,5_9,-1_-1
3,1,2,25,5,3,0,0,0,0,0_0,2_10
3,2,2,42,7,3,0,0,0,1,0_0,1_7
3,3,2,32,6,3,0,0,0,1,0_0,1_1
1,1,1,76,11,3,0,0,0,0,0_0,2_10
3,1,1,15,3,2,0,0,0,0,0_0,1_1
1,1,1,19,4,3,0,0,0,0,0_0,2_9
1,1,2,23,5,3,0,0,0,0,0_0,2_7
2,1,1,44,7,2,0,0,0,0,0_0,1_9
2,1,2,18,4,3,0,0,0,0,0_0,1_9
2,1,1,52,8,2,0,0,0,0,0_0,1_8
1,1,2,32,6,3,0,0,0,0,0_0,2_8
1,1,1,60,9,3,0,0,0,0,0_0,1_8
1,1,1,99,11,3,0,0,0,0,0_0,1_1
1,1,1,45,7,2,0,0,0,0,0_0,1_5
2,2,1,36,7,3,0,0,0,0,0_0,1_5
2,1,1,30,6,3,0,0,0,0,0_0,2_2
1,1,1,30,6,3,0,0,0,0,0_0,2_2
2,1,2,46,8,3,0,0,0,0,0_0,2_3
1,1,2,22,5,3,0,0,0,0,0_0,2_1
2,2,1,18,4,3,0,0,0,0,0_0,1_5
2,1,1,48,8,3,0,0,0,0,0_0,2_10
1,1,2,36,7,3,0,0,0,0,0_0,1_6
1,1,2,26,6,3,0,0,0,0,0_0,3_9
2,2,1,65,9,3,0,0,0,0,0_0,1_1
1,1,1,19,4,2,0,0,0,0,0_0,-1_-1
1,2,1,19,4,2,0,0,0,1,0_0,1_7
1,1,2,61,9,3,0,0,0,0,0_0,1_7
2,1,2,57,9,3,0,0,0,0,0_0,1_3
2,1,2,35,6,3,0,0,0,0,0_0,1_2
1,2,2,35,6,2,0,0,0,0,0_0,1_2
2,1,2,45,7,2,0,0,0,0,0_0,1_3
2,2,1,36,7,2,0,0,0,0,0_0,1_2
2,1,1,70,10,3,0,0,0,0,0_0,3_4
2,1,2,32,6,3,0,0,0,0,0_0,3_1
1,1,1,83,11,3,0,0,0,0,0_0,1_7
2,1,1,13,3,2,0,0,0,0,0_0,1_1
1,1,1,55,8,3,0,0,0,1,1_3,1_1
1,1,2,26,6,3,0,0,0,0,0_0,2_5
2,1,2,15,3,3,0,0,0,0,0_0,1_6
1,1,1,84,11,3,0,0,0,1,5_1,-1_-1
2,1,1,70,10,3,0,0,0,0,0_0,-1_-1
1,1,1,8,2,3,0,0,0,1,5_2,1_8
1,1,1,23,5,3,0,0,0,0,0_0,2_2
1,1,1,11,3,3,0,0,0,0,0_0,1_2
1,1,2,63,9,2,0,0,0,1,7_1,-1_-1
1,1,1,13,3,3,0,0,0,0,0_0,2_4
2,1,1,14,3,2,0,0,0,0,0_0,-1_-1
1,1,2,49,8,3,0,0,0,1,9_9,1_1
1,1,2,39,7,3,0,0,0,0,0_0,1_9
2,2,2,44,7,3,0,0,0,0,0_0,1_7
1,1,2,32,6,3,0,0,0,0,0_0,1_1
2,2,2,39,7,3,0,0,0,0,0_0,1_6
3,1,2,30,6,3,0,0,0,0,0_0,1_1
2,1,2,65,9,2,0,0,0,0,0_0,1_8
1,1,1,9,2,2,0,0,0,1,5_2,-1_-1
2,2,1,20,4,3,0,0,0,0,0_0,1_7
2,1,1,52,8,3,0,0,0,0,0_0,1_7
1,1,1,30,6,2,0,0,0,1,10_9,1_1
1,1,2,12,3,3,0,0,0,0,0_0,1_2
1,1,2,32,6,3,0,0,0,0,0_0,1_7
2,1,1,45,7,3,0,0,0,0,0_0,1_9
2,1,1,74,10,2,0,0,0,0,0_0,1_8
1,1,2,36,7,3,0,0,0,0,0_0,1_8
1,1,2,69,10,3,0,0,0,1,5_1,1_9
1,1,1,40,7,1,0,0,0,0,0_0,-1_-1
1,1,1,46,8,3,0,0,0,1,6_9,1_10
1,1,2,38,7,3,0,0,0,0,0_0,2_10
1,1,2,74,10,3,0,0,0,1,10_9,2_8
1,1,1,64,9,3,0,0,0,1,6_7,1_6
1,1,1,56,9,3,0,0,0,1,5_1,1_1
1,1,1,70,10,2,0,0,0,0,0_0,2_10
2,1,2,37,7,2,0,0,0,0,0_0,1_1
1,1,1,11,3,3,0,0,0,1,5_3,3_10
1,1,2,39,7,3,0,0,0,1,10_1,2_5
1,1,1,77,11,3,0,0,0,0,0_0,3_8
1,1,2,65,9,3,0,0,0,0,0_0,1_8
1,2,1,6,2,3,0,0,0,1,8_4,1_1
1,1,1,53,8,3,0,0,0,1,5_1,-1_-1
1,1,1,57,9,2,0,0,0,0,0_0,1_1
1,1,2,29,6,3,0,0,0,1,5_3,1_1
2,1,1,58,9,2,0,0,0,0,0_0,1_2
1,1,2,5,1,2,0,0,0,1,1_1,1_1
1,1,2,41,7,3,0,0,0,1,5_9,1_4
1,2,2,75,10,3,0,0,0,1,10_9,-1_-1
1,1,2,71,10,2,0,0,0,1,4_3,1_2
1,1,2,70,10,3,0,0,0,0,0_0,1_8
1,1,1,64,9,2,0,0,0,1,10_9,1_8
1,1,2,23,5,3,0,0,0,0,0_0,-1_-1
1,1,2,17,4,3,0,0,0,1,5_1,1_1
1,1,2,6,2,3,0,0,0,1,6_9,1_1
1,1,2,96,11,2,0,0,0,1,1_1,1_6
1,1,2,86,11,3,0,0,0,0,0_0,1_1
1,1,1,16,4,3,0,0,0,1,8_7,1_4
1,1,2,40,7,2,0,0,0,1,5_1,1_8
1,1,2,18,4,2,0,0,0,1,1_1,1_8
2,2,1,26,6,3,0,0,0,0,0_0,1_3
1,1,2,46,8,2,0,0,0,1,1_3,1_10
1,1,1,43,7,3,0,0,0,1,10_9,1_5
1,1,1,10,2,3,0,0,0,1,5_3,1_6
1,1,1,69,10,2,0,0,0,0,0_0,2_10
2,1,2,13,3,3,0,0,0,0,0_0,1_4
1,1,1,30,6,2,0,0,0,0,0_0,1_7
1,1,1,14,3,2,0,0,0,0,0_0,1_5
1,1,2,63,9,3,0,0,0,0,0_0,3_5
2,1,1,56,9,2,0,0,0,0,0_0,1_7
1,1,1,14,3,3,0,0,0,1,1_9,3_8
2,1,2,49,8,3,0,0,0,0,0_0,3_9
2,1,1,16,4,3,0,0,0,0,0_0,2_5
1,1,1,86,11,3,0,0,0,0,0_0,2_3
1,1,1,40,7,3,0,0,0,0,0_0,3_6
1,1,2,18,4,2,0,0,0,1,5_9,3_7
2,1,2,53,8,3,0,0,0,0,0_0,2_8
3,2,1,31,6,3,0,0,0,0,0_0,1_1
1,1,1,34,6,3,0,0,0,0,0_0,2_10
2,2,2,34,6,3,0,0,0,0,0_0,2_8
1,1,2,60,9,3,0,0,0,1,6_9,1_7
1,2,2,58,9,3,0,0,0,1,0_0,1_5
1,1,2,56,9,2,0,0,0,0,0_0,1_9
1,1,1,75,10,3,0,0,0,0,0_0,1_5
2,1,2,29,6,3,0,0,0,0,0_0,1_7
2,1,1,22,5,3,0,0,0,0,0_0,2_4
1,1,1,32,6,1,0,0,0,0,0_0,1_3
1,1,1,79,11,3,0,0,0,1,5_9,1_6
1,1,2,8,2,3,0,0,0,1,5_2,1_1
1,1,1,23,5,3,0,0,0,0,0_0,1_3
1,1,1,79,11,3,0,0,0,0,0_0,1_2
1,1,2,19,4,3,0,0,0,1,5_9,3_8
3,1,1,42,7,3,0,0,0,0,0_0,2_10
1,1,1,55,8,2,0,0,0,1,5_1,1_9
2,2,1,37,7,2,0,0,0,0,0_0,1_8
1,1,2,11,3,3,0,0,0,1,1_1,1_2
2,2,2,73,10,3,0,0,0,0,0_0,-1_-1
1,3,2,28,6,3,0,0,0,0,0_0,3_9
2,1,1,58,9,2,0,0,0,0,0_0,1_9
2,1,2,57,9,3,0,0,0,0,0_0,-1_-1
2,1,1,59,9,3,0,0,0,0,0_0,1_4
1,3,2,25,5,3,0,0,0,0,0_0,1_1
2,2,1,34,6,3,0,0,0,0,0_0,-1_-1
2,1,2,66,10,3,0,0,0,0,0_0,-1_-1
2,2,1,46,8,3,0,0,0,0,0_0,1_2
1,1,1,62,9,3,0,0,0,0,0_0,1_3
1,1,1,5,1,3,0,0,0,1,5_3,-1_-1
3,2,1,24,5,3,0,0,0,0,0_0,1_1
2,3,1,73,10,1,0,0,0,0,0_0,1_4
2,2,1,52,8,2,0,0,0,0,0_0,1_7
2,1,1,49,8,2,0,0,0,0,0_0,1_8
1,1,1,25,5,2,0,0,0,0,0_0,1_7
1,3,1,43,7,2,0,0,0,0,0_0,1_1
2,2,2,62,9,3,0,0,0,0,0_0,3_7
1,2,1,53,8,3,0,0,0,0,0_0,3_-1
2,1,1,73,10,3,0,0,0,0,0_0,1_10
1,1,2,44,7,3,0,0,0,0,0_0,1_5
1,1,1,68,10,2,0,0,0,0,0_0,3_6
2,1,1,44,7,3,0,0,0,0,0_0,3_6
1,1,1,41,7,3,0,0,0,0,0_0,2_9
1,1,1,39,7,3,0,0,0,0,0_0,2_10
2,1,1,44,7,3,0,0,0,0,0_0,2_7
3,3,1,39,7,3,0,0,0,0,0_0,1_6
1,1,1,39,7,3,0,0,0,0,0_0,1_10
1,2,1,9,2,3,0,0,0,1,6_5,1_1
1,3,2,4,1,3,0,0,0,1,10_5,1_1
1,1,1,16,4,3,0,0,0,1,10_9,1_4
2,1,1,56,9,3,0,0,0,0,0_0,3_10
1,1,1,9,2,2,0,0,0,1,5_4,1_1
1,1,1,61,9,3,0,0,0,0,0_0,1_9
1,1,1,63,9,2,0,0,0,1,5_1,1_2
2,1,1,74,10,3,0,0,0,0,0_0,1_1
2,2,1,50,8,3,0,0,0,0,0_0,1_9
2,1,1,65,9,3,0,0,0,0,0_0,1_6
2,1,1,17,4,2,0,0,0,0,0_0,1_1
2,1,1,32,6,3,0,0,0,0,0_0,3_3
1,1,1,53,8,2,0,0,0,0,0_0,1_1
1,1,1,35,6,3,0,0,0,0,0_0,1_9
2,1,2,28,6,3,0,0,0,0,0_0,1_6
2,2,1,43,7,3,0,0,0,0,0_0,3_8
2,1,1,58,9,3,0,0,0,0,0_0,1_8
2,1,1,14,3,3,0,0,0,0,0_0,-1_-1
2,1,2,55,8,2,0,0,0,0,0_0,-1_-1
1,1,1,73,10,3,0,0,0,0,0_0,1_8
2,1,1,27,6,3,0,0,0,1,0_0,1_1
2,1,1,65,9,2,0,0,0,0,0_0,1_8
1,1,2,29,6,2,0,0,0,0,0_0,1_1
2,1,2,38,7,3,0,0,0,0,0_0,1_6
3,1,1,57,9,3,0,0,0,0,0_0,1_2
2,1,1,28,6,3,0,0,0,0,0_0,1_9
2,1,1,46,8,3,0,0,0,0,0_0,-1_-1
1,1,2,36,7,3,0,0,0,1,5_2,-1_-1
1,1,1,11,3,3,0,0,0,1,5_1,-1_-1
1,1,1,11,3,3,0,0,0,0,0_0,1_8
1,1,2,72,10,3,0,0,0,1,0_0,3_7
1,1,1,84,11,2,0,0,0,0,0_0,1_6
1,1,1,37,7,2,0,0,0,0,0_0,1_10
1,1,2,17,4,2,0,0,0,0,0_0,1_10
1,1,2,34,6,2,0,0,0,1,8_3,-1_-1
1,1,2,38,7,3,0,0,0,0,0_0,1_1
1,1,2,11,3,3,0,0,0,1,5_4,1_2
1,1,2,11,3,3,0,0,0,1,1_1,-1_-1
1,1,1,34,6,2,0,0,0,0,0_0,2_6
3,1,1,58,9,3,0,0,0,0,0_0,3_6
1,1,1,70,10,2,0,0,0,1,5_3,-1_-1
1,1,1,26,6,3,0,0,0,1,8_5,1_7
1,1,1,15,3,3,0,0,0,1,5_2,-1_-1
1,1,1,31,6,3,0,0,0,0,0_0,3_10
1,2,2,11,3,3,0,0,0,1,0_0,1_4
1,1,2,58,9,2,0,0,0,1,8_8,2_6
2,1,1,54,8,2,0,0,0,0,0_0,1_10
1,1,1,14,3,3,0,0,0,1,5_1,1_5
1,1,1,47,8,2,0,0,0,0,0_0,3_7
2,2,1,33,6,3,0,0,0,0,0_0,3_4
1,1,1,22,5,3,0,0,0,0,0_0,2_1
2,1,2,4,1,2,0,0,0,0,0_0,1_1
1,1,1,26,6,2,0,0,0,0,0_0,-1_-1
1,1,2,47,8,3,0,0,0,0,0_0,1_6
2,1,2,44,7,3,0,0,0,0,0_0,3_10
1,1,1,33,6,3,0,0,0,0,0_0,1_8
1,1,1,43,7,2,0,0,0,0,0_0,1_4
1,1,1,56,9,2,0,0,0,0,0_0,-1_-1
2,2,1,33,6,3,0,0,0,0,0_0,1_8
1,1,2,5,1,1,0,0,0,1,5_1,1_-1
2,1,1,42,7,3,0,0,0,0,0_0,1_7
2,1,2,32,6,3,0,0,0,0,0_0,3_6
1,1,2,39,7,3,0,0,0,0,0_0,1_4
2,1,2,25,5,3,0,0,0,1,0_0,1_3
3,2,1,29,6,3,0,0,0,0,0_0,1_2
1,1,2,48,8,3,0,0,0,0,0_0,3_6
3,2,2,63,9,2,0,0,0,0,0_0,1_6
1,1,1,8,2,2,0,0,0,0,0_0,1_1
1,1,1,50,8,2,0,0,0,1,9_5,-1_-1
1,1,2,76,11,2,0,0,0,1,5_3,3_6
2,1,2,61,9,3,0,0,0,0,0_0,1_6
2,1,1,36,7,3,0,0,0,0,0_0,3_7
1,1,1,19,4,1,0,0,0,0,0_0,1_9
1,1,1,73,10,3,0,0,0,1,6_9,2_5
2,1,1,57,9,3,0,0,0,0,0_0,1_7
1,1,2,45,7,2,0,0,0,0,0_0,1_4
2,2,1,27,6,3,0,0,0,0,0_0,1_8
1,1,1,61,9,3,0,0,0,0,0_0,3_10
1,1,2,23,5,3,0,0,0,0,0_0,2_10
1,1,1,71,10,2,0,0,0,0,0_0,1_3
1,1,1,22,5,3,0,0,0,1,5_4,1_3
1,1,2,41,7,2,0,0,0,1,6_9,1_10
1,1,1,27,6,2,0,0,0,0,0_0,1_4
2,2,2,42,7,3,0,0,0,0,0_0,1_1
1,1,2,87,11,2,0,0,0,1,1_3,-1_-1
1,1,2,30,6,3,0,0,0,0,0_0,2_5
1,1,1,14,3,2,0,0,0,1,5_1,1_7
1,2,2,21,5,3,0,0,0,0,0_0,1_2
1,1,2,63,9,3,0,0,0,0,0_0,1_6
1,1,2,29,6,2,0,0,0,0,0_0,1_9
1,1,2,40,7,2,0,0,0,1,5_1,1_9
1,1,1,86,11,3,0,0,0,1,5_1,1_4
1,1,1,11,3,3,0,0,0,1,5_4,1_7
1,1,1,19,4,3,0,0,0,0,0_0,2_4
2,2,2,35,6,3,0,0,0,0,0_0,1_1
1,1,1,36,7,3,0,0,0,0,0_0,1_8
1,2,1,25,5,2,0,0,0,0,0_0,1_-1
2,1,2,40,7,3,0,0,0,0,0_0,3_7
2,2,1,72,10,3,0,0,0,1,0_0,3_7
1,1,1,75,10,3,0,0,0,0,0_0,1_10
1,1,2,22,5,3,0,0,0,0,0_0,3_7
2,2,1,25,5,3,0,0,0,0,0_0,3_6
2,1,2,21,5,3,0,0,0,0,0_0,1_4
2,1,1,48,8,2,0,0,0,0,0_0,1_8
1,1,1,54,8,3,0,0,0,1,5_1,1_1
1,1,2,64,9,3,0,0,0,1,5_4,1_7
2,2,2,20,4,3,0,0,0,0,0_0,1_6
1,1,2,14,3,3,0,0,0,1,9_9,1_8
2,1,1,17,4,2,0,0,0,0,0_0,1_9
1,1,2,83,11,2,0,0,0,1,6_9,1_10
1,1,2,28,6,2,0,0,0,0,0_0,1_8
1,1,2,10,2,2,0,0,0,1,5_1,1_3
1,2,1,7,2,2,0,0,0,1,5_1,1_3
1,1,1,90,11,3,0,0,0,0,0_0,1_9
1,1,2,54,8,3,0,0,0,1,0_0,1_6
2,2,1,48,8,3,0,0,0,0,0_0,1_7
1,1,2,69,10,3,0,0,0,1,5_1,1_4
2,1,1,13,3,3,0,0,0,0,0_0,1_7
2,1,1,48,8,3,0,0,0,0,0_0,3_10
1,1,1,47,8,3,0,0,0,0,0_0,1_10
1,1,1,23,5,2,0,0,0,0,0_0,1_4
3,1,2,62,9,3,0,0,0,0,0_0,2_10
2,2,1,20,4,3,0,0,0,0,0_0,3_8
1,1,2,63,9,3,0,0,0,0,0_0,1_10
1,1,1,45,7,2,0,0,0,1,9_5,1_2
1,1,1,76,11,2,0,0,0,0,0_0,1_1
1,1,2,32,6,3,0,0,0,1,9_9,-1_-1
1,1,1,55,8,2,0,0,0,0,0_0,1_10
1,1,1,83,11,3,0,0,0,0,0_0,1_6
1,1,1,11,3,3,0,0,0,1,5_1,1_3
3,2,1,67,10,2,0,0,0,0,0_0,3_6
1,1,2,28,6,1,0,0,0,0,0_0,1_1
2,2,2,23,5,2,0,0,0,0,0_0,2_6
1,1,1,43,7,3,0,0,0,0,0_0,3_6
1,1,1,82,11,3,0,0,0,0,0_0,1_10
1,1,1,69,10,2,0,0,0,0,0_0,3_5
1,1,2,13,3,3,0,0,0,1,5_4,3_7
1,1,2,40,7,3,0,0,0,0,0_0,3_4
2,1,1,50,8,3,0,0,0,1,9_6,1_2
1,1,2,3,1,2,0,0,0,1,5_2,1_4
1,1,1,31,6,2,0,0,0,0,0_0,2_6
2,1,2,66,10,3,0,0,0,0,0_0,1_6
1,1,1,51,8,3,0,0,0,0,0_0,2_5
2,2,1,35,6,3,0,0,0,0,0_0,1_10
1,1,2,35,6,1,0,0,0,0,0_0,-1_-1
1,1,1,26,6,1,0,0,0,0,0_0,3_8
1,1,1,40,7,2,0,0,0,0,0_0,1_4
1,1,1,31,6,3,0,0,0,1,5_1,1_8
1,1,2,40,7,3,0,0,0,0,0_0,2_8
1,1,1,47,8,3,0,0,0,1,9_5,3_10
1,1,1,25,5,2,0,0,0,0,0_0,1_4
2,2,1,47,8,3,0,0,0,0,0_0,1_8
1,1,1,42,7,3,0,0,0,0,0_0,2_10
1,1,2,64,9,3,0,0,0,1,5_9,1_2
1,2,2,8,2,3,0,0,0,1,5_9,-1_-1
1,1,2,42,7,3,0,0,0,0,0_0,2_9
2,1,2,75,10,3,0,0,0,0,0_0,2_10
2,1,1,23,5,3,0,0,0,0,0_0,1_6
1,1,2,29,6,3,0,0,0,1,9_9,1_6
2,1,2,54,8,3,0,0,0,0,0_0,1_5
2,1,1,59,9,2,0,0,0,0,0_0,1_5
2,1,2,34,6,3,0,0,0,0,0_0,1_10
2,1,1,66,10,3,0,0,0,0,0_0,1_1
2,1,2,22,5,3,0,0,0,0,0_0,1_4
2,1,1,49,8,3,0,0,0,0,0_0,1_8
3,1,1,41,7,3,0,0,0,0,0_0,3_7
2,2,2,43,7,3,0,0,0,0,0_0,1_4
1,1,1,80,11,3,0,0,0,0,0_0,1_8
1,1,2,38,7,3,0,0,0,0,0_0,3_10
2,2,2,33,6,3,0,0,0,0,0_0,1_1
1,1,2,79,11,3,0,0,0,0,0_0,3_10
2,2,2,19,4,3,0,0,0,0,0_0,1_5
1,2,2,38,7,3,0,0,0,0,0_0,3_7
1,1,1,59,9,3,0,0,0,1,5_1,1_7
1,1,2,40,7,3,0,0,0,1,5_9,3_9
2,1,1,28,6,3,0,0,0,0,0_0,1_7
2,2,2,24,5,3,0,0,0,0,0_0,3_7
1,1,2,60,9,3,0,0,0,0,0_0,1_6
3,2,2,23,5,2,0,0,0,0,0_0,1_2
1,1,1,27,6,2,0,0,0,0,0_0,-1_-1
1,1,2,22,5,3,0,0,0,0,0_0,1_8
2,1,2,29,6,3,0,0,0,0,0_0,2_9
1,1,1,83,11,3,0,0,0,0,0_0,-1_-1
2,3,1,58,9,3,0,0,0,0,0_0,1_2
2,1,1,44,7,2,0,0,0,0,0_0,1_5
1,1,1,8,2,3,0,0,0,1,6_9,1_3
1,1,1,33,6,2,0,0,0,0,0_0,1_7
2,1,2,30,6,3,0,0,0,0,0_0,1_4
1,1,1,76,11,2,0,0,0,0,0_0,2_3
2,1,1,38,7,3,0,0,0,0,0_0,3_7
1,1,1,19,4,2,0,0,0,0,0_0,1_4
2,1,2,27,6,3,0,0,0,0,0_0,3_7
1,1,2,50,8,3,0,0,0,1,10_9,2_1
1,1,2,11,3,2,0,0,0,1,5_1,3_7
1,1,1,28,6,3,0,0,0,0,0_0,1_9
1,1,1,25,5,2,0,0,0,0,0_0,1_8
2,2,1,39,7,2,0,0,0,0,0_0,1_5
1,1,2,50,8,2,0,0,0,1,0_0,2_8
3,1,2,26,6,3,0,0,0,0,0_0,1_9
1,1,1,48,8,2,0,0,0,0,0_0,1_10
1,1,1,20,4,3,0,0,0,1,5_1,1_5
2,1,1,34,6,3,0,0,0,0,0_0,1_7
3,2,1,72,10,3,0,0,0,0,0_0,1_1
2,1,1,59,9,2,0,0,0,0,0_0,1_4
2,1,2,30,6,3,0,0,0,0,0_0,1_2
2,1,1,53,8,3,0,0,0,0,0_0,1_4
2,1,1,15,3,2,0,0,0,1,10_1,-1_-1
2,1,2,59,9,3,0,0,0,0,0_0,2_5
2,1,1,24,5,3,0,0,0,0,0_0,2_10
2,1,1,67,10,3,0,0,0,0,0_0,1_9
1,1,1,16,4,3,0,0,0,1,6_9,1_8
2,1,2,47,8,3,0,0,0,0,0_0,1_2
1,1,1,16,4,3,0,0,0,1,1_2,1_4
1,1,1,15,3,2,0,0,0,1,1_1,1_3
1,1,1,31,6,3,0,0,0,1,10_9,1_10
1,1,2,44,7,3,0,0,0,1,6_9,2_8
2,2,1,35,6,2,0,0,0,0,0_0,3_7
2,1,2,45,7,3,0,0,0,0,0_0,3_6
1,1,1,79,11,3,0,0,0,1,10_9,1_1
1,1,1,9,2,3,0,0,0,1,5_1,2_5
2,1,1,31,6,2,0,0,0,0,0_0,1_4
2,2,1,24,5,3,0,0,0,1,0_0,1_2
2,3,1,41,7,3,0,0,0,0,0_0,-1_-1
1,1,2,39,7,3,0,0,0,1,9_8,1_2
1,1,2,58,9,2,0,0,0,1,1_1,1_8
1,1,2,23,5,3,0,0,0,0,0_0,2_9
1,1,1,16,4,3,0,0,0,1,5_9,1_2
1,1,2,16,4,3,0,0,0,1,5_1,1_8
2,1,2,42,7,3,0,0,0,0,0_0,2_6
2,1,1,10,2,3,0,0,0,0,0_0,1_7
1,1,2,13,3,2,0,0,0,1,4_4,-1_-1
1,1,1,55,8,3,0,0,0,0,0_0,-1_-1
1,1,2,39,7,2,0,0,0,0,0_0,1_3
2,3,1,60,9,3,0,0,0,0,0_0,1_5
1,1,1,22,5,3,0,0,0,0,0_0,3_7
2,1,1,26,6,3,0,0,0,0,0_0,1_8
1,1,2,33,6,3,0,0,0,0,0_0,1_5
3,1,1,52,8,2,0,0,0,0,0_0,1_4
1,1,2,11,3,3,0,0,0,1,5_1,1_4
1,1,1,17,4,3,0,0,0,1,6_7,1_10
1,2,1,17,4,3,0,0,0,1,6_7,1_10
1,1,2,74,10,3,0,0,0,0,0_0,1_3
1,1,1,37,7,2,0,0,0,1,5_1,1_2
1,2,1,18,4,3,0,0,0,0,0_0,1_1
1,1,1,35,6,2,0,0,0,0,0_0,1_9
1,1,1,4,1,3,0,0,0,1,5_1,1_8
2,2,1,75,10,3,0,0,0,0,0_0,1_6
2,1,2,14,3,3,0,0,0,0,0_0,1_10
2,1,1,52,8,2,0,0,0,0,0_0,1_7
1,1,1,15,3,3,0,0,0,0,0_0,1_6
2,1,1,57,9,2,0,0,0,0,0_0,1_9
1,1,1,25,5,1,0,0,0,1,9_9,1_5
1,1,1,44,7,3,0,0,0,0,0_0,2_7
2,1,1,31,6,2,0,0,0,0,0_0,1_5
2,1,2,51,8,3,0,0,0,0,0_0,2_7
2,1,1,30,6,2,0,0,0,0,0_0,3_7
1,1,1,19,4,2,0,0,0,0,0_0,1_9
1,1,2,77,11,2,0,0,0,0,0_0,1_7
1,1,2,78,11,3,0,0,0,0,0_0,3_4
2,1,2,60,9,3,0,0,0,0,0_0,1_6
2,1,2,33,6,3,0,0,0,0,0_0,1_9
1,1,2,21,5,2,0,0,0,1,5_3,1_4
1,1,2,29,6,2,0,0,0,0,0_0,2_8
2,2,2,27,6,3,0,0,0,0,0_0,1_9
1,1,2,19,4,3,0,0,0,0,0_0,3_5
2,1,1,84,11,3,0,0,0,0,0_0,1_9
1,1,1,33,6,3,0,0,0,0,0_0,3_6
1,1,1,40,7,2,0,0,0,1,8_3,1_5
1,1,1,74,10,3,0,0,0,0,0_0,3_6
1,1,1,21,5,3,0,0,0,0,0_0,3_6
2,1,2,50,8,3,0,0,0,0,0_0,2_4
2,1,1,12,3,3,0,0,0,0,0_0,1_7
1,1,1,24,5,2,0,0,0,0,0_0,3_6
2,1,1,7,2,3,0,0,0,0,0_0,1_10
1,1,1,56,9,1,0,0,0,0,0_0,2_9
1,2,1,19,4,3,0,0,0,1,0_0,1_1
2,1,2,51,8,3,0,0,0,0,0_0,2_9
3,1,2,38,7,3,0,0,0,0,0_0,1_4
1,1,2,40,7,3,0,0,0,1,7_1,2_6
1,1,2,32,6,3,0,0,0,0,0_0,-1_-1
1,1,1,23,5,1,0,0,0,0,0_0,2_6
2,2,2,40,7,3,0,0,0,0,0_0,2_5
3,3,1,29,6,3,0,0,0,0,0_0,1_2
1,1,2,57,9,3,0,0,0,1,10_9,1_9
2,1,2,46,8,3,0,0,0,0,0_0,1_5
2,1,1,69,10,3,0,0,0,0,0_0,1_6
1,1,1,20,4,3,0,0,0,1,10_9,1_7
2,1,2,37,7,3,0,0,0,0,0_0,1_4
2,1,1,28,6,3,0,0,0,0,0_0,1_2
1,1,1,57,9,3,0,0,0,0,0_0,3_8
1,1,2,14,3,3,0,0,0,1,5_1,1_3
2,2,1,20,4,3,0,0,0,0,0_0,1_10
3,2,2,63,9,3,0,0,0,0,0_0,1_6
2,1,2,68,10,3,0,0,0,1,1_1,1_6
1,1,1,6,2,3,0,0,0,1,1_4,1_1
1,3,1,18,4,2,0,0,0,0,0_0,1_2
2,2,2,61,9,3,0,0,0,0,0_0,1_2
1,1,2,12,3,2,0,0,0,1,4_1,1_1
1,1,2,47,8,2,0,0,0,0,0_0,1_5
1,2,1,5,1,3,0,0,0,1,5_1,1_5
2,1,1,32,6,2,0,0,0,0,0_0,1_5
1,1,1,13,3,3,0,0,0,1,10_9,1_5
1,1,1,64,9,2,0,0,0,0,0_0,1_1
2,2,2,57,9,2,0,0,0,0,0_0,1_9
1,2,1,46,8,2,0,0,0,0,0_0,1_2
1,1,1,80,11,3,0,0,0,1,1_1,1_7
1,1,1,34,6,3,0,0,0,1,1_3,1_3
1,1,2,35,6,3,0,0,0,1,5_1,1_6
1,1,2,53,8,3,0,0,0,1,6_9,1_3
1,1,1,11,3,3,0,0,0,1,4_1,1_4
1,1,1,23,5,3,0,0,0,1,9_9,1_1
2,1,1,10,2,3,0,0,0,0,0_0,1_4
1,1,2,61,9,3,0,0,0,1,8_1,1_2
3,2,1,56,9,3,0,0,0,0,0_0,1_10
1,1,1,28,6,3,0,0,0,1,1_1,1_2
2,1,1,51,8,2,0,0,0,0,0_0,1_9
2,2,1,27,6,3,0,0,0,1,0_0,1_2
1,1,2,10,2,3,0,0,0,1,5_3,1_2
2,1,1,44,7,3,0,0,0,0,0_0,3_9
1,1,2,64,9,3,0,0,0,0,0_0,1_4
2,3,1,36,7,3,0,0,0,0,0_0,1_2
2,1,2,60,9,3,0,0,0,0,0_0,1_5
2,1,1,47,8,3,0,0,0,0,0_0,2_9
1,1,2,10,2,3,0,0,0,1,5_1,1_3
3,2,2,29,6,3,0,0,0,0,0_0,1_5
2,1,1,43,7,2,0,0,0,0,0_0,1_3
1,1,1,28,6,3,0,0,0,0,0_0,1_10
1,2,2,68,10,2,0,0,0,1,6_9,3_10
1,1,1,58,9,3,0,0,0,1,4_1,1_8
2,1,1,18,4,3,0,0,0,0,0_0,1_7
1,1,1,24,5,2,0,0,0,0,0_0,1_7
1,1,1,10,2,3,0,0,0,1,5_3,1_4
2,1,1,29,6,2,0,0,0,0,0_0,1_6
3,1,2,58,9,3,0,0,0,0,0_0,1_7
1,1,1,41,7,2,0,0,0,1,5_3,1_5
2,1,2,27,6,2,0,0,0,0,0_0,2_3
1,1,2,39,7,2,0,0,0,0,0_0,1_6
1,1,1,30,6,3,0,0,0,0,0_0,3_8
2,1,2,54,8,2,0,0,0,0,0_0,1_1
2,1,1,65,9,3,0,0,0,0,0_0,2_9
2,2,2,22,5,3,0,0,0,0,0_0,2_10
1,1,2,32,6,2,0,0,0,0,0_0,1_2
2,1,1,67,10,3,0,0,0,0,0_0,2_10
1,1,1,46,8,2,0,0,0,0,0_0,1_3
1,1,2,58,9,3,0,0,0,1,5_1,1_2
2,1,1,31,6,3,0,0,0,0,0_0,2_10
3,1,2,51,8,3,0,0,0,0,0_0,3_7
2,2,2,47,8,2,0,0,0,0,0_0,1_8
1,1,2,54,8,3,0,0,0,0,0_0,3_6
2,1,1,29,6,2,0,0,0,0,0_0,-1_-1
2,1,2,70,10,3,0,0,0,0,0_0,1_6
2,1,2,38,7,3,0,0,0,0,0_0,2_5
2,1,1,22,5,2,0,0,0,0,0_0,1_3
1,1,1,86,11,3,0,0,0,0,0_0,2_9
1,1,1,20,4,3,0,0,0,1,6_9,3_9
2,1,1,48,8,3,0,0,0,0,0_0,1_10
1,1,2,60,9,2,0,0,0,0,0_0,1_8
2,2,1,58,9,3,0,0,0,0,0_0,1_4
1,1,2,31,6,3,0,0,0,1,9_5,1_1
1,1,1,72,10,3,0,0,0,1,6_9,1_7
1,1,1,31,6,3,0,0,0,1,5_9,1_7
1,1,1,38,7,2,0,0,0,1,0_0,1_2
1,1,2,47,8,3,0,0,0,0,0_0,3_7
1,1,1,83,11,3,0,0,0,1,4_1,1_1
2,1,2,50,8,2,0,0,0,0,0_0,2_7
1,1,2,58,9,3,0,0,0,0,0_0,1_7
1,1,1,25,5,1,0,0,0,0,0_0,3_3
1,1,2,22,5,2,0,0,0,1,0_0,1_9
2,2,1,35,6,3,0,0,0,0,0_0,1_2
1,1,1,11,3,3,0,0,0,1,6_9,1_2
1,1,1,28,6,3,0,0,0,0,0_0,1_8
1,1,1,32,6,3,0,0,0,1,5_9,1_2
1,1,1,20,4,2,0,0,0,1,5_4,1_5
2,1,1,40,7,2,0,0,0,0,0_0,-1_-1
1,1,1,64,9,2,0,0,0,1,9_9,1_4
1,1,1,76,11,3,0,0,0,0,0_0,1_3
1,1,1,77,11,3,0,0,0,0,0_0,1_10
2,1,2,14,3,3,0,0,0,0,0_0,1_9
2,2,1,23,5,3,0,0,0,0,0_0,1_4
1,1,2,20,4,3,0,0,0,1,7_3,1_5
2,2,2,53,8,3,0,0,0,0,0_0,1_4
2,1,1,52,8,3,0,0,0,0,0_0,3_6
3,2,1,44,7,3,0,0,0,0,0_0,1_2
1,1,1,14,3,3,0,0,0,1,1_1,1_2
2,1,2,47,8,3,0,0,0,0,0_0,2_10
1,1,2,17,4,3,0,0,0,1,5_1,1_2
2,1,1,16,4,3,0,0,0,0,0_0,1_3
1,1,2,11,3,3,0,0,0,1,5_1,3_7
1,1,2,18,4,2,0,0,0,0,0_0,1_10
1,1,1,40,7,2,0,0,0,0,0_0,2_10
2,2,2,26,6,2,0,0,0,0,0_0,1_5
1,1,1,33,6,1,0,0,0,0,0_0,2_9
1,2,1,61,9,3,0,0,0,1,7_3,1_6
2,2,2,35,6,3,0,0,0,0,0_0,1_7
1,1,1,17,4,3,0,0,0,1,10_5,1_10
2,1,1,27,6,3,0,0,0,0,0_0,1_10
1,1,1,56,9,3,0,0,0,0,0_0,3_7
2,1,2,25,5,3,0,0,0,0,0_0,2_8
2,2,1,22,5,3,0,0,0,1,0_0,1_2
2,1,1,14,3,3,0,0,0,0,0_0,1_5
1,1,2,20,4,2,0,0,0,1,5_1,1_4
1,1,1,25,5,3,0,0,0,0,0_0,3_4
1,1,1,8,2,3,0,0,0,1,5_1,1_4
1,1,2,37,7,3,0,0,0,0,0_0,2_9
1,1,2,34,6,3,0,0,0,0,0_0,1_7
2,2,1,55,8,3,0,0,0,0,0_0,1_10
2,1,1,44,7,3,0,0,0,0,0_0,1_9
2,1,1,9,2,3,0,0,0,0,0_0,1_8
1,1,1,47,8,3,0,0,0,0,0_0,3_9
1,1,2,15,3,3,0,0,0,1,5_1,1_7
1,1,1,51,8,2,0,0,0,0,0_0,2_10
1,1,1,12,3,3,0,0,0,1,9_9,-1_-1
1,1,1,54,8,2,0,0,0,0,0_0,1_10
2,1,2,40,7,2,0,0,0,0,0_0,1_3
2,1,1,19,4,3,0,0,0,0,0_0,3_5
1,1,1,55,8,3,0,0,0,1,4_1,1_10
1,1,1,48,8,3,0,0,0,0,0_0,3_4
1,1,1,62,9,3,0,0,0,0,0_0,1_10
2,2,2,73,10,2,0,0,0,0,0_0,2_9
2,2,1,19,4,3,0,0,0,0,0_0,3_5
1,1,1,45,7,2,0,0,0,0,0_0,3_6
1,1,1,22,5,3,0,0,0,0,0_0,3_4
1,1,2,23,5,3,0,0,0,0,0_0,3_-1
1,1,2,10,2,3,0,0,0,1,5_1,1_1
1,1,1,86,11,1,0,0,0,0,0_0,2_4
1,1,1,86,11,3,0,0,0,0,0_0,1_3
1,1,1,35,6,2,0,0,0,0,0_0,3_8
2,1,1,68,10,2,0,0,0,0,0_0,1_4
1,2,1,51,8,3,0,0,0,0,0_0,2_5
1,3,1,18,4,2,0,0,0,0,0_0,3_6
1,1,2,20,4,2,0,0,0,1,4_1,1_3
1,1,2,5,1,3,0,0,0,1,5_3,1_6
3,1,2,57,9,3,0,0,0,0,0_0,3_-1
3,1,1,39,7,3,0,0,0,0,0_0,1_3
1,1,1,51,8,2,0,0,0,1,6_1,1_3
1,1,1,40,7,3,0,0,0,0,0_0,2_4
1,1,1,47,8,2,0,0,0,0,0_0,2_10
2,1,1,18,4,2,0,0,0,0,0_0,1_4
1,1,1,58,9,2,0,0,0,1,1_3,1_3
1,2,1,46,8,3,0,0,0,0,0_0,1_4
2,1,1,48,8,2,0,0,0,0,0_0,1_1
1,1,1,40,7,2,0,0,0,0,0_0,3_9
1,1,1,20,4,2,0,0,0,0,0_0,1_2
1,2,2,24,5,3,0,0,0,1,0_0,1_2
2,1,1,17,4,2,0,0,0,0,0_0,1_4
1,1,1,26,6,3,0,0,0,1,5_9,3_8
1,1,1,72,10,3,0,0,0,0,0_0,1_9
2,2,2,33,6,3,0,0,0,0,0_0,1_7
1,1,2,86,11,3,0,0,0,1,1_1,3_7
1,1,1,34,6,3,0,0,0,1,9_9,1_4
1,1,1,20,4,3,0,0,0,0,0_0,2_10
2,2,2,52,8,3,0,0,0,0,0_0,2_9
1,2,1,82,11,3,0,0,0,0,0_0,2_10
2,1,2,53,8,3,0,0,0,0,0_0,1_9
1,1,2,40,7,3,0,0,0,1,10_9,1_8
2,2,1,53,8,3,0,0,0,0,0_0,1_3
1,1,1,35,6,3,0,0,0,1,6_8,1_3
1,1,1,36,7,2,0,0,0,1,8_1,1_3
1,1,2,23,5,2,0,0,0,1,6_8,1_10
1,1,1,40,7,1,0,0,0,0,0_0,1_4
1,1,2,75,10,2,0,0,0,1,5_3,2_2
1,2,2,36,7,3,0,0,0,0,0_0,1_3
2,1,1,25,5,2,0,0,0,0,0_0,1_10
1,1,1,76,11,2,0,0,0,0,0_0,3_3
1,1,1,14,3,3,0,0,0,1,8_2,1_2
2,2,2,22,5,3,0,0,0,0,0_0,1_3
1,1,2,59,9,3,0,0,0,0,0_0,2_10
2,2,1,78,11,3,0,0,0,0,0_0,1_9
2,1,2,48,8,2,0,0,0,0,0_0,1_5
1,1,2,14,3,3,0,0,0,0,0_0,3_3
1,1,1,86,11,3,0,0,0,0,0_0,2_10
1,1,2,86,11,3,0,0,0,1,6_9,1_9
1,1,1,22,5,3,0,0,0,1,6_8,1_6
1,1,1,15,3,3,0,0,0,0,0_0,1_10
2,2,1,38,7,3,0,0,0,0,0_0,3_7
1,1,1,19,4,3,0,0,0,0,0_0,1_8
1,1,2,6,2,3,0,0,0,1,10_1,1_1
1,1,1,12,3,3,0,0,0,1,5_1,1_-1
1,1,1,33,6,3,0,0,0,1,9_7,1_1
1,1,1,70,10,2,0,0,0,0,0_0,1_10
1,1,1,18,4,2,0,0,0,0,0_0,1_9
1,2,2,31,6,3,0,0,0,0,0_0,1_5
2,1,2,38,7,3,0,0,0,0,0_0,1_1
1,1,2,29,6,3,0,0,0,1,5_3,1_5
3,1,1,21,5,2,0,0,0,0,0_0,1_5
1,1,2,27,6,3,0,0,0,0,0_0,-1_-1
2,1,2,37,7,2,0,0,0,0,0_0,1_7
2,1,1,18,4,3,0,0,0,0,0_0,-1_-1
1,1,1,48,8,3,0,0,0,0,0_0,3_8
1,1,1,24,5,2,0,0,0,0,0_0,1_5
2,2,2,50,8,3,0,0,0,0,0_0,3_7
1,1,1,22,5,3,0,0,0,1,8_1,1_2
1,1,2,49,8,3,0,0,0,0,0_0,1_1
2,2,1,74,10,3,0,0,0,0,0_0,3_7
1,1,1,22,5,3,0,0,0,1,0_0,-1_-1
1,1,1,31,6,3,0,0,0,1,6_9,1_3
1,1,2,51,8,3,0,0,0,0,0_0,-1_-1
1,1,1,29,6,3,0,0,0,1,5_1,-1_-1
1,1,2,16,4,3,0,0,0,1,5_1,1_5
1,1,1,28,6,3,0,0,0,1,6_9,1_5
1,1,2,22,5,3,0,0,0,1,8_5,1_2
2,1,1,58,9,3,0,0,0,0,0_0,1_7
1,1,1,11,3,3,0,0,0,1,5_1,1_2
1,1,2,27,6,3,0,0,0,1,0_0,1_4
3,2,1,53,8,3,0,0,0,0,0_0,1_1
2,1,2,18,4,3,0,0,0,0,0_0,1_3
2,1,1,11,3,3,0,0,0,0,0_0,1_1
1,1,2,92,11,2,0,0,0,0,0_0,1_10
2,1,1,57,9,2,0,0,0,0,0_0,1_8
1,1,1,23,5,2,0,0,0,0,0_0,1_10
2,2,1,38,7,3,0,0,0,0,0_0,-1_-1
2,1,1,34,6,3,0,0,0,0,0_0,1_2
3,2,2,17,4,3,0,0,0,0,0_0,1_1
1,1,2,70,10,3,0,0,0,1,4_9,1_4
1,1,1,49,8,3,0,0,0,1,9_9,1_7
1,1,2,72,10,2,0,0,0,1,4_9,1_1
2,1,2,39,7,2,0,0,0,0,0_0,3_5
1,1,1,76,11,3,0,0,0,1,5_1,1_6
1,1,1,35,6,3,0,0,0,0,0_0,1_7
1,1,1,38,7,3,0,0,0,0,0_0,1_10
1,1,2,79,11,3,0,0,0,0,0_0,1_1
2,1,2,49,8,3,0,0,0,0,0_0,1_9
3,1,1,80,11,3,0,0,0,0,0_0,1_10
3,1,1,70,10,3,0,0,0,0,0_0,1_5
3,2,2,55,8,3,0,0,0,1,0_0,1_5
1,1,2,80,11,3,0,0,0,0,0_0,1_2
1,1,2,21,5,3,0,0,0,0,0_0,-1_-1
2,1,2,25,5,3,0,0,0,0,0_0,3_8
3,2,2,78,11,3,0,0,0,0,0_0,1_7
1,1,1,14,3,2,0,0,0,1,5_1,1_4
2,1,1,24,5,2,0,0,0,0,0_0,1_4
2,1,2,33,6,2,0,0,0,0,0_0,1_7
1,2,1,19,4,3,0,0,0,0,0_0,2_9
2,1,1,34,6,3,0,0,0,0,0_0,3_5
1,1,2,21,5,3,0,0,0,1,5_1,1_2
2,1,2,36,7,3,0,0,0,0,0_0,2_8
1,1,1,31,6,3,0,0,0,1,9_9,1_7
2,2,1,59,9,2,0,0,0,0,0_0,1_7
2,1,2,32,6,3,0,0,0,0,0_0,3_5
2,2,1,63,9,3,0,0,0,0,0_0,1_9
1,2,1,24,5,3,0,0,0,1,0_0,1_10
1,1,2,6,2,2,0,0,0,1,5_4,1_8
1,1,1,29,6,2,0,0,0,0,0_0,3_5
1,2,2,13,3,3,0,0,0,1,0_0,3_10
1,2,2,77,11,2,0,0,0,0,0_0,1_4
2,1,2,58,9,3,0,0,0,0,0_0,2_9
1,1,1,16,4,3,0,0,0,0,0_0,-1_-1
1,2,1,20,4,3,0,0,0,0,0_0,1_3
1,1,2,57,9,3,0,0,0,0,0_0,3_10
2,2,2,42,7,3,0,0,0,0,0_0,2_9
1,1,1,3,1,3,0,0,0,1,1_4,-1_-1
1,1,1,79,11,3,0,0,0,0,0_0,1_9
2,2,1,71,10,2,0,0,0,0,0_0,2_8
3,3,1,70,10,2,0,0,0,0,0_0,-1_-1
1,1,1,74,10,3,0,0,0,0,0_0,1_7
1,1,2,54,8,3,0,0,0,1,5_1,-1_-1
1,1,1,63,9,2,0,0,0,1,4_3,1_4
2,1,1,26,6,3,0,0,0,0,0_0,2_9
2,1,1,15,3,3,0,0,0,0,0_0,1_2
1,1,1,17,4,3,0,0,0,1,1_1,1_6
2,1,2,21,5,3,0,0,0,0,0_0,3_10
2,1,2,37,7,3,0,0,0,0,0_0,2_10
1,2,1,20,4,3,0,0,0,0,0_0,3_7
2,1,2,54,8,2,0,0,0,0,0_0,2_6
2,1,2,60,9,3,0,0,0,0,0_0,1_8
2,1,2,24,5,3,0,0,0,0,0_0,-1_-1
2,1,1,27,6,3,0,0,0,0,0_0,1_6
1,1,1,56,9,3,0,0,0,1,4_3,1_10
1,1,1,4,1,3,0,0,0,1,5_1,1_2
1,1,1,26,6,3,0,0,0,0,0_0,2_3
3,1,1,14,3,3,0,0,0,0,0_0,-1_-1
1,1,1,28,6,3,0,0,0,1,9_9,-1_-1
2,1,1,12,3,3,0,0,0,0,0_0,1_5
2,1,1,64,9,3,0,0,0,0,0_0,2_5
2,1,1,26,6,3,0,0,0,0,0_0,2_7
1,1,1,35,6,3,0,0,0,1,10_9,1_1
1,1,2,88,11,3,0,0,0,0,0_0,1_4
1,1,1,76,11,3,0,0,0,0,0_0,-1_-1
1,1,1,34,6,2,0,0,0,1,5_3,1_1
2,2,1,67,10,2,0,0,0,0,0_0,-1_-1
1,1,1,28,6,3,0,0,0,1,9_5,-1_-1
1,1,1,39,7,3,0,0,0,1,8_9,1_2
1,1,2,17,4,3,0,0,0,1,1_1,2_4
1,1,2,18,4,3,0,0,0,1,1_1,-1_-1
1,1,2,63,9,3,0,0,0,1,6_8,1_1
2,2,2,34,6,3,0,0,0,0,0_0,2_4
1,1,2,19,4,2,0,0,0,0,0_0,1_3
1,1,2,14,3,3,0,0,0,1,5_3,1_3
1,1,1,32,6,2,0,0,0,1,6_9,-1_-1
1,1,2,50,8,2,0,0,0,1,6_9,1_3
1,1,2,17,4,3,0,0,0,1,5_1,1_3
2,1,1,53,8,2,0,0,0,0,0_0,1_3
1,1,1,38,7,2,0,0,0,0,0_0,1_8
1,1,1,72,10,2,0,0,0,0,0_0,3_6
1,1,2,17,4,2,0,0,0,1,1_1,1_3
1,1,1,9,2,3,0,0,0,1,5_3,1_3
2,1,1,40,7,2,0,0,0,0,0_0,1_10
1,1,2,88,11,2,0,0,0,1,5_1,1_7
2,1,1,54,8,3,0,0,0,0,0_0,1_10
2,1,1,48,8,3,0,0,0,0,0_0,1_8
1,1,1,20,4,2,0,0,0,0,0_0,3_4
2,2,2,38,7,2,0,0,0,0,0_0,3_7
1,1,1,59,9,1,0,0,0,0,0_0,1_7
2,2,2,26,6,3,0,0,0,0,0_0,-1_-1
2,1,1,65,9,2,0,0,0,0,0_0,3_5
1,1,1,53,8,3,0,0,0,0,0_0,3_7
2,1,1,35,6,3,0,0,0,0,0_0,3_4
1,1,1,17,4,2,0,0,0,0,0_0,1_8
1,1,2,65,9,3,0,0,0,1,9_8,3_4
2,1,1,14,3,3,0,0,0,0,0_0,3_5
1,1,1,35,6,1,0,0,0,0,0_0,1_2
2,2,2,25,5,2,0,0,0,0,0_0,1_2
1,1,1,80,11,3,0,0,0,0,0_0,2_4
2,2,1,17,4,3,0,0,0,0,0_0,3_5
2,1,1,43,7,2,0,0,0,0,0_0,3_6
2,1,2,41,7,3,0,0,0,0,0_0,-1_-1
1,1,2,19,4,3,0,0,0,0,0_0,2_5
1,1,2,81,11,2,0,0,0,1,5_2,1_5
2,1,2,70,10,3,0,0,0,0,0_0,3_5
2,1,1,43,7,3,0,0,0,0,0_0,3_7
3,2,1,42,7,3,0,0,0,0,0_0,1_7
2,1,2,50,8,2,0,0,0,0,0_0,1_7
2,1,1,35,6,3,0,0,0,0,0_0,3_7
1,1,2,66,10,3,0,0,0,0,0_0,2_10
1,1,1,19,4,2,0,0,0,0,0_0,1_7
1,1,2,82,11,2,0,0,0,1,6_9,3_7
2,2,1,33,6,2,0,0,0,0,0_0,1_3
1,1,1,80,11,3,0,0,0,1,6_9,1_5
2,1,1,65,9,2,0,0,0,0,0_0,2_10
2,1,1,49,8,3,0,0,0,0,0_0,1_3
1,1,1,47,8,3,0,0,0,0,0_0,3_5
1,1,1,25,5,3,0,0,0,1,9_8,2_4
2,2,2,78,11,3,0,0,0,0,0_0,1_9
2,1,2,18,4,3,0,0,0,0,0_0,1_5
1,2,1,40,7,3,0,0,0,0,0_0,1_4
2,1,1,45,7,3,0,0,0,0,0_0,1_8
1,1,2,66,10,3,0,0,0,1,6_9,1_8
1,1,2,72,10,2,0,0,0,0,0_0,1_1
2,2,2,62,9,3,0,0,0,0,0_0,3_9
1,1,1,9,2,3,0,0,0,1,10_1,1_5
2,1,1,37,7,3,0,0,0,0,0_0,2_8
2,1,2,58,9,3,0,0,0,0,0_0,1_6
1,1,1,54,8,2,0,0,0,0,0_0,1_2
2,2,2,20,4,3,0,0,0,1,0_0,-1_-1
2,1,1,32,6,1,0,0,0,0,0_0,1_3
1,2,1,72,10,3,0,0,0,0,0_0,1_4
2,1,2,34,6,3,0,0,0,0,0_0,1_9
1,1,2,38,7,3,0,0,0,0,0_0,1_6
2,2,1,67,10,3,0,0,0,0,0_0,1_2
1,1,1,61,9,3,0,0,0,1,6_9,-1_-1
2,1,1,57,9,3,0,0,0,0,0_0,-1_-1
2,1,2,52,8,2,0,0,0,0,0_0,2_8
2,1,2,21,5,2,0,0,0,0,0_0,2_10
2,3,1,45,7,3,0,0,0,0,0_0,1_4
1,1,1,11,3,3,0,0,0,0,0_0,1_6
2,2,2,30,6,3,0,0,0,0,0_0,1_8
2,1,1,17,4,1,0,0,0,0,0_0,2_10
1,1,2,90,11,1,0,0,0,1,5_3,1_9
1,1,2,55,8,3,0,0,0,0,0_0,3_9
2,2,1,33,6,3,0,0,0,0,0_0,1_4
1,1,2,75,10,2,0,0,0,0,0_0,2_9
1,1,2,11,3,3,0,0,0,1,5_4,1_6
1,1,1,51,8,2,0,0,0,0,0_0,1_3
2,2,1,34,6,2,0,0,0,1,0_0,1_8
1,1,1,13,3,3,0,0,0,1,5_4,1_3
1,1,1,47,8,3,0,0,0,1,9_5,1_5
1,1,2,32,6,1,0,0,0,0,0_0,1_6
1,1,1,66,10,3,0,0,0,0,0_0,1_6
1,1,2,81,11,2,0,0,0,0,0_0,1_6
1,1,1,56,9,1,0,0,0,0,0_0,1_2
3,2,1,34,6,3,0,0,0,0,0_0,1_8
1,1,2,18,4,3,0,0,0,0,0_0,1_10
2,2,2,57,9,2,0,0,0,0,0_0,2_10
2,1,2,26,6,3,0,0,0,0,0_0,1_6
2,1,2,53,8,3,0,0,0,0,0_0,3_6
1,1,1,37,7,1,0,0,0,0,0_0,3_5
2,2,1,50,8,1,0,0,0,0,0_0,1_2
1,1,1,74,10,3,0,0,0,0,0_0,3_5
2,1,1,19,4,2,0,0,0,0,0_0,1_2
2,2,1,69,10,2,0,0,0,0,0_0,1_10
1,1,1,68,10,2,0,0,0,1,4_1,1_7
2,1,2,38,7,3,0,0,0,0,0_0,1_3
2,1,2,71,10,3,0,0,0,0,0_0,1_7
1,1,1,35,6,2,0,0,0,1,6_9,3_6
2,1,2,43,7,3,0,0,0,0,0_0,3_7
1,1,2,68,10,3,0,0,0,1,4_3,1_3
2,1,2,66,10,3,0,0,0,0,0_0,1_8
2,2,2,41,7,3,0,0,0,0,0_0,1_5
1,1,2,59,9,3,0,0,0,0,0_0,3_9
1,1,1,65,9,3,0,0,0,0,0_0,2_7
1,1,1,12,3,3,0,0,0,1,5_3,1_4
1,1,1,31,6,3,0,0,0,1,9_5,-1_-1
2,1,2,50,8,3,0,0,0,0,0_0,3_4
1,1,2,82,11,3,0,0,0,0,0_0,2_5
1,1,1,33,6,2,0,0,0,0,0_0,1_1
2,2,2,19,4,1,0,0,0,0,0_0,2_7
3,1,2,55,8,3,0,0,0,0,0_0,2_8
2,1,1,70,10,2,0,0,0,0,0_0,1_9
1,1,1,84,11,3,0,0,0,0,0_0,1_6
2,1,2,69,10,3,0,0,0,0,0_0,1_5
2,1,2,55,8,3,0,0,0,0,0_0,1_4
2,1,1,19,4,3,0,0,0,0,0_0,2_2
2,1,2,42,7,3,0,0,0,0,0_0,1_9
1,1,2,12,3,2,0,0,0,1,10_9,3_6
2,1,1,16,4,3,0,0,0,0,0_0,2_6
2,1,1,25,5,2,0,0,0,0,0_0,1_6
2,2,2,49,8,3,0,0,0,0,0_0,1_10
1,1,1,60,9,2,0,0,0,1,5_1,1_6
1,1,1,6,2,3,0,0,0,1,5_1,1_3
1,1,2,11,3,2,0,0,0,1,5_3,1_5
1,1,2,39,7,3,0,0,0,0,0_0,2_6
1,1,2,78,11,2,0,0,0,0,0_0,3_7
1,2,1,20,4,3,0,0,0,1,0_0,1_4
2,1,1,33,6,3,0,0,0,0,0_0,2_4
1,1,1,50,8,3,0,0,0,0,0_0,3_3
1,1,1,17,4,3,0,0,0,0,0_0,2_2
2,1,1,58,9,2,0,0,0,0,0_0,3_8
1,1,2,48,8,3,0,0,0,0,0_0,3_8
2,2,1,53,8,3,0,0,0,0,0_0,3_7
1,1,1,76,11,3,0,0,0,1,1_1,1_8
1,3,1,41,7,3,0,0,0,0,0_0,1_8
2,2,2,37,7,2,0,0,0,0,0_0,1_1
1,2,2,35,6,3,0,0,0,0,0_0,1_8
1,1,1,56,9,1,0,0,0,1,9_8,1_7
1,1,1,67,10,3,0,0,0,0,0_0,1_5
1,2,1,17,4,3,0,0,0,1,5_9,1_3
2,2,1,42,7,3,0,0,0,0,0_0,2_-1
1,1,2,58,9,2,0,0,0,0,0_0,1_5
2,2,2,81,11,2,0,0,0,0,0_0,1_10
3,3,1,51,8,3,0,0,0,0,0_0,1_10
2,1,1,17,4,2,0,0,0,0,0_0,2_9
1,2,1,30,6,3,0,0,0,0,0_0,1_2
2,1,1,38,7,2,0,0,0,0,0_0,1_5
2,1,1,62,9,3,0,0,0,0,0_0,2_9
3,2,2,29,6,3,0,0,0,0,0_0,2_8
2,1,1,62,9,2,0,0,0,0,0_0,2_5
1,1,1,38,7,3,0,0,0,1,10_9,1_5
1,1,1,88,11,2,0,0,0,1,8_2,1_3
2,1,1,14,3,3,0,0,0,0,0_0,3_9
1,1,1,9,2,3,0,0,0,0,0_0,2_10
2,1,1,41,7,3,0,0,0,0,0_0,1_6
1,1,2,46,8,3,0,0,0,1,5_2,3_8
1,1,1,31,6,3,0,0,0,1,5_9,1_2
1,1,2,35,6,3,0,0,0,1,9_5,1_2
2,2,1,40,7,3,0,0,0,0,0_0,3_10
2,2,2,30,6,3,0,0,0,0,0_0,1_2
3,3,1,19,4,3,0,0,0,0,0_0,1_5
1,1,2,21,5,3,0,0,0,0,0_0,1_10
1,1,2,58,9,3,0,0,0,1,8_3,1_4
2,2,1,31,6,2,0,0,0,0,0_0,1_8
1,1,1,34,6,2,0,0,0,0,0_0,1_10
1,2,2,61,9,2,0,0,0,1,0_0,1_10
2,1,2,38,7,3,0,0,0,0,0_0,1_5
2,1,1,52,8,2,0,0,0,0,0_0,2_9
1,1,2,60,9,3,0,0,0,0,0_0,-1_-1
2,1,1,37,7,1,0,0,0,0,0_0,1_7
1,1,1,12,3,3,0,0,0,1,6_8,2_9
1,1,1,60,9,3,0,0,0,0,0_0,3_9
1,1,1,58,9,3,0,0,0,0,0_0,1_9
1,1,2,19,4,3,0,0,0,0,0_0,1_4
2,2,1,76,11,3,0,0,0,0,0_0,1_5
2,1,1,33,6,3,0,0,0,0,0_0,3_10
2,1,1,36,7,2,0,0,0,0,0_0,1_10
1,1,2,70,10,3,0,0,0,0,0_0,2_10
1,1,2,33,6,3,0,0,0,0,0_0,3_5
1,1,2,81,11,3,0,0,0,1,5_1,1_6
1,1,2,28,6,2,0,0,0,1,9_9,1_5
2,1,1,55,8,2,0,0,0,0,0_0,1_3
1,1,2,80,11,3,0,0,0,0,0_0,1_8
2,2,1,20,4,3,0,0,0,0,0_0,2_3
1,1,2,13,3,3,0,0,0,1,4_4,1_2
1,1,2,17,4,3,0,0,0,1,1_1,1_7
1,2,2,17,4,3,0,0,0,1,1_1,-1_-1
2,1,1,48,8,2,0,0,0,0,0_0,2_10
1,1,1,59,9,3,0,0,0,0,0_0,1_6
1,1,1,63,9,3,0,0,0,0,0_0,2_9
2,2,1,68,10,3,0,0,0,0,0_0,1_5
1,1,1,47,8,2,0,0,0,0,0_0,1_10
1,1,1,69,10,2,0,0,0,1,4_1,-1_-1
2,2,2,50,8,3,0,0,0,0,0_0,1_7
2,1,1,27,6,2,0,0,0,0,0_0,1_3
1,1,1,24,5,2,0,0,0,0,0_0,1_10
2,2,2,32,6,3,0,0,0,0,0_0,1_10
1,1,2,48,8,3,0,0,0,1,6_9,1_8
1,2,1,49,8,2,0,0,0,1,6_9,1_8
1,1,1,73,10,2,0,0,0,0,0_0,2_5
2,1,1,58,9,3,0,0,0,0,0_0,3_8
1,1,2,65,9,3,0,0,0,0,0_0,3_6
2,2,1,35,6,3,0,0,0,0,0_0,1_5
2,2,1,24,5,3,0,0,0,0,0_0,-1_-1
1,1,2,55,8,2,0,0,0,0,0_0,3_6
1,1,1,30,6,3,0,0,0,1,1_1,1_5
1,1,2,47,8,3,0,0,0,1,10_9,-1_-1
2,1,2,47,8,3,0,0,0,0,0_0,1_3
1,1,2,32,6,3,0,0,0,1,5_9,1_7
2,1,2,46,8,2,0,0,0,0,0_0,1_1
1,1,1,51,8,2,0,0,0,0,0_0,1_6
1,1,1,39,7,2,0,0,0,1,5_1,1_9
2,2,1,19,4,2,0,0,0,0,0_0,1_2
2,2,1,29,6,3,0,0,0,0,0_0,1_6
1,1,1,26,6,2,0,0,0,1,4_3,-1_-1
1,1,2,68,10,3,0,0,0,0,0_0,1_10
1,1,2,39,7,2,0,0,0,1,5_1,1_6
1,1,1,13,3,3,0,0,0,1,5_9,1_5
2,3,1,29,6,3,0,0,0,0,0_0,1_6
1,2,2,24,5,1,0,0,0,0,0_0,-1_-1
2,3,1,53,8,3,0,0,0,0,0_0,1_8
3,1,1,40,7,1,0,0,0,0,0_0,-1_-1
2,1,1,49,8,3,0,0,0,1,5_2,-1_-1
1,1,1,18,4,3,0,0,0,0,0_0,2_8
2,2,1,39,7,3,0,0,0,0,0_0,1_7
2,1,2,29,6,2,0,0,0,0,0_0,1_4
1,2,2,51,8,3,0,0,0,0,0_0,1_2
1,1,1,17,4,3,0,0,0,1,5_1,2_9
1,1,1,24,5,3,0,0,0,1,8_1,-1_-1
1,1,2,20,4,2,0,0,0,0,0_0,1_10
2,1,1,55,8,3,0,0,0,0,0_0,1_5
2,1,1,74,10,3,0,0,0,0,0_0,1_7
1,2,1,36,7,3,0,0,0,0,0_0,1_8
2,1,2,48,8,3,0,0,0,0,0_0,2_10
1,1,2,74,10,2,0,0,0,1,5_1,-1_-1
1,1,1,32,6,3,0,0,0,1,10_9,1_5
1,1,1,66,10,2,0,0,0,0,0_0,3_8
2,2,2,56,9,2,0,0,0,0,0_0,1_5
2,1,1,36,7,2,0,0,0,0,0_0,1_5
2,1,2,57,9,3,0,0,0,0,0_0,1_10
2,1,1,29,6,2,0,0,0,0,0_0,3_7
1,1,2,37,7,2,0,0,0,0,0_0,3_9
1,2,1,31,6,3,0,0,0,0,0_0,1_8
2,1,1,64,9,2,0,0,0,0,0_0,1_4
2,1,2,58,9,3,0,0,0,0,0_0,1_2
2,1,2,43,7,2,0,0,0,0,0_0,1_4
2,2,1,42,7,3,0,0,0,1,8_5,1_4
1,1,1,32,6,3,0,0,0,1,5_1,1_1
2,1,1,48,8,2,0,0,0,0,0_0,1_9
1,1,1,88,11,2,0,0,0,1,1_1,1_9
1,1,1,17,4,3,0,0,0,1,1_1,1_8
1,1,1,3,1,3,0,0,0,1,6_7,1_6
1,1,1,33,6,2,0,0,0,0,0_0,2_9
2,2,1,63,9,2,0,0,0,0,0_0,1_4
1,1,1,11,3,3,0,0,0,1,1_3,1_7
2,1,1,79,11,3,0,0,0,0,0_0,1_9
2,1,2,25,5,3,0,0,0,0,0_0,2_4
1,1,2,70,10,2,0,0,0,1,5_1,1_10
1,1,1,40,7,3,0,0,0,0,0_0,-1_-1
1,1,2,29,6,3,0,0,0,0,0_0,3_5
2,2,1,40,7,3,0,0,0,0,0_0,1_4
1,1,2,14,3,3,0,0,0,1,5_2,1_5
1,1,2,47,8,3,0,0,0,0,0_0,1_8
1,1,1,79,11,2,0,0,0,0,0_0,1_9
1,1,2,27,6,3,0,0,0,0,0_0,2_4
2,2,1,28,6,2,0,0,0,0,0_0,1_4
1,1,1,49,8,3,0,0,0,0,0_0,3_8
2,1,2,49,8,3,0,0,0,0,0_0,3_8
1,1,1,88,11,2,0,0,0,0,0_0,3_7
1,1,2,27,6,3,0,0,0,0,0_0,1_8
1,1,2,59,9,2,0,0,0,1,6_8,1_8
3,1,1,23,5,3,0,0,0,0,0_0,1_4
1,1,1,61,9,2,0,0,0,1,5_1,2_9
1,1,1,13,3,3,0,0,0,1,5_1,3_5
2,1,2,38,7,3,0,0,0,0,0_0,1_8
1,1,2,51,8,3,0,0,0,0,0_0,2_5
2,2,1,31,6,3,0,0,0,0,0_0,1_2
1,1,2,53,8,3,0,0,0,1,1_1,1_3
2,2,1,25,5,3,0,0,0,0,0_0,1_3
1,2,1,19,4,3,0,0,0,1,6_9,1_2
2,3,1,26,6,3,0,0,0,1,0_0,1_3
2,2,2,49,8,3,0,0,0,0,0_0,1_2
2,2,2,28,6,3,0,0,0,0,0_0,3_8
3,1,2,43,7,3,0,0,0,0,0_0,2_10
3,2,2,43,7,3,0,0,0,0,0_0,1_5
1,2,1,37,7,3,0,0,0,1,10_9,1_2
1,2,1,21,5,2,0,0,0,0,0_0,-1_-1
1,3,2,19,4,2,0,0,0,1,0_0,-1_-1
2,1,1,56,9,1,0,0,0,0,0_0,1_7
1,1,1,32,6,3,0,0,0,1,6_9,1_8
1,1,2,62,9,3,0,0,0,1,9_5,1_1
1,2,1,32,6,3,0,0,0,0,0_0,1_4
1,1,1,24,5,2,0,0,0,1,0_0,3_6
1,2,1,20,4,3,0,0,0,0,0_0,1_6
1,3,1,22,5,2,0,0,0,1,0_0,3_6
2,1,2,44,7,3,0,0,0,0,0_0,1_8
2,3,1,47,8,2,0,0,0,0,0_0,3_6
2,1,1,71,10,3,0,0,0,0,0_0,-1_-1
3,2,2,61,9,3,0,0,0,0,0_0,1_6
2,1,2,57,9,3,0,0,0,0,0_0,3_6
1,1,1,11,3,2,0,0,0,1,9_5,-1_-1
2,1,2,12,3,3,0,0,0,0,0_0,1_4
1,1,1,60,9,2,0,0,0,0,0_0,1_6
2,1,2,27,6,2,0,0,0,0,0_0,1_3
2,1,2,39,7,3,0,0,0,0,0_0,1_6
1,1,1,46,8,3,0,0,0,1,10_9,1_3
1,1,1,3,1,2,0,0,0,1,10_9,1_4
1,1,1,30,6,3,0,0,0,0,0_0,1_-1
2,2,1,44,7,3,0,0,0,0,0_0,1_3
2,2,1,30,6,3,0,0,0,0,0_0,1_4
2,1,1,26,6,2,0,0,0,0,0_0,1_2
2,1,2,62,9,3,0,0,0,0,0_0,-1_-1
1,1,2,79,11,3,0,0,0,0,0_0,1_10
1,1,2,24,5,3,0,0,0,1,1_1,1_2
2,1,1,56,9,3,0,0,0,0,0_0,1_-1
1,1,2,95,11,3,0,0,0,0,0_0,1_7
1,1,2,25,5,3,0,0,0,1,1_1,1_4
1,1,2,52,8,3,0,0,0,0,0_0,1_3
1,1,1,39,7,1,0,0,0,0,0_0,-1_-1
1,1,1,26,6,1,0,0,0,1,5_1,1_4
1,2,1,67,10,2,0,0,0,0,0_0,1_4
1,3,1,27,6,2,0,0,0,0,0_0,1_9
3,1,2,38,7,3,0,0,0,0,0_0,-1_-1
1,1,1,62,9,2,0,0,0,0,0_0,1_2
1,1,2,47,8,3,0,0,0,0,0_0,3_6
2,1,2,32,6,3,0,0,0,0,0_0,3_9
1,1,1,58,9,3,0,0,0,1,5_4,-1_-1
1,1,1,71,10,3,0,0,0,0,0_0,2_5
1,1,1,51,8,3,0,0,0,1,5_1,1_5
2,1,1,41,7,3,0,0,0,0,0_0,1_4
2,1,2,25,5,2,0,0,0,0,0_0,1_1
1,1,1,63,9,3,0,0,0,0,0_0,1_4
2,1,1,43,7,3,0,0,0,0,0_0,1_2
2,1,1,53,8,2,0,0,0,0,0_0,1_9
1,1,1,14,3,2,0,0,0,1,1_1,1_2
1,1,2,54,8,3,0,0,0,1,6_9,1_1
1,1,2,3,1,2,0,0,0,1,8_3,1_5
1,1,1,41,7,3,0,0,0,1,1_1,1_3
1,1,2,30,6,3,0,0,0,1,4_1,1_4
1,1,2,35,6,2,0,0,0,0,0_0,1_5
1,1,1,50,8,2,0,0,0,0,0_0,1_7
1,1,2,57,9,2,0,0,0,1,4_3,1_2
1,1,1,11,3,3,0,0,0,1,5_3,1_8
2,1,2,48,8,2,0,0,0,0,0_0,1_2
1,1,1,4,1,3,0,0,0,1,5_1,1_1
1,1,2,60,9,3,0,0,0,1,6_9,1_1
1,1,1,59,9,3,0,0,0,1,1_2,3_7
1,1,1,82,11,2,0,0,0,1,5_2,1_2
1,1,1,8,2,3,0,0,0,1,1_1,1_9
2,1,1,54,8,2,0,0,0,0,0_0,3_10
1,1,1,47,8,3,0,0,0,1,6_9,2_5
2,2,1,64,9,3,0,0,0,0,0_0,1_7
1,1,1,46,8,2,0,0,0,0,0_0,1_5
1,1,1,53,8,3,0,0,0,1,6_9,1_2
1,1,1,76,11,1,0,0,0,0,0_0,3_9
1,1,1,36,7,3,0,0,0,0,0_0,1_9
2,1,1,61,9,2,0,0,0,0,0_0,2_3
1,1,2,88,11,3,0,0,0,0,0_0,2_7
1,1,1,67,10,2,0,0,0,0,0_0,2_4
2,2,1,34,6,3,0,0,0,0,0_0,1_7
1,1,2,21,5,3,0,0,0,1,5_2,1_1
1,1,2,72,10,2,0,0,0,1,9_5,1_6
1,1,1,57,9,3,0,0,0,1,1_1,-1_-1
2,1,2,26,6,3,0,0,0,0,0_0,2_10
2,1,2,25,5,1,0,0,0,0,0_0,1_1
1,2,1,52,8,1,0,0,0,0,0_0,-1_-1
2,1,1,39,7,1,0,0,0,0,0_0,-1_-1
1,1,2,80,11,2,0,0,0,1,5_3,2_10
2,1,2,37,7,2,0,0,0,0,0_0,1_10
2,1,1,67,10,3,0,0,0,0,0_0,2_9
1,1,2,16,4,2,0,0,0,1,1_4,1_4
1,1,2,14,3,2,0,0,0,1,5_9,1_4
1,2,1,18,4,2,0,0,0,1,0_0,1_4
1,1,1,26,6,3,0,0,0,0,0_0,3_2
1,1,2,28,6,3,0,0,0,1,8_1,-1_-1
2,1,2,51,8,3,0,0,0,0,0_0,1_-1
1,1,1,50,8,2,0,0,0,0,0_0,3_3
2,2,2,57,9,2,0,0,0,0,0_0,1_5
3,3,1,49,8,3,0,0,0,0,0_0,1_3
1,1,1,4,1,2,0,0,0,1,5_4,1_2
2,1,1,46,8,3,0,0,0,0,0_0,1_8
1,1,2,36,7,2,0,0,0,0,0_0,2_4
2,1,1,53,8,2,0,0,0,0,0_0,1_7
1,1,1,93,11,3,0,0,0,0,0_0,3_5
1,1,1,17,4,3,0,0,0,0,0_0,2_3
1,2,2,17,4,3,0,0,0,1,0_0,1_1
1,3,2,16,4,3,0,0,0,1,0_0,1_10
1,1,1,64,9,3,0,0,0,0,0_0,3_6
1,1,1,17,4,3,0,0,0,0,0_0,3_9
1,1,1,18,4,2,0,0,0,1,8_1,1_9
2,1,1,12,3,3,0,0,0,0,0_0,1_10
1,1,1,33,6,2,0,0,0,0,0_0,-1_-1
2,2,1,55,8,3,0,0,0,0,0_0,-1_-1
2,1,1,66,10,3,0,0,0,0,0_0,-1_-1
1,1,2,19,4,3,0,0,0,1,1_1,1_7
2,2,1,27,6,3,0,0,0,0,0_0,1_1
2,1,1,65,9,3,0,0,0,0,0_0,2_6
3,2,1,54,8,3,0,0,0,0,0_0,3_6
1,1,2,25,5,3,0,0,0,0,0_0,2_10
2,2,2,54,8,3,0,0,0,0,0_0,-1_-1
1,1,1,18,4,2,0,0,0,0,0_0,3_6
2,1,2,78,11,2,0,0,0,0,0_0,2_9
3,1,1,26,6,3,0,0,0,0,0_0,1_5
1,1,2,19,4,2,0,0,0,1,5_1,1_5
1,1,1,18,4,3,0,0,0,1,5_9,3_10
1,1,1,46,8,3,0,0,0,0,0_0,2_5
2,1,2,22,5,2,0,0,0,0,0_0,2_7
1,1,1,49,8,3,0,0,0,0,0_0,1_8
2,2,1,29,6,2,0,0,0,0,0_0,1_5
1,1,1,46,8,3,0,0,0,0,0_0,3_9
1,1,2,21,5,2,0,0,0,1,1_3,1_4
1,1,2,45,7,2,0,0,0,1,5_1,1_6
1,1,2,33,6,2,0,0,0,1,4_3,1_6
1,1,1,60,9,2,0,0,0,0,0_0,-1_-1
2,2,2,59,9,3,0,0,0,0,0_0,2_7
2,2,1,49,8,3,0,0,0,0,0_0,3_10
1,1,1,19,4,1,0,0,0,0,0_0,2_4
2,2,1,55,8,2,0,0,0,0,0_0,3_7
2,1,1,50,8,3,0,0,0,0,0_0,3_9
2,1,1,41,7,3,0,0,0,0,0_0,2_10
1,1,1,38,7,3,0,0,0,0,0_0,2_5
1,1,2,81,11,2,0,0,0,1,1_1,1_9
1,1,2,22,5,3,0,0,0,0,0_0,2_3
2,1,2,32,6,2,0,0,0,0,0_0,1_5
1,1,2,19,4,2,0,0,0,0,0_0,3_3
1,1,2,47,8,2,0,0,0,0,0_0,2_8
2,1,1,47,8,3,0,0,0,0,0_0,2_6
2,1,2,56,9,3,0,0,0,0,0_0,2_8
2,1,2,27,6,3,0,0,0,0,0_0,3_-1
1,1,2,29,6,2,0,0,0,0,0_0,2_10
2,1,1,58,9,3,0,0,0,0,0_0,3_3
2,1,1,70,10,3,0,0,0,0,0_0,2_5
1,1,2,31,6,3,0,0,0,1,6_9,1_4
2,1,2,63,9,3,0,0,0,0,0_0,1_7
2,1,1,76,11,3,0,0,0,0,0_0,3_6
2,2,1,22,5,3,0,0,0,0,0_0,2_6
1,1,1,20,4,2,0,0,0,0,0_0,1_3
1,1,1,4,1,3,0,0,0,1,5_1,1_5
1,1,1,77,11,3,0,0,0,1,6_9,1_5
1,1,1,30,6,3,0,0,0,0,0_0,3_4
1,1,2,65,9,1,0,0,0,0,0_0,1_9
1,1,2,57,9,3,0,0,0,1,9_5,2_7
1,1,1,39,7,2,0,0,0,0,0_0,1_7
2,1,2,61,9,3,0,0,0,0,0_0,3_6
1,1,2,22,5,2,0,0,0,1,10_9,3_5
1,1,2,55,8,3,0,0,0,0,0_0,1_1
1,1,1,20,4,2,0,0,0,0,0_0,1_9
1,1,1,10,2,3,0,0,0,1,4_1,1_4
2,1,1,73,10,3,0,0,0,0,0_0,-1_-1
1,1,1,27,6,2,0,0,0,1,9_8,2_6
1,1,1,56,9,3,0,0,0,1,9_9,1_5
1,1,1,71,10,3,0,0,0,0,0_0,1_10
1,1,2,19,4,3,0,0,0,0,0_0,1_8
2,1,2,21,5,3,0,0,0,1,9_5,1_1
2,1,2,54,8,3,0,0,0,0,0_0,3_9
2,1,1,12,3,3,0,0,0,0,0_0,1_2
1,1,1,86,11,3,0,0,0,1,5_2,1_10
1,1,1,22,5,3,0,0,0,1,5_3,-1_-1
1,2,2,30,6,2,0,0,0,0,0_0,3_5
2,1,1,47,8,2,0,0,0,0,0_0,1_5
1,1,1,24,5,3,0,0,0,0,0_0,3_4
1,1,2,23,5,3,0,0,0,0,0_0,3_5
2,1,1,63,9,1,0,0,0,0,0_0,1_5
2,2,2,28,6,2,0,0,0,0,0_0,2_8
1,1,2,40,7,2,0,0,0,0,0_0,2_10
2,2,1,34,6,3,0,0,0,0,0_0,3_6
2,1,1,17,4,3,0,0,0,0,0_0,3_3
2,1,1,26,6,2,0,0,0,0,0_0,3_10
1,1,1,31,6,1,0,0,0,1,10_9,1_10
1,1,1,38,7,2,0,0,0,0,0_0,3_4
2,1,2,64,9,3,0,0,0,0,0_0,1_3
2,1,2,72,10,3,0,0,0,0,0_0,3_9
2,1,1,18,4,3,0,0,0,0,0_0,2_9
1,1,2,63,9,3,0,0,0,0,0_0,1_7
1,1,1,20,4,1,0,0,0,0,0_0,2_10
1,1,2,59,9,3,0,0,0,1,8_1,1_5
1,1,1,57,9,2,0,0,0,1,10_9,1_7
1,1,1,42,7,3,0,0,0,0,0_0,2_4
2,2,2,39,7,3,0,0,0,0,0_0,1_7
1,1,1,20,4,3,0,0,0,0,0_0,1_7
1,1,1,22,5,2,0,0,0,0,0_0,3_4
2,2,1,35,6,3,0,0,0,0,0_0,1_3
2,1,1,58,9,2,0,0,0,0,0_0,3_2
2,1,1,50,8,2,0,0,0,0,0_0,2_6
2,2,2,30,6,3,0,0,0,0,0_0,3_5
2,1,1,14,3,2,0,0,0,0,0_0,2_10
2,1,1,17,4,2,0,0,0,0,0_0,-1_-1
1,1,1,14,3,2,0,0,0,0,0_0,1_8
2,1,1,54,8,2,0,0,0,0,0_0,1_5
2,1,1,26,6,2,0,0,0,0,0_0,1_6
1,1,1,43,7,3,0,0,0,0,0_0,1_7
1,1,1,8,2,3,0,0,0,0,0_0,1_3
1,1,2,25,5,3,0,0,0,0,0_0,3_7
2,2,2,28,6,3,0,0,0,0,0_0,2_10
2,1,2,55,8,3,0,0,0,0,0_0,3_5
1,1,1,8,2,3,0,0,0,1,10_9,3_5
2,1,1,50,8,3,0,0,0,0,0_0,3_5
1,1,1,33,6,3,0,0,0,0,0_0,3_8
1,1,1,43,7,1,0,0,0,0,0_0,2_4
1,1,2,40,7,3,0,0,0,0,0_0,1_6
1,1,2,72,10,3,0,0,0,0,0_0,1_7
2,1,1,26,6,2,0,0,0,0,0_0,2_6
2,2,1,43,7,3,0,0,0,0,0_0,1_3
1,1,1,64,9,3,0,0,0,0,0_0,3_4
3,2,1,26,6,3,0,0,0,0,0_0,3_4
1,1,1,78,11,3,0,0,0,0,0_0,1_3
1,1,1,75,10,1,0,0,0,0,0_0,1_1
2,2,1,77,11,2,0,0,0,0,0_0,1_10
3,1,1,50,8,2,0,0,0,0,0_0,1_10
1,1,1,62,9,2,0,0,0,0,0_0,3_6
1,1,2,55,8,3,0,0,0,1,5_3,1_5
1,1,2,18,4,3,0,0,0,0,0_0,1_5
1,1,1,20,4,2,0,0,0,0,0_0,3_5
1,1,1,19,4,3,0,0,0,0,0_0,2_3
1,1,1,38,7,2,0,0,0,0,0_0,2_4
1,1,1,34,6,3,0,0,0,0,0_0,3_3
1,1,2,19,4,3,0,0,0,0,0_0,3_4
2,2,1,60,9,3,0,0,0,0,0_0,3_10
2,2,2,24,5,3,0,0,0,0,0_0,1_5
2,1,2,64,9,2,0,0,0,0,0_0,1_4
1,1,1,60,9,3,0,0,0,0,0_0,3_4
1,1,2,42,7,3,0,0,0,1,6_9,3_8
1,1,1,50,8,2,0,0,0,0,0_0,1_6
1,1,2,40,7,3,0,0,0,0,0_0,2_5
2,1,2,55,8,1,0,0,0,0,0_0,1_7
2,1,1,71,10,2,0,0,0,0,0_0,1_7
1,1,1,57,9,3,0,0,0,0,0_0,2_7
2,2,1,37,7,3,0,0,0,0,0_0,1_4
2,2,2,59,9,3,0,0,0,0,0_0,3_9
1,1,2,74,10,2,0,0,0,1,5_3,2_9
1,1,1,11,3,3,0,0,0,1,10_9,1_9
3,2,1,45,7,3,0,0,0,0,0_0,-1_-1
1,1,1,16,4,3,0,0,0,1,5_1,1_4
1,1,2,63,9,3,0,0,0,1,5_1,1_7
1,1,2,57,9,3,0,0,0,0,0_0,3_5
1,1,2,71,10,3,0,0,0,0,0_0,2_10
2,1,2,43,7,3,0,0,0,0,0_0,1_10
1,2,2,38,7,3,0,0,0,0,0_0,1_9
1,1,1,34,6,3,0,0,0,0,0_0,2_-1
1,1,2,26,6,3,0,0,0,1,6_9,1_7
2,1,1,55,8,3,0,0,0,0,0_0,3_9
1,1,1,53,8,3,0,0,0,0,0_0,3_6
2,2,1,31,6,3,0,0,0,0,0_0,1_4
1,2,2,47,8,3,0,0,0,0,0_0,1_6
2,1,1,16,4,1,0,0,0,0,0_0,1_9
1,1,1,79,11,3,0,0,0,1,1_9,1_6
1,1,2,11,3,3,0,0,0,1,5_9,1_7
1,1,2,33,6,3,0,0,0,1,5_9,1_6
1,1,2,49,8,3,0,0,0,0,0_0,2_10
2,2,2,46,8,3,0,0,0,0,0_0,1_6
2,1,1,71,10,3,0,0,0,0,0_0,1_9
2,1,2,29,6,3,0,0,0,0,0_0,1_9
1,1,1,49,8,2,0,0,0,0,0_0,2_8
2,2,2,56,9,3,0,0,0,0,0_0,1_10
1,1,1,44,7,2,0,0,0,0,0_0,2_10
1,1,2,22,5,2,0,0,0,0,0_0,3_7
2,1,1,51,8,2,0,0,0,0,0_0,1_7
2,1,2,32,6,3,0,0,0,0,0_0,1_10
1,1,2,34,6,3,0,0,0,0,0_0,3_10
2,1,2,54,8,2,0,0,0,0,0_0,1_9
1,1,1,17,4,3,0,0,0,0,0_0,3_8
1,1,2,34,6,3,0,0,0,0,0_0,2_8
1,1,1,75,10,1,0,0,0,0,0_0,3_7
1,1,1,37,7,1,0,0,0,0,0_0,1_8
2,1,1,44,7,3,0,0,0,0,0_0,3_8
1,1,2,22,5,3,0,0,0,0,0_0,3_3
1,2,1,64,9,2,0,0,0,0,0_0,3_4
1,1,2,20,4,1,0,0,0,0,0_0,2_6
1,3,1,42,7,3,0,0,0,0,0_0,2_3
2,1,1,35,6,3,0,0,0,0,0_0,3_5
1,1,1,35,6,3,0,0,0,0,0_0,2_5
2,1,1,23,5,3,0,0,0,0,0_0,3_5
1,1,2,52,8,3,0,0,0,1,5_9,1_8
1,2,1,36,7,3,0,0,0,0,0_0,3_4
2,1,1,60,9,3,0,0,0,0,0_0,2_10
1,1,1,41,7,2,0,0,0,0,0_0,3_6
1,1,2,19,4,2,0,0,0,0,0_0,1_10
2,1,1,42,7,3,0,0,0,0,0_0,2_7
2,2,2,21,5,3,0,0,0,0,0_0,1_8
3,2,1,53,8,3,0,0,0,0,0_0,1_4
1,1,1,61,9,3,0,0,0,1,6_9,1_2
2,1,1,26,6,1,0,0,0,0,0_0,1_6
1,2,2,11,3,2,0,0,0,1,1_4,1_6
1,1,1,21,5,2,0,0,0,0,0_0,2_8
2,1,1,14,3,3,0,0,0,0,0_0,3_7
2,1,2,30,6,2,0,0,0,0,0_0,1_8
1,1,1,84,11,2,0,0,0,1,5_1,1_10
1,2,1,39,7,3,0,0,0,0,0_0,1_3
2,1,2,52,8,3,0,0,0,0,0_0,1_2
3,3,1,33,6,3,0,0,0,0,0_0,1_8
1,1,2,58,9,2,0,0,0,0,0_0,1_9
1,1,1,22,5,3,0,0,0,1,10_9,1_6
2,1,1,50,8,3,0,0,0,0,0_0,1_6
2,2,1,22,5,2,0,0,0,0,0_0,1_4
1,1,2,47,8,3,0,0,0,0,0_0,3_5
1,1,1,12,3,2,0,0,0,1,8_3,1_3
2,1,1,16,4,3,0,0,0,0,0_0,1_6
1,1,2,82,11,2,0,0,0,0,0_0,1_5
1,1,1,15,3,3,0,0,0,1,6_8,1_1
1,1,2,68,10,3,0,0,0,0,0_0,1_6
2,2,2,55,8,3,0,0,0,0,0_0,1_8
2,1,1,39,7,2,0,0,0,0,0_0,1_9
2,1,1,47,8,3,0,0,0,0,0_0,3_5
1,1,1,57,9,2,0,0,0,0,0_0,1_5
1,1,1,75,10,1,0,0,0,1,1_1,1_10
1,1,2,20,4,3,0,0,0,0,0_0,3_6
1,1,1,68,10,3,0,0,0,0,0_0,3_6
1,1,1,17,4,3,0,0,0,1,6_9,1_2
1,1,1,48,8,2,0,0,0,1,5_1,1_10
1,1,1,79,11,2,0,0,0,0,0_0,2_8
2,2,2,39,7,3,0,0,0,0,0_0,3_10
2,2,2,47,8,3,0,0,0,0,0_0,1_4
2,1,1,39,7,3,0,0,0,0,0_0,1_9
1,1,2,24,5,2,0,0,0,0,0_0,3_7
2,2,2,77,11,3,0,0,0,0,0_0,1_2
1,1,2,69,10,3,0,0,0,1,6_9,1_10
2,1,1,45,7,3,0,0,0,0,0_0,3_9
1,1,1,54,8,2,0,0,0,0,0_0,3_7
1,1,2,10,2,3,0,0,0,1,1_3,1_3
1,1,1,33,6,2,0,0,0,0,0_0,3_7
2,2,2,41,7,3,0,0,0,0,0_0,3_6
1,1,1,44,7,2,0,0,0,0,0_0,1_6
2,1,1,60,9,2,0,0,0,0,0_0,1_9
2,1,1,26,6,2,0,0,0,0,0_0,1_5
1,1,2,84,11,2,0,0,0,0,0_0,3_7
2,1,1,38,7,2,0,0,0,0,0_0,1_2
2,1,2,19,4,3,0,0,0,1,0_0,2_9
1,1,1,38,7,3,0,0,0,0,0_0,3_7
2,2,1,62,9,3,0,0,0,0,0_0,1_10
1,1,1,81,11,2,0,0,0,0,0_0,1_2
2,1,1,54,8,1,0,0,0,0,0_0,2_9
2,2,2,58,9,3,0,0,0,0,0_0,3_5
2,1,1,63,9,2,0,0,0,0,0_0,1_6
1,2,2,30,6,3,0,0,0,0,0_0,1_8
1,1,2,55,8,3,0,0,0,1,6_9,3_7
1,1,2,55,8,3,0,0,0,0,0_0,1_10
2,1,1,60,9,3,0,0,0,0,0_0,1_7
1,1,1,70,10,3,0,0,0,1,1_3,1_7
1,3,2,22,5,3,0,0,0,0,0_0,1_9
2,1,1,49,8,3,0,0,0,0,0_0,3_6
1,1,1,21,5,3,0,0,0,0,0_0,1_-1
1,1,1,62,9,3,0,0,0,0,0_0,1_7
1,1,1,32,6,3,0,0,0,1,10_9,1_9
2,1,2,62,9,3,0,0,0,0,0_0,3_8
1,1,1,91,11,3,0,0,0,1,8_3,1_4
2,1,1,58,9,3,0,0,0,0,0_0,3_6
1,1,1,18,4,3,0,0,0,0,0_0,3_9
2,1,1,40,7,3,0,0,0,0,0_0,3_6
1,1,1,68,10,3,0,0,0,0,0_0,1_8
1,1,2,16,4,3,0,0,0,0,0_0,1_5
3,1,1,36,7,3,0,0,0,0,0_0,2_9
1,1,1,25,5,2,0,0,0,1,5_3,3_6
2,2,2,48,8,3,0,0,0,0,0_0,1_8
1,1,1,73,10,3,0,0,0,0,0_0,1_6
1,1,1,28,6,3,0,0,0,1,9_8,2_5
2,2,1,63,9,3,0,0,0,0,0_0,3_6
1,1,2,3,1,3,0,0,0,0,0_0,1_1
1,1,2,55,8,3,0,0,0,1,5_1,2_5
1,1,1,69,10,2,0,0,0,1,9_9,3_8
1,1,1,43,7,3,0,0,0,1,9_5,1_6
1,1,2,25,5,2,0,0,0,0,0_0,1_9
2,2,2,39,7,3,0,0,0,0,0_0,2_9
1,1,2,76,11,3,0,0,0,1,9_5,1_5
3,3,1,59,9,3,0,0,0,0,0_0,1_10
1,1,2,84,11,2,0,0,0,1,5_1,2_5
1,1,2,28,6,3,0,0,0,1,5_1,2_3
2,2,1,36,7,3,0,0,0,0,0_0,1_10
2,2,1,12,3,3,0,0,0,0,0_0,1_7
2,3,1,11,3,3,0,0,0,1,0_0,1_7
2,2,1,64,9,3,0,0,0,0,0_0,1_8
1,1,2,36,7,3,0,0,0,1,9_9,1_1
1,3,1,31,6,3,0,0,0,1,10_9,2_10
2,2,2,85,11,3,0,0,0,0,0_0,1_10
2,1,2,28,6,3,0,0,0,1,0_0,1_3
2,1,1,54,8,2,0,0,0,0,0_0,1_4
2,1,1,65,9,3,0,0,0,0,0_0,2_7
2,1,2,65,9,3,0,0,0,0,0_0,3_8
2,1,1,32,6,3,0,0,0,0,0_0,1_6
1,1,1,59,9,3,0,0,0,0,0_0,3_6
1,1,1,43,7,3,0,0,0,0,0_0,3_7
1,1,1,47,8,3,0,0,0,1,4_3,1_2
1,1,2,32,6,3,0,0,0,0,0_0,3_7
2,2,2,46,8,3,0,0,0,0,0_0,1_9
3,3,1,29,6,3,0,0,0,0,0_0,1_8
2,1,2,20,4,3,0,0,0,0,0_0,1_4
2,1,2,75,10,3,0,0,0,0,0_0,3_9
1,2,2,37,7,3,0,0,0,0,0_0,3_5
2,1,1,72,10,2,0,0,0,0,0_0,3_6
1,1,2,18,4,2,0,0,0,0,0_0,1_9
2,1,2,40,7,3,0,0,0,0,0_0,2_10
1,1,2,42,7,3,0,0,0,0,0_0,1_7
2,1,2,49,8,3,0,0,0,0,0_0,1_8
1,1,2,79,11,1,0,0,0,1,5_1,-1_-1
1,1,2,60,9,3,0,0,0,0,0_0,1_4
2,2,2,65,9,3,0,0,0,0,0_0,1_5
2,2,1,59,9,3,0,0,0,0,0_0,2_6
2,2,2,63,9,3,0,0,0,0,0_0,1_5
2,2,1,38,7,3,0,0,0,0,0_0,1_2
2,2,1,67,10,3,0,0,0,0,0_0,1_1
3,3,2,48,8,3,0,0,0,0,0_0,1_4
2,2,2,74,10,2,0,0,0,0,0_0,3_9
1,1,2,62,9,3,0,0,0,0,0_0,1_5
1,1,2,12,3,3,0,0,0,1,1_3,1_3
1,2,2,12,3,3,0,0,0,1,1_3,1_1
2,2,1,20,4,3,0,0,0,0,0_0,1_1
2,2,2,49,8,3,0,0,0,0,0_0,3_9
2,2,1,17,4,3,0,0,0,0,0_0,1_10
1,1,2,19,4,3,0,0,0,0,0_0,2_2
2,2,1,38,7,3,0,0,0,0,0_0,3_5
2,1,1,20,4,2,0,0,0,0,0_0,1_9
1,1,1,46,8,3,0,0,0,0,0_0,3_8
2,1,1,60,9,2,0,0,0,0,0_0,2_5
1,1,2,3,1,3,0,0,0,1,5_9,1_5
2,1,1,77,11,3,0,0,0,0,0_0,1_10
1,1,1,22,5,1,0,0,0,1,5_9,1_6
2,1,2,58,9,3,0,0,0,0,0_0,-1_-1
2,1,1,43,7,3,0,0,0,0,0_0,2_5
1,1,2,53,8,3,0,0,0,0,0_0,3_7
1,1,2,19,4,3,0,0,0,0,0_0,1_3
1,1,2,28,6,3,0,0,0,1,5_6,1_8
2,1,1,52,8,3,0,0,0,0,0_0,2_5
2,1,2,26,6,3,0,0,0,0,0_0,2_5
1,1,2,37,7,3,0,0,0,0,0_0,2_6
2,1,2,44,7,3,0,0,0,0,0_0,2_8
2,1,1,80,11,3,0,0,0,0,0_0,3_8
1,1,1,52,8,2,0,0,0,0,0_0,1_7
2,1,1,25,5,3,0,0,0,0,0_0,3_9
3,1,1,19,4,3,0,0,0,0,0_0,2_2
2,2,2,23,5,3,0,0,0,0,0_0,1_3
1,1,2,71,10,3,0,0,0,0,0_0,1_1
2,2,1,78,11,3,0,0,0,0,0_0,1_7
2,1,1,31,6,3,0,0,0,0,0_0,3_4
1,1,2,21,5,3,0,0,0,0,0_0,1_8
2,2,2,66,10,3,0,0,0,0,0_0,1_3
1,1,1,87,11,3,0,0,0,0,0_0,1_7
1,1,1,42,7,2,0,0,0,0,0_0,1_10
1,1,1,42,7,2,0,0,0,0,0_0,3_7
1,1,1,63,9,2,0,0,0,1,9_5,1_5
3,1,1,33,6,3,0,0,0,0,0_0,1_9
1,1,1,9,2,2,0,0,0,0,0_0,1_2
1,1,2,39,7,3,0,0,0,0,0_0,3_4
2,1,1,68,10,3,0,0,0,0,0_0,1_3
2,2,2,30,6,3,0,0,0,1,0_0,1_1
2,1,1,28,6,3,0,0,0,0,0_0,2_10
1,1,1,38,7,3,0,0,0,0,0_0,3_4
2,1,1,81,11,3,0,0,0,0,0_0,1_9
1,1,1,69,10,3,0,0,0,1,8_5,1_4
2,2,1,69,10,3,0,0,0,0,0_0,1_1
1,1,2,62,9,3,0,0,0,1,9_5,1_9
1,1,1,54,8,2,0,0,0,0,0_0,1_9
1,3,1,47,8,3,0,0,0,0,0_0,2_6
1,1,2,20,4,3,0,0,0,0,0_0,3_7
1,1,1,55,8,3,0,0,0,0,0_0,3_7
1,1,2,34,6,3,0,0,0,1,5_1,1_1
1,1,2,22,5,3,0,0,0,0,0_0,3_8
2,1,2,30,6,3,0,0,0,0,0_0,3_7
2,1,2,57,9,3,0,0,0,0,0_0,2_5
2,1,2,47,8,3,0,0,0,0,0_0,2_8
1,1,2,33,6,2,0,0,0,1,1_1,1_3
1,1,2,56,9,1,0,0,0,1,6_9,2_8
1,1,1,60,9,3,0,0,0,0,0_0,2_9
1,1,1,32,6,3,0,0,0,0,0_0,3_9
1,1,2,53,8,3,0,0,0,0,0_0,3_5
1,1,1,25,5,3,0,0,0,0,0_0,2_7
1,1,1,64,9,3,0,0,0,0,0_0,1_10
2,1,1,42,7,3,0,0,0,0,0_0,1_10
1,2,2,50,8,3,0,0,0,0,0_0,3_6
2,1,2,19,4,3,0,0,0,0,0_0,1_10
2,1,2,26,6,3,0,0,0,0,0_0,3_9
1,2,1,77,11,2,0,0,0,0,0_0,2_6
2,1,1,28,6,3,0,0,0,0,0_0,3_5
2,2,2,54,8,3,0,0,0,0,0_0,1_8
2,1,1,54,8,3,0,0,0,0,0_0,1_5
2,1,1,44,7,2,0,0,0,0,0_0,1_2
2,2,2,54,8,1,0,0,0,0,0_0,1_10
1,1,2,81,11,2,0,0,0,0,0_0,3_6
1,1,1,24,5,3,0,0,0,0,0_0,3_5
1,1,1,62,9,3,0,0,0,0,0_0,3_6
2,1,2,29,6,3,0,0,0,0,0_0,3_4
1,2,2,75,10,3,0,0,0,1,1_9,1_1
2,1,1,35,6,2,0,0,0,0,0_0,3_6
1,1,2,49,8,3,0,0,0,1,6_9,1_10
2,1,1,25,5,3,0,0,0,0,0_0,3_5
1,1,2,45,7,3,0,0,0,0,0_0,1_3
1,1,1,47,8,2,0,0,0,1,6_9,2_9
2,1,1,60,9,2,0,0,0,0,0_0,1_3
2,1,1,21,5,3,0,0,0,0,0_0,3_2
3,3,1,64,9,3,0,0,0,0,0_0,3_5
1,2,1,43,7,2,0,0,0,1,4_3,1_4
1,1,2,86,11,2,0,0,0,0,0_0,1_10
2,1,2,68,10,3,0,0,0,0,0_0,1_4
1,1,1,11,3,3,0,0,0,1,8_2,1_-1
1,1,1,57,9,3,0,0,0,0,0_0,2_4
1,2,2,53,8,3,0,0,0,1,5_1,1_2
1,1,2,84,11,3,0,0,0,0,0_0,2_9
2,1,1,22,5,3,0,0,0,0,0_0,3_7
2,2,1,58,9,3,0,0,0,0,0_0,1_5
1,1,2,80,11,3,0,0,0,0,0_0,1_10
2,2,1,4,1,3,0,0,0,1,0_0,1_6
2,1,1,66,10,2,0,0,0,0,0_0,-1_-1
1,1,1,47,8,1,0,0,0,0,0_0,1_1
2,3,2,59,9,2,0,0,0,0,0_0,1_9
1,1,2,13,3,3,0,0,0,1,5_3,1_4
1,1,1,81,11,3,0,0,0,1,5_1,3_9
2,1,2,53,8,2,0,0,0,0,0_0,1_9
2,1,1,14,3,2,0,0,0,0,0_0,1_10
2,1,2,30,6,2,0,0,0,0,0_0,3_9
1,1,1,24,5,2,0,0,0,1,1_1,1_6
2,1,1,59,9,3,0,0,0,0,0_0,3_9
2,1,1,28,6,2,0,0,0,0,0_0,1_6
1,1,1,20,4,2,0,0,0,0,0_0,3_6
1,1,1,33,6,2,0,0,0,0,0_0,1_10
1,1,1,68,10,1,0,0,0,0,0_0,3_9
1,1,1,70,10,3,0,0,0,0,0_0,1_4
1,1,1,47,8,2,0,0,0,0,0_0,1_5
1,1,1,23,5,1,0,0,0,1,8_5,1_6
1,1,2,43,7,2,0,0,0,0,0_0,2_8
1,1,1,31,6,2,0,0,0,1,5_1,1_5
2,1,1,71,10,2,0,0,0,0,0_0,1_4
2,1,2,31,6,3,0,0,0,0,0_0,1_6
1,1,2,70,10,3,0,0,0,1,5_2,1_9
2,3,1,33,6,3,0,0,0,0,0_0,1_4
1,1,1,61,9,2,0,0,0,0,0_0,1_3
1,1,2,92,11,2,0,0,0,1,5_1,1_10
1,1,1,52,8,2,0,0,0,0,0_0,2_5
2,2,1,67,10,2,0,0,0,0,0_0,1_8
2,1,2,76,11,3,0,0,0,0,0_0,3_9
2,1,1,61,9,2,0,0,0,0,0_0,1_6
2,1,2,30,6,3,0,0,0,1,10_9,1_6
2,1,2,54,8,3,0,0,0,0,0_0,1_10
1,1,2,51,8,2,0,0,0,1,8_3,1_5
2,2,1,57,9,3,0,0,0,0,0_0,1_10
2,1,1,37,7,2,0,0,0,0,0_0,1_7
1,1,1,59,9,3,0,0,0,0,0_0,-1_-1
2,2,2,25,5,3,0,0,0,0,0_0,1_6
2,1,1,24,5,2,0,0,0,0,0_0,3_7
3,1,2,52,8,3,0,0,0,0,0_0,1_6
2,1,2,39,7,3,0,0,0,0,0_0,1_5
1,1,2,26,6,2,0,0,0,0,0_0,1_10
1,1,1,70,10,3,0,0,0,0,0_0,1_5
2,3,1,33,6,3,0,0,0,0,0_0,1_3
1,1,1,55,8,1,0,0,0,1,5_9,1_9
2,1,1,48,8,2,0,0,0,0,0_0,3_8
1,1,1,60,9,3,0,0,0,0,0_0,2_8
1,1,1,67,10,2,0,0,0,1,6_9,3_7
2,1,1,62,9,2,0,0,0,0,0_0,1_8
2,2,1,39,7,3,0,0,0,0,0_0,-1_-1
1,2,1,71,10,2,0,0,0,1,5_2,1_2
2,2,1,55,8,3,0,0,0,0,0_0,1_6
2,2,2,52,8,3,0,0,0,0,0_0,1_4
2,2,2,30,6,3,0,0,0,0,0_0,1_7
1,1,2,71,10,3,0,0,0,0,0_0,1_7
2,2,1,76,11,3,0,0,0,0,0_0,1_9
2,2,2,53,8,2,0,0,0,0,0_0,3_6
1,1,1,84,11,3,0,0,0,0,0_0,1_3
1,1,1,36,7,2,0,0,0,0,0_0,3_9
2,1,1,68,10,3,0,0,0,0,0_0,1_8
2,1,1,49,8,1,0,0,0,0,0_0,2_8
1,1,1,76,11,2,0,0,0,0,0_0,1_10
1,1,2,58,9,2,0,0,0,1,5_3,1_2
2,1,2,48,8,3,0,0,0,0,0_0,2_8
1,1,2,29,6,3,0,0,0,1,6_9,1_2
2,1,1,58,9,3,0,0,0,0,0_0,3_9
2,1,1,68,10,3,0,0,0,0,0_0,1_1
1,1,1,29,6,3,0,0,0,0,0_0,3_9
1,1,1,20,4,2,0,0,0,0,0_0,3_9
2,2,2,31,6,3,0,0,0,0,0_0,3_10
3,3,1,38,7,3,0,0,0,0,0_0,3_8
1,1,1,77,11,2,0,0,0,0,0_0,3_9
3,1,2,61,9,3,0,0,0,0,0_0,3_8
1,1,2,14,3,3,0,0,0,1,5_9,2_3
1,1,2,17,4,3,0,0,0,1,10_9,1_6
1,1,1,38,7,1,0,0,0,1,1_3,1_4
1,2,1,19,4,2,0,0,0,0,0_0,1_8
1,1,2,84,11,3,0,0,0,1,10_9,1_5
1,1,2,40,7,3,0,0,0,1,10_9,2_7
1,1,1,17,4,2,0,0,0,0,0_0,1_9
1,1,2,50,8,3,0,0,0,1,9_5,-1_-1
1,1,1,44,7,1,0,0,0,0,0_0,3_9
2,1,1,51,8,3,0,0,0,1,0_0,1_2
1,1,1,35,6,3,0,0,0,1,10_9,-1_-1
2,1,2,34,6,3,0,0,0,0,0_0,1_8
1,1,2,48,8,2,0,0,0,0,0_0,1_6
2,2,1,59,9,2,0,0,0,0,0_0,1_5
2,1,1,16,4,3,0,0,0,0,0_0,1_-1
2,1,1,28,6,2,0,0,0,0,0_0,1_3
2,1,2,53,8,3,0,0,0,0,0_0,2_10
2,2,2,46,8,3,0,0,0,0,0_0,2_5
1,1,2,78,11,3,0,0,0,0,0_0,2_5
2,2,2,38,7,3,0,0,0,0,0_0,2_5
2,1,1,33,6,3,0,0,0,0,0_0,1_5
1,1,1,12,3,2,0,0,0,1,1_1,1_8
1,1,2,89,11,3,0,0,0,1,5_3,1_7
2,2,1,42,7,3,0,0,0,0,0_0,1_7
1,1,1,74,10,3,0,0,0,0,0_0,1_4
2,2,2,23,5,3,0,0,0,0,0_0,2_3
3,3,1,58,9,3,0,0,0,0,0_0,1_2
1,1,2,42,7,3,0,0,0,1,5_3,1_9
2,2,1,68,10,3,0,0,0,0,0_0,1_7
1,1,1,15,3,3,0,0,0,1,5_3,1_1
1,1,2,93,11,3,0,0,0,0,0_0,1_7
2,2,1,63,9,3,0,0,0,0,0_0,3_5
2,2,2,58,9,3,0,0,0,0,0_0,1_10
2,2,1,62,9,3,0,0,0,0,0_0,1_4
2,2,1,49,8,3,0,0,0,0,0_0,1_9
2,2,1,34,6,3,0,0,0,0,0_0,1_4
2,2,2,79,11,3,0,0,0,0,0_0,3_6
1,1,1,87,11,3,0,0,0,0,0_0,1_9
2,2,1,42,7,2,0,0,0,0,0_0,1_10
1,1,1,76,11,3,0,0,0,0,0_0,1_10
2,1,2,46,8,3,0,0,0,0,0_0,1_6
2,1,1,29,6,3,0,0,0,0,0_0,2_5
1,1,1,44,7,2,0,0,0,0,0_0,3_6
1,1,1,39,7,2,0,0,0,0,0_0,3_7
2,1,2,48,8,2,0,0,0,0,0_0,3_4
1,1,1,20,4,3,0,0,0,0,0_0,3_5
2,1,2,13,3,3,0,0,0,0,0_0,1_5
1,1,2,18,4,3,0,0,0,0,0_0,2_8
2,2,1,59,9,3,0,0,0,0,0_0,2_5
2,2,2,59,9,3,0,0,0,0,0_0,1_8
2,2,2,31,6,3,0,0,0,0,0_0,1_5
1,1,1,11,3,3,0,0,0,0,0_0,2_5
3,2,2,52,8,3,0,0,0,0,0_0,1_10
2,1,2,20,4,3,0,0,0,0,0_0,1_5
1,1,1,48,8,2,0,0,0,0,0_0,2_7
2,2,1,43,7,3,0,0,0,0,0_0,3_7
2,1,2,60,9,3,0,0,0,0,0_0,1_3
1,1,2,32,6,3,0,0,0,1,5_3,1_6
1,1,2,20,4,2,0,0,0,0,0_0,1_7
2,2,1,43,7,3,0,0,0,0,0_0,2_6
1,1,1,12,3,3,0,0,0,1,8_9,1_10
2,2,2,34,6,2,0,0,0,0,0_0,1_4
1,1,2,68,10,3,0,0,0,0,0_0,3_4
1,1,1,86,11,3,0,0,0,0,0_0,1_7
1,1,1,28,6,3,0,0,0,1,6_9,3_4
2,1,1,51,8,3,0,0,0,0,0_0,3_3
3,2,2,30,6,3,0,0,0,0,0_0,2_4
1,1,1,13,3,2,0,0,0,1,1_3,1_3
1,1,2,12,3,3,0,0,0,1,6_1,1_6
2,1,2,27,6,3,0,0,0,0,0_0,1_-1
1,1,1,27,6,3,0,0,0,0,0_0,3_4
1,1,2,46,8,3,0,0,0,0,0_0,2_8
2,1,2,61,9,2,0,0,0,0,0_0,3_4
2,1,1,51,8,3,0,0,0,0,0_0,3_5
1,1,2,51,8,3,0,0,0,0,0_0,3_4
2,2,1,55,8,3,0,0,0,0,0_0,1_7
1,1,1,73,10,3,0,0,0,0,0_0,1_3
1,1,1,41,7,3,0,0,0,0,0_0,3_4
1,1,1,11,3,3,0,0,0,1,10_3,2_4
1,1,2,84,11,2,0,0,0,1,5_1,1_4
1,1,1,88,11,2,0,0,0,1,9_8,2_6
1,1,1,10,2,3,0,0,0,1,5_1,1_4
2,1,1,55,8,3,0,0,0,0,0_0,2_5
1,1,1,29,6,1,0,0,0,0,0_0,-1_-1
1,1,1,6,2,2,0,0,0,1,5_1,-1_-1
1,1,1,73,10,2,0,0,0,0,0_0,-1_-1
2,2,1,60,9,2,0,0,0,0,0_0,-1_-1
2,1,1,13,3,3,0,0,0,0,0_0,-1_-1
2,1,1,44,7,2,0,0,0,0,0_0,-1_-1
1,1,1,20,4,3,0,0,0,1,9_9,-1_-1
1,1,1,5,1,3,0,0,0,1,5_1,1_2
2,1,2,34,6,2,0,0,0,0,0_0,1_1
1,1,2,11,3,2,0,0,0,1,5_3,1_6
1,1,1,52,8,2,0,0,0,0,0_0,3_9
1,1,2,14,3,2,0,0,0,1,5_1,1_9
2,1,1,20,4,3,0,0,0,0,0_0,2_6
2,1,1,26,6,3,0,0,0,0,0_0,1_9
3,2,1,37,7,3,0,0,0,0,0_0,1_9
1,1,1,38,7,3,0,0,0,0,0_0,3_5
1,1,1,70,10,2,0,0,0,0,0_0,3_4
2,1,1,22,5,2,0,0,0,0,0_0,1_4
1,3,1,20,4,3,0,0,0,0,0_0,1_3
1,1,2,20,4,3,0,0,0,1,5_1,2_2
2,1,1,60,9,2,0,0,0,0,0_0,3_3
2,1,1,18,4,2,0,0,0,0,0_0,3_7
1,1,1,94,11,1,0,0,0,0,0_0,2_6
1,2,1,49,8,2,0,0,0,0,0_0,1_4
2,1,2,49,8,3,0,0,0,0,0_0,3_4
1,2,2,66,10,3,0,0,0,0,0_0,1_3
1,1,1,56,9,2,0,0,0,0,0_0,1_2
2,1,2,79,11,3,0,0,0,0,0_0,1_4
1,1,2,59,9,3,0,0,0,0,0_0,1_7
1,1,1,20,4,3,0,0,0,0,0_0,3_4
1,1,2,23,5,3,0,0,0,0,0_0,2_3
1,1,2,25,5,3,0,0,0,0,0_0,3_4
2,2,2,28,6,3,0,0,0,0,0_0,2_4
1,1,1,64,9,3,0,0,0,0,0_0,3_3
1,1,1,29,6,3,0,0,0,0,0_0,3_4
2,1,2,52,8,1,0,0,0,0,0_0,1_10
1,1,1,52,8,1,0,0,0,0,0_0,1_7
1,1,2,52,8,2,0,0,0,1,5_1,1_1
1,1,1,66,10,2,0,0,0,1,1_1,1_6
2,3,2,28,6,3,0,0,0,0,0_0,1_2
3,2,2,25,5,3,0,0,0,0,0_0,1_3
2,1,2,55,8,3,0,0,0,0,0_0,3_6
1,1,2,64,9,3,0,0,0,0,0_0,1_9
1,1,1,7,2,3,0,0,0,1,5_1,2_5
1,1,1,54,8,2,0,0,0,0,0_0,1_1
1,1,1,40,7,3,0,0,0,1,1_1,1_2
1,1,1,17,4,2,0,0,0,0,0_0,3_6
1,1,2,49,8,2,0,0,0,0,0_0,2_1
1,1,2,10,2,3,0,0,0,1,5_1,-1_-1
2,1,1,20,4,3,0,0,0,1,0_0,1_4
1,1,2,81,11,2,0,0,0,0,0_0,1_2
2,1,1,39,7,2,0,0,0,0,0_0,1_6
1,2,1,39,7,1,0,0,0,0,0_0,3_4
3,1,2,54,8,3,0,0,0,0,0_0,1_10
2,2,1,61,9,3,0,0,0,0,0_0,1_2
1,1,2,2,1,3,0,0,0,1,5_1,-1_-1
1,1,1,4,1,2,0,0,0,1,8_3,1_10
1,1,1,14,3,3,0,0,0,1,9_6,1_6
2,2,2,37,7,3,0,0,0,0,0_0,-1_-1
2,2,1,44,7,2,0,0,0,0,0_0,2_5
2,2,1,59,9,3,0,0,0,0,0_0,3_4
2,2,1,56,9,3,0,0,0,0,0_0,1_5
1,1,1,32,6,2,0,0,0,0,0_0,3_8
2,1,1,23,5,3,0,0,0,0,0_0,2_7
3,2,1,19,4,3,0,0,0,0,0_0,3_3
1,1,1,23,5,3,0,0,0,0,0_0,2_6
1,1,2,59,9,3,0,0,0,0,0_0,1_1
1,2,1,9,2,3,0,0,0,0,0_0,1_6
2,1,1,19,4,2,0,0,0,0,0_0,1_9
1,1,1,68,10,3,0,0,0,0,0_0,3_7
2,1,2,34,6,3,0,0,0,0,0_0,2_2
1,1,1,32,6,3,0,0,0,0,0_0,2_4
2,2,1,50,8,3,0,0,0,0,0_0,3_4
2,1,2,37,7,3,0,0,0,0,0_0,1_10
1,1,2,13,3,3,0,0,0,1,5_1,1_7
2,1,1,55,8,2,0,0,0,0,0_0,3_4
1,2,2,50,8,1,0,0,0,0,0_0,3_4
2,1,2,39,7,2,0,0,0,0,0_0,3_-1
1,1,1,42,7,2,0,0,0,0,0_0,3_6
1,1,1,32,6,3,0,0,0,0,0_0,2_2
2,2,1,24,5,3,0,0,0,0,0_0,1_2
1,1,2,90,11,2,0,0,0,1,6_9,2_4
1,1,2,48,8,3,0,0,0,1,6_8,1_3
1,1,2,64,9,3,0,0,0,0,0_0,1_5
2,1,1,65,9,2,0,0,0,0,0_0,1_2
2,1,1,41,7,2,0,0,0,0,0_0,3_8
2,1,1,46,8,3,0,0,0,0,0_0,1_2
1,1,1,18,4,2,0,0,0,1,5_4,1_6
1,1,1,51,8,2,0,0,0,1,9_9,1_2
1,1,1,51,8,2,0,0,0,0,0_0,-1_-1
1,1,1,47,8,3,0,0,0,0,0_0,2_2
1,1,2,63,9,2,0,0,0,1,0_0,3_6
2,3,2,51,8,3,0,0,0,0,0_0,1_10
1,1,2,9,2,3,0,0,0,1,5_1,3_7
1,2,2,44,7,3,0,0,0,0,0_0,3_8
1,1,2,53,8,2,0,0,0,1,4_4,2_1
2,2,2,60,9,3,0,0,0,0,0_0,1_9
1,1,2,72,10,2,0,0,0,0,0_0,2_10
1,1,1,41,7,3,0,0,0,0,0_0,2_1
2,1,2,71,10,2,0,0,0,0,0_0,1_1
1,1,1,74,10,2,0,0,0,0,0_0,2_7
1,1,1,29,6,2,0,0,0,1,0_0,1_1
1,1,1,20,4,3,0,0,0,0,0_0,3_6
1,1,2,29,6,3,0,0,0,0,0_0,2_8
1,1,2,79,11,3,0,0,0,0,0_0,1_7
1,1,1,39,7,3,0,0,0,1,5_2,1_1
1,2,2,13,3,3,0,0,0,1,5_2,-1_-1
1,2,1,69,10,3,0,0,0,0,0_0,1_10
2,3,2,78,11,2,0,0,0,0,0_0,3_6
2,1,2,54,8,3,0,0,0,0,0_0,2_5
1,1,1,88,11,3,0,0,0,0,0_0,1_10
2,2,2,66,10,3,0,0,0,0,0_0,1_5
2,2,1,41,7,3,0,0,0,0,0_0,2_3
2,1,1,61,9,2,0,0,0,0,0_0,3_4
1,1,1,27,6,3,0,0,0,1,9_7,2_7
1,1,2,72,10,2,0,0,0,0,0_0,1_8
2,1,2,21,5,3,0,0,0,0,0_0,3_3
1,2,1,24,5,3,0,0,0,1,0_0,1_6
2,2,2,53,8,3,0,0,0,0,0_0,3_4
3,3,2,23,5,3,0,0,0,0,0_0,3_3
2,1,1,63,9,3,0,0,0,0,0_0,3_6
1,1,1,75,10,3,0,0,0,1,5_9,1_2
1,2,2,75,10,3,0,0,0,1,5_9,1_2
2,1,2,58,9,3,0,0,0,0,0_0,2_3
2,1,1,57,9,2,0,0,0,0,0_0,3_5
1,1,1,29,6,2,0,0,0,0,0_0,3_4
1,1,1,43,7,3,0,0,0,0,0_0,3_8
2,1,1,37,7,3,0,0,0,0,0_0,3_6
1,1,1,47,8,3,0,0,0,0,0_0,3_4
1,1,2,26,6,3,0,0,0,0,0_0,2_4
1,1,2,62,9,1,0,0,0,1,5_1,2_4
2,1,1,73,10,3,0,0,0,0,0_0,3_6
1,1,2,51,8,2,0,0,0,0,0_0,1_7
1,1,1,69,10,3,0,0,0,1,5_1,1_1
1,1,2,25,5,3,0,0,0,1,10_3,1_1
1,1,2,13,3,2,0,0,0,1,5_2,1_5
2,2,2,40,7,3,0,0,0,0,0_0,1_10
3,1,2,31,6,3,0,0,0,0,0_0,1_9
1,1,2,6,2,2,0,0,0,1,5_3,-1_-1
1,1,1,28,6,3,0,0,0,1,5_2,-1_-1
2,1,1,85,11,3,0,0,0,0,0_0,1_8
1,1,2,68,10,3,0,0,0,0,0_0,1_4
1,1,1,70,10,3,0,0,0,1,1_4,2_8
1,1,2,55,8,3,0,0,0,0,0_0,2_4
1,1,1,22,5,1,0,0,0,0,0_0,2_1
1,1,2,48,8,3,0,0,0,0,0_0,3_7
2,2,1,64,9,3,0,0,0,1,0_0,1_5
2,3,2,61,9,3,0,0,0,1,0_0,1_5
2,1,2,41,7,3,0,0,0,0,0_0,1_7
1,1,2,18,4,3,0,0,0,0,0_0,1_4
1,1,2,20,4,3,0,0,0,1,6_9,1_1
2,1,1,29,6,3,0,0,0,0,0_0,3_7
1,1,2,6,2,3,0,0,0,1,5_1,3_8
1,1,1,61,9,3,0,0,0,1,1_1,1_5
1,1,1,32,6,2,0,0,0,0,0_0,3_6
2,1,1,39,7,3,0,0,0,1,5_1,1_3
2,1,1,53,8,2,0,0,0,0,0_0,1_1
2,2,2,10,2,2,0,0,0,1,0_0,1_1
1,1,1,64,9,2,0,0,0,0,0_0,3_7
1,1,1,21,5,2,0,0,0,0,0_0,1_5
1,1,2,9,2,2,0,0,0,1,1_3,1_4
1,1,2,84,11,3,0,0,0,1,1_1,1_2
1,1,2,11,3,3,0,0,0,1,6_9,1_2
1,2,2,38,7,3,0,0,0,1,6_9,1_1
1,1,1,32,6,3,0,0,0,1,1_4,1_7
1,1,1,54,8,2,0,0,0,0,0_0,3_4
1,1,1,28,6,1,0,0,0,1,9_7,3_4
2,1,2,69,10,3,0,0,0,0,0_0,3_9
2,2,1,64,9,3,0,0,0,0,0_0,3_6
1,1,1,8,2,3,0,0,0,1,5_1,1_1
2,1,1,32,6,2,0,0,0,0,0_0,1_2
3,1,2,37,7,3,0,0,0,0,0_0,3_8
1,1,2,3,1,2,0,0,0,1,5_2,-1_-1
1,1,2,16,4,3,0,0,0,1,4_3,1_9
1,1,1,9,2,3,0,0,0,1,1_4,1_3
1,2,2,53,8,2,0,0,0,0,0_0,3_6
1,1,1,43,7,2,0,0,0,1,9_7,1_2
2,1,1,59,9,1,0,0,0,0,0_0,1_6
1,1,2,47,8,3,0,0,0,1,6_9,1_1
1,1,1,44,7,3,0,0,0,1,6_9,3_3
1,3,2,63,9,2,0,0,0,1,6_9,3_4
2,1,1,67,10,1,0,0,0,0,0_0,3_4
1,1,1,28,6,2,0,0,0,0,0_0,1_4
1,1,1,36,7,2,0,0,0,1,5_9,1_1
1,1,2,56,9,2,0,0,0,0,0_0,3_8
1,2,2,64,9,2,0,0,0,1,5_3,1_10
1,1,2,8,2,3,0,0,0,1,5_1,2_4
1,2,1,35,6,2,0,0,0,0,0_0,-1_-1
2,1,1,75,10,3,0,0,0,0,0_0,2_7
1,1,1,63,9,3,0,0,0,0,0_0,1_2
1,1,1,65,9,3,0,0,0,0,0_0,1_6
1,1,2,67,10,1,0,0,0,0,0_0,1_7
2,2,1,31,6,2,0,0,0,0,0_0,1_2
1,1,2,19,4,3,0,0,0,0,0_0,3_10
1,1,2,54,8,3,0,0,0,1,6_9,1_10
2,1,2,53,8,3,0,0,0,0,0_0,1_7
2,1,1,54,8,3,0,0,0,0,0_0,1_9
1,1,1,50,8,2,0,0,0,0,0_0,2_3
1,1,1,10,2,3,0,0,0,1,5_4,1_1
1,1,1,55,8,3,0,0,0,1,5_3,-1_-1
1,1,2,15,3,3,0,0,0,1,1_3,1_6
2,1,1,53,8,3,0,0,0,0,0_0,1_5
1,1,1,5,1,2,0,0,0,1,5_1,1_4
2,1,1,42,7,2,0,0,0,0,0_0,1_5
1,1,2,37,7,2,0,0,0,1,5_3,1_2
2,2,1,52,8,3,0,0,0,0,0_0,-1_-1
1,1,2,30,6,2,0,0,0,0,0_0,1_5
1,1,2,17,4,3,0,0,0,1,3_9,1_2
1,1,2,87,11,3,0,0,0,0,0_0,1_7
2,1,2,82,11,2,0,0,0,0,0_0,1_9
1,1,1,13,3,3,0,0,0,1,5_1,1_4
2,1,2,34,6,3,0,0,0,0,0_0,1_5
2,1,1,51,8,2,0,0,0,0,0_0,1_6
1,1,2,50,8,3,0,0,0,0,0_0,1_10
1,1,2,56,9,3,0,0,0,1,9_8,1_2
1,1,2,42,7,3,0,0,0,1,1_3,1_7
1,1,1,5,1,3,0,0,0,1,5_1,-1_-1
1,1,1,39,7,3,0,0,0,1,1_1,1_6
1,1,1,90,11,3,0,0,0,1,1_3,1_2
1,1,1,13,3,3,0,0,0,1,9_5,1_2
1,1,2,57,9,3,0,0,0,1,6_9,1_5
1,1,1,38,7,2,0,0,0,1,5_3,1_1
1,1,1,37,7,3,0,0,0,1,5_3,1_1
1,1,2,89,11,3,0,0,0,1,5_1,1_2
1,1,2,32,6,3,0,0,0,0,0_0,2_3
1,1,2,57,9,3,0,0,0,1,5_3,1_2
1,1,2,51,8,2,0,0,0,1,5_3,1_9
1,1,2,57,9,3,0,0,0,1,10_9,1_1
1,1,1,0,1,3,0,0,0,1,5_1,-1_-1
1,1,2,13,3,3,0,0,0,0,0_0,1_1
1,1,1,13,3,3,0,0,0,1,5_2,1_1
1,2,1,12,3,3,0,0,0,1,0_0,1_1
2,1,2,51,8,3,0,0,0,0,0_0,1_5
3,2,2,58,9,3,0,0,0,0,0_0,1_10
1,1,1,46,8,3,0,0,0,1,6_9,1_3
1,1,1,51,8,3,0,0,0,1,8_1,1_1
2,2,1,30,6,2,0,0,0,0,0_0,1_1
2,2,1,18,4,3,0,0,0,0,0_0,-1_-1
2,2,1,42,7,3,0,0,0,0,0_0,1_8
2,1,1,69,10,3,0,0,0,0,0_0,1_3
2,1,2,77,11,3,0,0,0,0,0_0,3_8
1,1,2,11,3,3,0,0,0,1,5_1,1_1
1,1,1,39,7,2,0,0,0,1,5_1,1_1
1,1,2,57,9,2,0,0,0,0,0_0,1_6
1,1,2,36,7,3,0,0,0,0,0_0,2_9
2,2,2,8,2,3,0,0,0,1,9_9,1_6
1,1,1,7,2,3,0,0,0,1,7_1,1_3
1,1,2,10,2,3,0,0,0,1,10_5,1_7
1,2,2,11,3,3,0,0,0,1,10_5,-1_-1
1,1,1,20,4,3,0,0,0,0,0_0,2_9
2,1,1,76,11,2,0,0,0,0,0_0,2_5
2,1,2,32,6,3,0,0,0,0,0_0,2_1
2,2,1,41,7,2,0,0,0,0,0_0,1_4
2,1,2,11,3,3,0,0,0,0,0_0,1_2
2,2,2,11,3,3,0,0,0,1,0_0,1_2
1,1,1,63,9,2,0,0,0,0,0_0,1_7
1,1,1,12,3,3,0,0,0,1,5_3,1_8
1,1,1,41,7,3,0,0,0,1,6_9,1_2
1,1,1,53,8,2,0,0,0,1,2_1,1_4
1,1,2,13,3,3,0,0,0,1,5_4,1_2
1,1,1,34,6,3,0,0,0,0,0_0,-1_-1
2,1,1,50,8,3,0,0,0,0,0_0,1_10
1,1,2,14,3,3,0,0,0,1,7_9,1_4
1,1,1,54,8,3,0,0,0,1,10_9,-1_-1
1,1,2,38,7,3,0,0,0,1,5_9,1_10
1,1,1,37,7,2,0,0,0,1,4_3,1_3
1,1,1,57,9,3,0,0,0,0,0_0,3_1
1,1,1,42,7,2,0,0,0,0,0_0,1_8
1,1,1,23,5,3,0,0,0,1,1_3,1_3
1,1,2,54,8,3,0,0,0,0,0_0,1_5
1,1,2,46,8,3,0,0,0,0,0_0,1_7
2,3,1,24,5,3,0,0,0,0,0_0,1_4
2,1,1,66,10,2,0,0,0,0,0_0,1_4
1,1,2,21,5,3,0,0,0,1,1_1,-1_-1
1,1,2,44,7,3,0,0,0,1,1_3,1_1
2,1,2,51,8,2,0,0,0,0,0_0,1_9
1,1,1,26,6,2,0,0,0,1,4_1,1_6
1,2,1,22,5,3,0,0,0,0,0_0,1_3
1,1,1,72,10,3,0,0,0,0,0_0,1_6
2,2,1,36,7,3,0,0,0,0,0_0,1_4
2,1,2,37,7,3,0,0,0,0,0_0,1_6
2,1,1,24,5,3,0,0,0,0,0_0,-1_-1
1,1,1,31,6,3,0,0,0,1,5_9,1_5
1,1,1,39,7,2,0,0,0,0,0_0,1_5
2,2,2,41,7,2,0,0,0,0,0_0,3_7
1,1,2,30,6,3,0,0,0,0,0_0,2_6
1,1,2,57,9,3,0,0,0,0,0_0,3_8
2,1,1,74,10,3,0,0,0,0,0_0,1_10
1,1,1,85,11,3,0,0,0,0,0_0,2_10
2,2,1,68,10,3,0,0,0,0,0_0,2_7
1,1,2,24,5,3,0,0,0,0,0_0,2_8
2,1,2,19,4,3,0,0,0,0,0_0,1_9
2,1,2,24,5,3,0,0,0,0,0_0,3_6
2,1,2,55,8,2,0,0,0,0,0_0,2_2
1,1,1,85,11,2,0,0,0,1,5_3,2_9
2,1,2,58,9,2,0,0,0,0,0_0,1_9
1,1,1,20,4,3,0,0,0,1,9_9,1_9
2,1,1,62,9,2,0,0,0,0,0_0,1_9
2,2,2,44,7,3,0,0,0,0,0_0,2_8
2,1,2,31,6,3,0,0,0,0,0_0,3_6
1,1,2,27,6,3,0,0,0,0,0_0,1_10
2,1,1,59,9,3,0,0,0,0,0_0,1_3
1,1,2,31,6,3,0,0,0,1,5_9,1_1
1,1,2,6,2,2,0,0,0,1,5_1,1_1
2,1,1,63,9,3,0,0,0,0,0_0,1_8
3,1,2,71,10,3,0,0,0,0,0_0,1_3
1,1,1,9,2,3,0,0,0,1,5_3,1_1
1,1,1,6,2,3,0,0,0,1,8_1,1_3
2,1,2,81,11,3,0,0,0,0,0_0,1_4
1,2,1,47,8,3,0,0,0,0,0_0,1_2
1,1,1,38,7,3,0,0,0,1,8_1,1_5
1,1,2,14,3,3,0,0,0,1,5_1,1_5
1,1,2,48,8,3,0,0,0,1,5_1,1_5
1,1,2,74,10,2,0,0,0,1,5_1,1_1
2,2,2,29,6,3,0,0,0,0,0_0,1_5
1,1,1,83,11,3,0,0,0,0,0_0,1_9
3,1,2,50,8,2,0,0,0,0,0_0,1_1
1,1,2,74,10,2,0,0,0,0,0_0,1_2
1,1,1,31,6,2,0,0,0,0,0_0,1_1
2,1,1,61,9,3,0,0,0,0,0_0,1_8
2,1,1,21,5,2,0,0,0,0,0_0,1_10
2,1,1,31,6,2,0,0,0,0,0_0,2_5
1,1,1,63,9,2,0,0,0,0,0_0,3_7
2,1,2,88,11,3,0,0,0,0,0_0,1_6
1,1,2,42,7,2,0,0,0,0,0_0,1_5
1,1,2,86,11,3,0,0,0,1,5_1,1_7
1,1,2,59,9,3,0,0,0,1,6_9,2_9
1,1,1,21,5,2,0,0,0,1,9_6,1_5
3,3,1,53,8,3,0,0,0,0,0_0,1_2
2,1,1,53,8,3,0,0,0,0,0_0,1_8
2,1,2,49,8,3,0,0,0,0,0_0,2_10
2,1,1,34,6,3,0,0,0,0,0_0,2_4
2,3,2,64,9,3,0,0,0,0,0_0,3_4
2,1,1,27,6,3,0,0,0,1,0_0,1_5
1,1,2,42,7,3,0,0,0,1,0_0,1_2
1,1,2,50,8,2,0,0,0,0,0_0,1_8
2,1,2,41,7,2,0,0,0,0,0_0,1_1
1,1,1,19,4,3,0,0,0,1,0_0,3_8
1,2,1,36,7,2,0,0,0,0,0_0,1_3
2,1,1,86,11,3,0,0,0,0,0_0,1_7
1,3,1,22,5,3,0,0,0,0,0_0,1_3
2,1,1,39,7,3,0,0,0,0,0_0,3_6
1,1,2,13,3,3,0,0,0,1,5_9,1_3
2,2,2,40,7,3,0,0,0,0,0_0,-1_-1
1,1,2,22,5,2,0,0,0,0,0_0,1_7
1,1,1,30,6,3,0,0,0,1,10_9,1_1
2,2,1,60,9,2,0,0,0,0,0_0,1_1
2,1,2,29,6,3,0,0,0,0,0_0,2_8
1,1,1,25,5,3,0,0,0,0,0_0,3_6
1,1,1,44,7,3,0,0,0,0,0_0,3_8
1,1,1,4,1,2,0,0,0,1,4_1,-1_-1
1,1,1,27,6,3,0,0,0,1,1_9,1_3
1,1,2,18,4,3,0,0,0,0,0_0,3_4
3,1,1,22,5,3,0,0,0,0,0_0,1_4
1,1,2,16,4,2,0,0,0,1,1_3,1_7
1,2,1,62,9,3,0,0,0,0,0_0,-1_-1
2,1,1,54,8,3,0,0,0,0,0_0,1_2
1,1,1,11,3,2,0,0,0,1,6_7,1_1
2,1,1,70,10,3,0,0,0,0,0_0,3_7
2,1,1,24,5,3,0,0,0,0,0_0,1_5
1,1,2,52,8,3,0,0,0,0,0_0,3_5
2,1,1,28,6,1,0,0,0,0,0_0,1_6
2,1,2,69,10,3,0,0,0,0,0_0,-1_-1
2,2,2,49,8,2,0,0,0,0,0_0,1_10
2,1,2,11,3,2,0,0,0,1,5_1,-1_-1
1,1,2,8,2,3,0,0,0,1,5_9,1_2
1,1,1,28,6,3,0,0,0,1,10_9,2_5
2,1,1,70,10,2,0,0,0,0,0_0,-1_-1
1,1,2,54,8,3,0,0,0,0,0_0,2_5
2,2,1,28,6,3,0,0,0,0,0_0,-1_-1
1,1,1,61,9,2,0,0,0,1,10_9,1_2
1,1,2,28,6,2,0,0,0,1,1_9,1_2
1,1,1,16,4,2,0,0,0,0,0_0,2_10
1,1,2,11,3,3,0,0,0,1,6_9,3_6
1,1,1,24,5,1,0,0,0,0,0_0,1_6
1,1,2,52,8,2,0,0,0,1,5_9,1_1
1,1,1,41,7,2,0,0,0,0,0_0,-1_-1
1,1,2,25,5,3,0,0,0,0,0_0,2_4
1,1,1,12,3,3,0,0,0,1,5_9,1_8
1,1,1,77,11,3,0,0,0,1,6_8,1_4
2,1,2,17,4,3,0,0,0,0,0_0,1_10
1,1,1,53,8,3,0,0,0,1,7_5,1_1
1,1,1,43,7,3,0,0,0,1,1_1,1_2
2,1,1,15,3,3,0,0,0,0,0_0,1_6
2,3,2,49,8,3,0,0,0,0,0_0,1_9
1,2,1,36,7,3,0,0,0,0,0_0,1_1
2,1,1,64,9,3,0,0,0,0,0_0,1_5
2,1,2,42,7,3,0,0,0,0,0_0,2_5
1,1,2,46,8,3,0,0,0,0,0_0,1_8
2,2,1,61,9,3,0,0,0,0,0_0,1_8
1,1,2,28,6,3,0,0,0,0,0_0,2_9
1,1,1,44,7,3,0,0,0,0,0_0,1_10
1,1,1,13,3,3,0,0,0,1,5_1,1_3
1,1,2,23,5,3,0,0,0,0,0_0,3_8
2,1,1,86,11,3,0,0,0,0,0_0,1_2
1,1,2,7,2,2,0,0,0,1,5_2,1_1
2,1,1,56,9,2,0,0,0,0,0_0,1_10
2,1,2,30,6,2,0,0,0,0,0_0,1_4
1,1,1,15,3,3,0,0,0,1,5_1,1_5
2,1,1,22,5,1,0,0,0,0,0_0,1_1
1,1,2,14,3,3,0,0,0,1,5_1,1_1
1,1,2,15,3,3,0,0,0,1,5_2,1_2
2,2,1,19,4,3,0,0,0,0,0_0,1_5
1,1,1,62,9,2,0,0,0,1,5_1,1_1
1,1,1,13,3,1,0,0,0,0,0_0,1_9
1,1,2,16,4,3,0,0,0,1,5_3,1_3
1,1,1,61,9,3,0,0,0,0,0_0,3_6
1,1,1,13,3,3,0,0,0,1,1_4,1_2
1,2,2,19,4,2,0,0,0,1,0_0,-1_-1
3,2,2,37,7,3,0,0,0,0,0_0,1_2
1,1,1,49,8,2,0,0,0,1,8_1,1_2
1,2,2,3,1,3,0,0,0,1,8_1,1_2
1,1,2,1,1,3,0,0,0,1,5_2,-1_-1
1,1,2,39,7,3,0,0,0,1,2_3,-1_-1
2,1,2,64,9,3,0,0,0,0,0_0,1_2
1,1,2,52,8,2,0,0,0,1,6_9,1_2
1,1,2,12,3,3,0,0,0,1,1_1,1_8
2,1,1,24,5,2,0,0,0,0,0_0,2_7
1,1,1,27,6,1,0,0,0,0,0_0,-1_-1
2,1,1,47,8,2,0,0,0,0,0_0,1_4
1,1,2,36,7,2,0,0,0,1,10_9,1_5
1,1,1,51,8,3,0,0,0,0,0_0,1_9
2,1,1,33,6,3,0,0,0,0,0_0,1_6
2,2,1,64,9,3,0,0,0,0,0_0,3_7
1,1,2,72,10,2,0,0,0,1,1_3,1_5
1,1,1,56,9,3,0,0,0,1,4_1,1_2
2,1,1,65,9,3,0,0,0,0,0_0,1_3
1,1,1,60,9,2,0,0,0,0,0_0,1_8
2,2,1,27,6,3,0,0,0,0,0_0,1_2
1,1,1,40,7,3,0,0,0,1,10_9,1_7
1,1,2,63,9,3,0,0,0,1,1_1,1_5
1,1,2,18,4,3,0,0,0,1,9_9,1_2
1,1,2,79,11,3,0,0,0,1,1_9,1_3
1,1,1,70,10,3,0,0,0,0,0_0,3_7
1,1,1,17,4,3,0,0,0,1,10_1,1_7
1,3,1,38,7,2,0,0,0,1,6_8,-1_-1
2,2,2,50,8,3,0,0,0,0,0_0,2_6
2,1,1,55,8,1,0,0,0,0,0_0,3_8
3,2,1,51,8,2,0,0,0,0,0_0,1_6
1,1,1,29,6,2,0,0,0,0,0_0,1_8
1,1,1,25,5,1,0,0,0,0,0_0,3_4
1,1,1,61,9,3,0,0,0,1,10_9,1_2
1,1,1,52,8,2,0,0,0,0,0_0,2_1
3,2,1,50,8,1,0,0,0,0,0_0,3_9
1,1,1,43,7,1,0,0,0,1,9_9,1_3
1,2,2,31,6,1,0,0,0,1,9_9,3_3
2,2,1,39,7,3,0,0,0,0,0_0,1_2
1,1,2,49,8,2,0,0,0,0,0_0,1_1
1,1,1,33,6,3,0,0,0,0,0_0,2_4
2,1,1,76,11,3,0,0,0,0,0_0,-1_-1
1,1,1,90,11,2,0,0,0,0,0_0,1_3
2,1,1,16,4,2,0,0,0,0,0_0,-1_-1
2,2,2,15,3,2,0,0,0,1,0_0,-1_-1
3,2,2,24,5,3,0,0,0,0,0_0,1_1
1,1,2,67,10,2,0,0,0,1,4_3,1_4
1,1,2,59,9,3,0,0,0,1,8_9,1_1
2,1,2,57,9,3,0,0,0,0,0_0,1_7
1,1,1,63,9,3,0,0,0,1,5_3,1_7
1,2,2,65,9,3,0,0,0,1,5_3,1_7
2,2,1,60,9,2,0,0,0,1,6_9,-1_-1
1,1,1,76,11,2,0,0,0,1,1_3,1_3
1,1,1,52,8,3,0,0,0,1,0_0,-1_-1
1,2,1,41,7,3,0,0,0,0,0_0,1_9
1,1,1,80,11,3,0,0,0,1,5_1,1_8
1,1,1,33,6,2,0,0,0,0,0_0,3_6
1,1,1,72,10,2,0,0,0,1,6_9,1_8
1,2,2,66,10,3,0,0,0,1,6_9,1_8
1,1,2,32,6,3,0,0,0,1,6_9,1_4
1,1,2,88,11,2,0,0,0,0,0_0,1_8
2,2,1,34,6,3,0,0,0,0,0_0,1_6
1,1,2,6,2,3,0,0,0,1,5_3,-1_-1
2,2,1,48,8,2,0,0,0,0,0_0,1_4
1,1,1,18,4,3,0,0,0,1,5_3,1_5
1,1,2,27,6,2,0,0,0,0,0_0,1_4
2,3,1,35,6,3,0,0,0,0,0_0,1_4
1,1,1,61,9,3,0,0,0,0,0_0,1_2
1,1,1,40,7,3,0,0,0,1,1_1,-1_-1
1,1,1,86,11,3,0,0,0,1,4_1,1_1
1,1,2,27,6,3,0,0,0,1,6_9,1_3
2,1,2,22,5,3,0,0,0,0,0_0,-1_-1
1,1,2,51,8,3,0,0,0,1,6_9,1_2
1,1,2,72,10,3,0,0,0,1,4_1,1_2
2,1,1,24,5,3,0,0,0,0,0_0,1_-1
1,1,1,39,7,3,0,0,0,1,5_3,-1_-1
1,1,2,29,6,2,0,0,0,1,4_9,-1_-1
1,2,1,16,4,3,0,0,0,1,0_0,1_1
2,2,1,46,8,3,0,0,0,0,0_0,1_10
1,1,1,89,11,3,0,0,0,0,0_0,1_5
1,2,2,11,3,3,0,0,0,1,0_0,1_2
1,3,2,14,3,3,0,0,0,1,0_0,3_5
1,1,1,72,10,2,0,0,0,0,0_0,1_10
1,1,1,51,8,2,0,0,0,0,0_0,1_5
2,1,1,55,8,3,0,0,0,0,0_0,1_9
2,1,1,23,5,2,0,0,0,0,0_0,3_6
1,1,2,11,3,3,0,0,0,1,5_1,1_10
2,1,1,23,5,2,0,0,0,0,0_0,1_8
1,1,2,57,9,3,0,0,0,0,0_0,2_3
1,2,1,63,9,3,0,0,0,1,10_9,3_7
1,1,2,74,10,2,0,0,0,1,5_3,1_8
2,2,1,41,7,3,0,0,0,0,0_0,1_3
1,1,1,15,3,3,0,0,0,1,5_3,1_2
1,1,2,80,11,3,0,0,0,0,0_0,3_6
1,1,1,24,5,2,0,0,0,0,0_0,1_2
1,1,2,39,7,2,0,0,0,1,9_5,1_2
1,1,1,18,4,3,0,0,0,1,6_9,1_2
2,1,1,45,7,2,0,0,0,0,0_0,1_3
2,1,1,16,4,3,0,0,0,1,0_0,1_1
3,2,1,18,4,3,0,0,0,1,0_0,1_1
1,1,1,65,9,3,0,0,0,0,0_0,1_8
2,2,2,32,6,3,0,0,0,0,0_0,1_2
2,1,2,19,4,2,0,0,0,0,0_0,1_7
1,3,1,37,7,2,0,0,0,0,0_0,2_5
2,2,1,58,9,2,0,0,0,0,0_0,3_7
2,1,1,55,8,2,0,0,0,0,0_0,3_6
1,1,1,23,5,2,0,0,0,0,0_0,3_7
1,2,1,66,10,3,0,0,0,0,0_0,1_3
1,2,1,23,5,2,0,0,0,0,0_0,1_3
2,1,1,39,7,1,0,0,0,0,0_0,2_6
1,1,1,32,6,2,0,0,0,0,0_0,3_10
1,1,2,24,5,3,0,0,0,0,0_0,3_7
2,1,1,16,4,3,0,0,0,0,0_0,2_7
2,1,2,61,9,3,0,0,0,0,0_0,1_5
1,1,1,22,5,3,0,0,0,0,0_0,3_5
2,1,1,18,4,3,0,0,0,0,0_0,2_7
1,1,1,13,3,3,0,0,0,1,5_1,3_4
1,1,2,73,10,2,0,0,0,0,0_0,2_4
1,2,1,34,6,3,0,0,0,0,0_0,1_7
1,1,1,12,3,2,0,0,0,1,10_9,1_1
1,1,2,80,11,2,0,0,0,1,1_3,1_9
1,1,2,18,4,3,0,0,0,0,0_0,1_9
2,1,1,26,6,3,0,0,0,0,0_0,1_3
2,2,1,48,8,1,0,0,0,0,0_0,1_3
1,1,1,46,8,2,0,0,0,0,0_0,1_6
1,1,1,18,4,2,0,0,0,1,4_1,1_2
2,3,2,20,4,3,0,0,0,0,0_0,1_2
1,1,1,40,7,2,0,0,0,0,0_0,1_3
1,1,1,61,9,3,0,0,0,0,0_0,1_4
1,1,2,46,8,3,0,0,0,0,0_0,2_6
3,2,1,54,8,3,0,0,0,0,0_0,1_2
1,1,1,50,8,3,0,0,0,0,0_0,1_5
2,1,1,70,10,3,0,0,0,0,0_0,1_2
1,1,2,14,3,3,0,0,0,1,5_2,1_3
3,2,2,30,6,3,0,0,0,0,0_0,2_5
1,1,1,41,7,3,0,0,0,1,5_1,-1_-1
1,1,2,79,11,3,0,0,0,1,5_1,2_9
2,2,2,73,10,3,0,0,0,0,0_0,1_6
1,1,2,30,6,2,0,0,0,0,0_0,1_3
2,2,2,58,9,2,0,0,0,0,0_0,2_5
1,1,1,56,9,3,0,0,0,1,4_3,1_9
2,1,2,10,2,3,0,0,0,0,0_0,1_2
1,1,1,5,1,3,0,0,0,1,5_1,3_8
2,1,1,48,8,3,0,0,0,0,0_0,3_6
2,1,2,50,8,3,0,0,0,0,0_0,2_9
3,1,1,32,6,3,0,0,0,0,0_0,1_4
1,1,1,57,9,2,0,0,0,0,0_0,1_4
1,1,1,34,6,2,0,0,0,0,0_0,1_4
1,1,2,9,2,2,0,0,0,1,5_1,2_7
1,1,2,11,3,3,0,0,0,1,0_0,1_6
1,1,2,49,8,3,0,0,0,0,0_0,3_10
2,1,1,42,7,2,0,0,0,0,0_0,1_9
2,2,1,61,9,2,0,0,0,0,0_0,2_8
2,1,2,57,9,3,0,0,0,0,0_0,1_5
1,1,1,20,4,3,0,0,0,0,0_0,3_10
1,1,2,15,3,3,0,0,0,1,1_1,1_1
1,1,1,90,11,3,0,0,0,0,0_0,1_5
2,2,1,56,9,3,0,0,0,0,0_0,1_1
1,2,2,22,5,3,0,0,0,0,0_0,2_10
1,1,1,36,7,2,0,0,0,0,0_0,1_5
1,1,1,21,5,3,0,0,0,1,5_3,-1_-1
2,2,2,82,11,1,0,0,0,0,0_0,2_9
1,1,1,67,10,3,0,0,0,1,5_1,-1_-1
1,1,2,37,7,3,0,0,0,1,5_1,-1_-1
2,2,1,45,7,2,0,0,0,0,0_0,1_1
1,1,2,3,1,3,0,0,0,1,5_1,-1_-1
2,1,1,15,3,2,0,0,0,0,0_0,1_9
2,2,2,51,8,3,0,0,0,0,0_0,1_9
3,1,1,55,8,3,0,0,0,0,0_0,1_3
1,1,1,60,9,2,0,0,0,1,5_1,1_1
1,1,1,15,3,3,0,0,0,1,1_1,1_1
1,1,2,15,3,3,0,0,0,1,5_1,1_2
1,1,2,34,6,3,0,0,0,1,1_9,1_5
1,1,2,26,6,1,0,0,0,0,0_0,1_2
2,2,2,39,7,3,0,0,0,0,0_0,1_2
1,1,1,62,9,2,0,0,0,0,0_0,1_5
1,1,1,13,3,3,0,0,0,1,5_1,1_2
2,2,2,39,7,2,0,0,0,1,0_0,1_3
2,2,2,76,11,3,0,0,0,0,0_0,1_8
2,2,2,52,8,3,0,0,0,0,0_0,1_10
1,1,1,75,10,3,0,0,0,0,0_0,2_9
2,1,1,20,4,3,0,0,0,0,0_0,1_7
1,1,2,72,10,3,0,0,0,1,5_9,2_8
2,1,2,36,7,3,0,0,0,0,0_0,2_9
1,1,2,47,8,3,0,0,0,0,0_0,1_3
1,1,1,40,7,3,0,0,0,1,5_3,1_1
1,1,2,49,8,3,0,0,0,0,0_0,3_9
1,1,1,15,3,3,0,0,0,1,5_9,1_4
1,3,2,65,9,3,0,0,0,0,0_0,1_9
2,2,1,30,6,2,0,0,0,0,0_0,1_2
1,1,2,72,10,2,0,0,0,1,5_1,1_2
1,1,1,44,7,3,0,0,0,0,0_0,2_3
1,1,1,38,7,2,0,0,0,0,0_0,1_5
2,1,1,21,5,2,0,0,0,0,0_0,1_9
1,1,2,18,4,3,0,0,0,1,5_9,1_4
1,1,2,41,7,3,0,0,0,1,5_1,1_2
1,1,2,61,9,3,0,0,0,0,0_0,1_1
2,2,1,80,11,3,0,0,0,0,0_0,1_7
2,1,1,61,9,3,0,0,0,0,0_0,1_1
1,1,2,25,5,3,0,0,0,0,0_0,1_7
2,2,1,29,6,2,0,0,0,0,0_0,1_4
2,2,2,26,6,3,0,0,0,0,0_0,1_1
2,2,1,17,4,3,0,0,0,0,0_0,1_3
2,2,1,27,6,3,0,0,0,0,0_0,-1_-1
1,1,1,10,2,3,0,0,0,1,5_2,1_1
1,1,1,33,6,3,0,0,0,1,8_9,1_4
1,1,2,26,6,3,0,0,0,0,0_0,2_8
1,1,2,76,11,3,0,0,0,0,0_0,1_9
2,2,1,29,6,3,0,0,0,0,0_0,3_8
1,2,1,31,6,2,0,0,0,0,0_0,1_9
2,3,1,37,7,3,0,0,0,0,0_0,1_10
2,1,2,25,5,3,0,0,0,0,0_0,-1_-1
1,2,1,31,6,3,0,0,0,1,5_9,1_5
2,1,1,57,9,2,0,0,0,0,0_0,3_6
2,1,1,37,7,3,0,0,0,0,0_0,3_7
2,1,2,22,5,3,0,0,0,0,0_0,2_8
2,1,1,30,6,2,0,0,0,0,0_0,2_8
2,1,1,60,9,3,0,0,0,0,0_0,1_1
1,1,2,66,10,3,0,0,0,0,0_0,1_5
2,2,2,65,9,3,0,0,0,0,0_0,3_10
1,1,1,55,8,2,0,0,0,0,0_0,1_2
1,1,1,78,11,3,0,0,0,0,0_0,1_5
2,1,1,25,5,3,0,0,0,1,9_9,1_2
2,1,2,24,5,3,0,0,0,0,0_0,3_5
2,1,1,67,10,3,0,0,0,0,0_0,1_2
1,1,1,56,9,2,0,0,0,0,0_0,2_8
1,1,2,17,4,2,0,0,0,1,4_1,1_2
1,1,2,58,9,2,0,0,0,1,6_9,1_4
1,2,1,60,9,3,0,0,0,1,6_9,1_4
1,1,1,20,4,2,0,0,0,0,0_0,3_8
2,2,1,64,9,3,0,0,0,0,0_0,1_4
1,1,1,56,9,3,0,0,0,1,1_9,1_6
1,1,1,47,8,2,0,0,0,0,0_0,2_5
1,1,1,86,11,3,0,0,0,1,5_3,2_9
1,2,1,20,4,3,0,0,0,0,0_0,2_7
1,1,1,85,11,2,0,0,0,0,0_0,1_5
1,1,1,23,5,2,0,0,0,1,1_1,3_8
2,2,2,43,7,3,0,0,0,0,0_0,1_8
3,1,1,41,7,3,0,0,0,0,0_0,3_9
2,1,1,58,9,2,0,0,0,0,0_0,3_4
2,2,2,35,6,3,0,0,0,0,0_0,1_2
2,1,2,13,3,3,0,0,0,1,0_0,1_2
2,2,1,15,3,3,0,0,0,0,0_0,1_5
1,1,2,11,3,3,0,0,0,1,5_3,1_1
1,1,1,14,3,3,0,0,0,1,4_1,1_4
1,1,2,70,10,2,0,0,0,1,5_1,1_2
1,1,2,13,3,3,0,0,0,1,8_3,-1_-1
1,1,1,48,8,3,0,0,0,1,10_8,1_1
2,1,1,24,5,3,0,0,0,0,0_0,3_9
1,1,2,38,7,2,0,0,0,0,0_0,-1_-1
1,1,1,68,10,2,0,0,0,1,4_1,1_1
1,1,1,14,3,3,0,0,0,1,5_1,1_1
2,1,1,20,4,3,0,0,0,0,0_0,3_7
1,1,2,8,2,3,0,0,0,1,6_9,1_2
1,1,1,77,11,2,0,0,0,1,5_2,1_3
2,1,2,59,9,3,0,0,0,0,0_0,1_1
1,1,2,13,3,3,0,0,0,1,1_1,1_3
2,1,1,53,8,3,0,0,0,0,0_0,-1_-1
2,1,1,61,9,3,0,0,0,0,0_0,1_9
2,2,1,54,8,3,0,0,0,0,0_0,1_2
2,1,2,66,10,2,0,0,0,0,0_0,1_10
2,2,1,52,8,2,0,0,0,0,0_0,2_10
1,1,2,69,10,1,0,0,0,1,6_9,1_5
1,2,2,67,10,3,0,0,0,1,6_9,1_9
1,1,2,31,6,1,0,0,0,0,0_0,1_7
2,1,1,47,8,2,0,0,0,0,0_0,1_10
2,1,2,54,8,2,0,0,0,0,0_0,1_5
2,2,1,76,11,1,0,0,0,0,0_0,1_10
3,3,2,19,4,3,0,0,0,0,0_0,1_9
2,1,2,59,9,3,0,0,0,0,0_0,1_10
1,1,2,12,3,3,0,0,0,1,4_1,1_1
1,1,2,69,10,2,0,0,0,1,5_2,-1_-1
2,2,2,56,9,3,0,0,0,0,0_0,1_2
2,2,2,22,5,3,0,0,0,0,0_0,1_8
2,2,1,36,7,3,0,0,0,0,0_0,1_1
2,2,2,24,5,2,0,0,0,0,0_0,-1_-1
2,2,1,45,7,3,0,0,0,0,0_0,1_1
1,1,1,12,3,3,0,0,0,1,1_3,1_2
1,1,1,76,11,3,0,0,0,1,1_3,1_3
2,2,1,71,10,3,0,0,0,0,0_0,1_1
2,2,1,54,8,3,0,0,0,0,0_0,1_3
1,2,1,14,3,3,0,0,0,1,4_9,1_5
3,1,1,20,4,3,0,0,0,0,0_0,1_1
2,2,1,46,8,3,0,0,0,0,0_0,1_1
1,1,1,44,7,2,0,0,0,0,0_0,3_8
2,1,2,67,10,3,0,0,0,0,0_0,2_5
2,1,1,56,9,2,0,0,0,0,0_0,1_6
1,1,2,22,5,3,0,0,0,1,9_9,1_4
1,1,1,52,8,1,0,0,0,0,0_0,1_8
1,1,2,37,7,3,0,0,0,0,0_0,3_6
2,2,1,55,8,3,0,0,0,0,0_0,3_7
1,2,1,81,11,3,0,0,0,0,0_0,3_4
2,1,2,66,10,3,0,0,0,0,0_0,1_5
1,1,2,4,1,2,0,0,0,1,5_1,1_2
2,1,1,36,7,3,0,0,0,0,0_0,3_5
2,1,2,37,7,3,0,0,0,0,0_0,2_5
2,1,1,35,6,3,0,0,0,0,0_0,3_6
1,1,1,35,6,3,0,0,0,0,0_0,1_-1
1,1,1,24,5,1,0,0,0,0,0_0,-1_-1
2,2,2,58,9,2,0,0,0,1,0_0,1_5
2,1,2,36,7,3,0,0,0,0,0_0,3_-1
1,1,1,52,8,3,0,0,0,0,0_0,2_1
1,1,1,30,6,3,0,0,0,1,5_1,-1_-1
1,1,2,11,3,2,0,0,0,1,10_1,2_1
1,1,1,80,11,3,0,0,0,0,0_0,2_3
2,1,1,62,9,3,0,0,0,0,0_0,-1_-1
1,1,1,47,8,2,0,0,0,0,0_0,1_6
2,1,1,61,9,2,0,0,0,0,0_0,1_3
1,1,2,73,10,3,0,0,0,0,0_0,3_6
2,2,1,58,9,2,0,0,0,0,0_0,-1_-1
2,1,1,59,9,2,0,0,0,0,0_0,3_6
1,1,1,32,6,2,0,0,0,0,0_0,-1_-1
1,1,2,65,9,3,0,0,0,0,0_0,1_4
1,1,1,34,6,3,0,0,0,0,0_0,1_8
1,1,2,55,8,3,0,0,0,1,5_3,2_2
1,2,2,74,10,3,0,0,0,0,0_0,3_6
2,1,2,56,9,3,0,0,0,0,0_0,2_3
2,1,2,50,8,3,0,0,0,0,0_0,3_3
1,1,2,39,7,3,0,0,0,0,0_0,2_4
1,1,2,41,7,3,0,0,0,1,6_9,3_6
1,1,1,15,3,3,0,0,0,1,1_3,1_4
1,1,1,45,7,3,0,0,0,1,1_3,1_7
1,3,1,23,5,3,0,0,0,0,0_0,2_5
2,2,1,21,5,3,0,0,0,0,0_0,1_6
3,1,1,53,8,3,0,0,0,0,0_0,1_6
2,1,2,21,5,3,0,0,0,0,0_0,2_5
2,2,1,72,10,3,0,0,0,1,0_0,-1_-1
1,1,1,16,4,3,0,0,0,1,5_1,1_5
1,1,2,14,3,2,0,0,0,1,5_3,1_9
1,2,1,25,5,2,0,0,0,0,0_0,1_4
2,1,1,45,7,2,0,0,0,0,0_0,1_6
1,1,2,17,4,2,0,0,0,1,5_3,1_4
1,1,2,77,11,2,0,0,0,1,1_3,1_3
2,1,1,18,4,2,0,0,0,0,0_0,1_6
2,1,1,84,11,2,0,0,0,0,0_0,3_6
2,1,1,77,11,2,0,0,0,0,0_0,2_10
1,1,2,20,4,2,0,0,0,0,0_0,1_3
1,1,2,54,8,3,0,0,0,0,0_0,1_4
1,2,1,5,1,2,0,0,0,1,5_3,1_5
1,1,2,32,6,3,0,0,0,0,0_0,1_8
1,1,1,44,7,2,0,0,0,0,0_0,1_10
1,1,2,33,6,3,0,0,0,1,6_7,-1_-1
1,2,1,34,6,3,0,0,0,1,6_7,-1_-1
2,1,1,33,6,3,0,0,0,0,0_0,3_3
2,1,2,18,4,3,0,0,0,0,0_0,1_6
1,1,1,61,9,2,0,0,0,0,0_0,3_5
2,1,2,65,9,2,0,0,0,0,0_0,1_1
1,1,1,82,11,3,0,0,0,0,0_0,1_7
1,1,1,2,1,3,0,0,0,1,8_3,1_5
1,1,2,80,11,3,0,0,0,1,5_3,1_7
1,2,2,76,11,2,0,0,0,1,5_3,1_7
2,2,1,76,11,3,0,0,0,0,0_0,3_8
2,1,2,53,8,2,0,0,0,0,0_0,1_3
2,1,1,33,6,2,0,0,0,0,0_0,1_3
1,1,1,19,4,2,0,0,0,0,0_0,1_6
3,1,1,31,6,3,0,0,0,0,0_0,1_7
1,1,2,47,8,3,0,0,0,0,0_0,1_10
1,1,1,32,6,3,0,0,0,0,0_0,2_6
2,2,1,33,6,3,0,0,0,0,0_0,3_6
1,1,1,39,7,3,0,0,0,0,0_0,2_5
2,1,1,53,8,2,0,0,0,0,0_0,1_6
2,1,1,49,8,3,0,0,0,0,0_0,2_8
1,1,1,21,5,2,0,0,0,0,0_0,1_6
1,1,1,66,10,3,0,0,0,1,9_5,1_4
1,1,2,47,8,2,0,0,0,0,0_0,3_8
1,1,2,35,6,3,0,0,0,0,0_0,3_5
2,2,1,34,6,3,0,0,0,0,0_0,2_5
1,1,2,41,7,3,0,0,0,1,5_1,2_6
1,1,1,53,8,3,0,0,0,0,0_0,3_8
2,1,1,60,9,3,0,0,0,0,0_0,3_6
2,1,2,63,9,3,0,0,0,0,0_0,1_4
1,1,2,32,6,3,0,0,0,1,9_9,1_3
1,1,1,33,6,3,0,0,0,0,0_0,2_6
2,2,2,40,7,3,0,0,0,0,0_0,2_6
2,2,1,40,7,3,0,0,0,0,0_0,1_6
2,1,2,46,8,3,0,0,0,0,0_0,2_10
1,1,1,16,4,3,0,0,0,1,5_3,1_8
2,2,1,17,4,3,0,0,0,1,0_0,-1_-1
1,1,2,79,11,3,0,0,0,0,0_0,2_9
2,1,1,22,5,2,0,0,0,0,0_0,2_6
1,2,1,77,11,3,0,0,0,0,0_0,-1_-1
1,1,1,43,7,3,0,0,0,1,4_1,3_9
1,1,2,77,11,2,0,0,0,0,0_0,1_10
1,1,1,51,8,3,0,0,0,0,0_0,3_5
2,2,2,17,4,3,0,0,0,0,0_0,3_3
1,1,2,13,3,2,0,0,0,1,1_3,1_1
2,1,1,70,10,2,0,0,0,0,0_0,2_3
1,1,1,50,8,3,0,0,0,0,0_0,2_9
2,1,1,16,4,3,0,0,0,0,0_0,1_7
1,1,1,37,7,3,0,0,0,0,0_0,3_5
1,1,1,27,6,3,0,0,0,1,9_8,2_3
2,1,2,50,8,2,0,0,0,0,0_0,3_6
1,2,2,53,8,3,0,0,0,0,0_0,1_8
1,1,2,76,11,2,0,0,0,0,0_0,1_10
1,1,2,27,6,3,0,0,0,0,0_0,3_7
2,1,1,14,3,3,0,0,0,0,0_0,1_3
2,1,2,29,6,2,0,0,0,0,0_0,1_3
2,2,2,21,5,3,0,0,0,0,0_0,1_1
1,1,2,53,8,3,0,0,0,0,0_0,2_9
2,2,1,37,7,3,0,0,0,0,0_0,1_9
1,1,1,12,3,3,0,0,0,1,5_1,1_6
1,1,1,75,10,3,0,0,0,1,4_3,2_9
1,1,1,52,8,2,0,0,0,0,0_0,1_1
2,1,1,72,10,3,0,0,0,0,0_0,2_6
2,1,2,33,6,3,0,0,0,0,0_0,3_7
2,1,1,32,6,2,0,0,0,1,5_1,1_4
2,1,1,57,9,3,0,0,0,0,0_0,2_9
1,1,2,46,8,2,0,0,0,1,10_9,1_2
1,1,1,19,4,2,0,0,0,1,10_9,1_7
2,1,2,58,9,3,0,0,0,0,0_0,2_8
1,1,1,34,6,1,0,0,0,1,9_9,-1_-1
2,1,2,20,4,2,0,0,0,0,0_0,1_7
2,1,2,34,6,3,0,0,0,0,0_0,1_6
1,1,1,13,3,2,0,0,0,0,0_0,1_6
2,2,1,71,10,3,0,0,0,0,0_0,2_8
1,1,2,38,7,3,0,0,0,1,5_3,1_8
1,2,1,40,7,3,0,0,0,1,5_3,1_8
1,1,1,26,6,3,0,0,0,0,0_0,3_9
1,1,2,69,10,2,0,0,0,0,0_0,3_8
1,1,2,39,7,3,0,0,0,0,0_0,3_8
1,1,1,21,5,3,0,0,0,0,0_0,2_8
2,1,1,42,7,3,0,0,0,0,0_0,2_5
2,1,1,32,6,3,0,0,0,0,0_0,2_6
3,2,2,33,6,3,0,0,0,0,0_0,1_1
1,1,2,76,11,3,0,0,0,1,6_9,3_7
3,2,1,42,7,3,0,0,0,0,0_0,1_2
1,1,1,74,10,2,0,0,0,0,0_0,2_5
2,2,1,29,6,3,0,0,0,0,0_0,3_9
1,1,2,24,5,3,0,0,0,0,0_0,1_10
2,2,1,28,6,3,0,0,0,0,0_0,3_5
2,1,2,19,4,3,0,0,0,0,0_0,1_6
2,1,1,49,8,3,0,0,0,0,0_0,1_5
2,1,2,26,6,3,0,0,0,0,0_0,1_8
1,1,1,15,3,3,0,0,0,1,5_1,1_6
1,1,1,27,6,3,0,0,0,1,10_9,1_3
1,1,2,44,7,3,0,0,0,0,0_0,2_7
1,1,1,76,11,3,0,0,0,0,0_0,1_1
2,2,1,17,4,3,0,0,0,0,0_0,2_9
1,1,1,23,5,3,0,0,0,1,6_9,1_2
1,1,1,35,6,3,0,0,0,0,0_0,3_8
2,2,1,31,6,3,0,0,0,0,0_0,3_7
1,1,2,37,7,3,0,0,0,0,0_0,1_7
2,2,2,25,5,3,0,0,0,0,0_0,1_8
1,2,1,16,4,3,0,0,0,1,0_0,2_7
1,1,1,36,7,3,0,0,0,0,0_0,3_6
2,2,2,56,9,3,0,0,0,0,0_0,3_7
1,1,1,90,11,2,0,0,0,0,0_0,1_8
2,1,1,50,8,2,0,0,0,0,0_0,2_7
1,1,1,30,6,2,0,0,0,0,0_0,1_4
1,1,1,27,6,3,0,0,0,1,8_1,-1_-1
1,1,1,55,8,3,0,0,0,0,0_0,1_5
1,1,2,26,6,3,0,0,0,1,5_3,1_4
2,1,2,68,10,2,0,0,0,0,0_0,1_4
1,1,1,18,4,3,0,0,0,1,1_1,1_4
1,1,2,49,8,1,0,0,0,1,1_3,1_10
2,1,2,64,9,3,0,0,0,0,0_0,1_10
1,1,1,48,8,2,0,0,0,0,0_0,1_3
2,1,1,84,11,2,0,0,0,0,0_0,1_5
1,1,2,35,6,3,0,0,0,0,0_0,1_8
1,1,2,46,8,3,0,0,0,1,1_1,1_9
2,1,1,25,5,2,0,0,0,0,0_0,1_5
1,1,1,12,3,2,0,0,0,0,0_0,-1_-1
2,1,1,51,8,3,0,0,0,0,0_0,2_4
1,1,2,74,10,3,0,0,0,1,6_9,2_10
1,1,1,51,8,3,0,0,0,0,0_0,3_7
1,1,1,40,7,3,0,0,0,1,0_0,-1_-1
1,1,2,46,8,2,0,0,0,0,0_0,1_3
2,1,2,75,10,3,0,0,0,0,0_0,2_9
2,1,2,12,3,3,0,0,0,0,0_0,3_8
2,2,1,10,2,2,0,0,0,0,0_0,1_8
1,1,1,27,6,2,0,0,0,1,8_3,1_6
1,1,1,80,11,3,0,0,0,0,0_0,2_10
1,1,1,34,6,3,0,0,0,1,1_1,1_1
2,2,2,25,5,2,0,0,0,0,0_0,1_9
1,1,1,38,7,2,0,0,0,0,0_0,1_4
1,1,2,17,4,2,0,0,0,1,4_9,1_2
1,1,1,12,3,2,0,0,0,1,5_1,-1_-1
2,1,2,59,9,3,0,0,0,0,0_0,-1_-1
2,1,1,51,8,2,0,0,0,1,6_9,2_7
2,2,1,29,6,3,0,0,0,0,0_0,3_2
3,3,2,28,6,3,0,0,0,0,0_0,-1_-1
1,1,2,78,11,3,0,0,0,0,0_0,3_8
1,1,1,66,10,3,0,0,0,0,0_0,3_4
1,1,1,32,6,3,0,0,0,0,0_0,3_8
3,3,1,47,8,3,0,0,0,0,0_0,3_5
1,2,2,18,4,2,0,0,0,0,0_0,3_8
2,1,1,31,6,3,0,0,0,0,0_0,3_7
1,1,1,40,7,2,0,0,0,0,0_0,2_6
2,1,1,24,5,2,0,0,0,0,0_0,3_6
1,1,1,18,4,3,0,0,0,0,0_0,2_3
2,2,2,39,7,3,0,0,0,0,0_0,2_6
1,1,1,11,3,3,0,0,0,1,5_1,3_-1
1,1,2,37,7,3,0,0,0,1,1_3,1_5
1,1,1,69,10,2,0,0,0,0,0_0,3_7
1,1,2,12,3,3,0,0,0,1,1_1,1_6
1,1,1,58,9,3,0,0,0,0,0_0,1_10
1,1,1,44,7,1,0,0,0,0,0_0,1_1
2,2,1,54,8,3,0,0,0,0,0_0,1_9
1,1,1,66,10,3,0,0,0,1,6_9,3_10
1,1,1,10,2,3,0,0,0,0,0_0,1_9
1,1,1,63,9,1,0,0,0,1,8_5,1_1
3,2,1,59,9,3,0,0,0,0,0_0,1_5
1,2,1,39,7,3,0,0,0,1,6_9,1_4
1,1,1,87,11,2,0,0,0,0,0_0,-1_-1
2,1,1,56,9,2,0,0,0,0,0_0,1_5
1,1,2,75,10,2,0,0,0,0,0_0,3_9
2,1,1,55,8,3,0,0,0,0,0_0,1_10
1,1,1,28,6,2,0,0,0,0,0_0,1_7
1,1,2,73,10,1,0,0,0,0,0_0,1_8
1,1,2,39,7,3,0,0,0,0,0_0,1_10
2,2,1,22,5,3,0,0,0,0,0_0,1_10
1,1,1,35,6,3,0,0,0,0,0_0,3_10
2,2,2,30,6,2,0,0,0,0,0_0,1_6
1,1,1,16,4,3,0,0,0,1,1_3,1_9
1,1,1,19,4,1,0,0,0,0,0_0,1_10
2,2,1,61,9,2,0,0,0,0,0_0,1_10
1,1,1,31,6,2,0,0,0,0,0_0,1_4
2,1,1,34,6,3,0,0,0,0,0_0,2_9
1,1,2,49,8,2,0,0,0,0,0_0,3_5
2,2,2,19,4,3,0,0,0,0,0_0,1_7
3,3,1,25,5,3,0,0,0,0,0_0,1_5
1,1,2,25,5,3,0,0,0,1,5_3,1_3
2,1,2,27,6,2,0,0,0,0,0_0,1_8
2,1,2,15,3,2,0,0,0,0,0_0,1_10
2,1,1,18,4,3,0,0,0,0,0_0,3_6
1,1,2,22,5,3,0,0,0,0,0_0,3_9
2,2,2,24,5,3,0,0,0,0,0_0,1_6
1,1,2,20,4,3,0,0,0,1,0_0,1_3
2,1,2,20,4,3,0,0,0,0,0_0,3_3
1,1,2,50,8,2,0,0,0,1,5_3,3_9
2,2,2,55,8,3,0,0,0,0,0_0,2_4
2,1,1,59,9,3,0,0,0,0,0_0,1_9
1,1,1,39,7,3,0,0,0,1,10_9,1_2
2,1,2,41,7,3,0,0,0,0,0_0,1_10
1,1,2,33,6,3,0,0,0,0,0_0,3_10
1,1,2,24,5,3,0,0,0,0,0_0,1_9
1,1,1,59,9,3,0,0,0,0,0_0,1_9
1,1,2,57,9,3,0,0,0,1,9_6,1_7
1,1,1,41,7,3,0,0,0,1,9_5,-1_-1
1,1,1,71,10,3,0,0,0,1,5_3,1_10
1,1,1,25,5,1,0,0,0,0,0_0,-1_-1
2,1,1,49,8,3,0,0,0,0,0_0,1_10
2,2,1,71,10,3,0,0,0,0,0_0,1_5
1,1,2,17,4,3,0,0,0,0,0_0,1_6
2,1,1,51,8,3,0,0,0,0,0_0,1_5
1,1,1,54,8,3,0,0,0,0,0_0,3_8
2,1,1,42,7,3,0,0,0,0,0_0,3_9
1,1,1,12,3,3,0,0,0,1,10_1,1_2
1,1,1,33,6,3,0,0,0,1,5_1,-1_-1
1,1,1,35,6,1,0,0,0,0,0_0,1_7
1,1,1,58,9,2,0,0,0,0,0_0,1_1
1,1,1,4,1,2,0,0,0,1,5_1,1_5
1,1,1,31,6,1,0,0,0,0,0_0,3_8
1,1,2,70,10,3,0,0,0,1,1_1,1_4
2,1,1,17,4,3,0,0,0,0,0_0,1_10
1,1,2,30,6,2,0,0,0,0,0_0,2_8
3,1,1,39,7,3,0,0,0,0,0_0,-1_-1
1,1,1,18,4,2,0,0,0,0,0_0,3_5
1,1,1,56,9,3,0,0,0,1,5_1,1_9
1,1,1,47,8,2,0,0,0,0,0_0,1_9
1,1,1,12,3,3,0,0,0,1,5_1,1_3
1,1,1,56,9,3,0,0,0,1,5_1,1_10
1,1,1,12,3,2,0,0,0,1,10_9,-1_-1
1,1,2,86,11,3,0,0,0,0,0_0,3_6
2,1,1,63,9,3,0,0,0,0,0_0,1_9
2,1,2,19,4,3,0,0,0,0,0_0,2_10
1,1,2,23,5,3,0,0,0,0,0_0,3_6
1,1,1,37,7,3,0,0,0,1,10_3,1_4
1,1,2,31,6,3,0,0,0,0,0_0,3_5
1,1,2,17,4,3,0,0,0,0,0_0,1_5
2,2,1,43,7,3,0,0,0,0,0_0,1_9
2,2,1,27,6,3,0,0,0,0,0_0,1_3
1,1,2,62,9,3,0,0,0,1,9_5,1_5
1,1,2,46,8,3,0,0,0,0,0_0,3_7
1,1,1,21,5,2,0,0,0,1,4_1,1_1
1,1,1,49,8,2,0,0,0,1,10_3,-1_-1
2,1,1,20,4,3,0,0,0,0,0_0,2_8
1,1,1,59,9,2,0,0,0,0,0_0,3_10
2,2,2,48,8,3,0,0,0,0,0_0,1_6
2,2,1,57,9,3,0,0,0,0,0_0,2_3
1,2,2,73,10,2,0,0,0,0,0_0,1_4
2,3,1,42,7,3,0,0,0,0,0_0,1_1
1,1,2,19,4,3,0,0,0,1,4_4,-1_-1
1,1,1,70,10,3,0,0,0,0,0_0,1_1
1,1,1,31,6,2,0,0,0,0,0_0,3_3
1,1,2,79,11,3,0,0,0,0,0_0,1_2
1,1,1,17,4,2,0,0,0,0,0_0,1_4
3,1,2,25,5,2,0,0,0,0,0_0,1_6
1,1,1,18,4,2,0,0,0,0,0_0,2_6
2,2,2,60,9,3,0,0,0,0,0_0,-1_-1
1,1,2,84,11,3,0,0,0,0,0_0,1_7
1,1,1,32,6,2,0,0,0,0,0_0,2_4
1,1,2,8,2,3,0,0,0,1,1_1,-1_-1
1,1,1,21,5,3,0,0,0,0,0_0,-1_-1
1,2,2,44,7,3,0,0,0,0,0_0,2_9
1,2,1,39,7,2,0,0,0,0,0_0,1_8
2,2,1,58,9,3,0,0,0,0,0_0,2_3
1,1,2,30,6,3,0,0,0,0,0_0,1_8
2,1,2,55,8,3,0,0,0,0,0_0,3_8
1,3,1,31,6,3,0,0,0,0,0_0,-1_-1
3,2,1,30,6,3,0,0,0,0,0_0,1_4
2,1,1,62,9,2,0,0,0,0,0_0,3_7
2,1,1,55,8,3,0,0,0,0,0_0,2_6
1,1,1,33,6,2,0,0,0,0,0_0,1_4
1,1,2,31,6,2,0,0,0,0,0_0,3_4
1,1,2,4,1,3,0,0,0,1,6_9,1_3
1,2,2,32,6,3,0,0,0,1,6_9,1_3
1,3,2,8,2,3,0,0,0,1,6_9,-1_-1
1,1,1,35,6,2,0,0,0,1,5_9,-1_-1
1,1,2,66,10,3,0,0,0,0,0_0,2_5
1,1,1,90,11,3,0,0,0,0,0_0,3_5
2,2,2,32,6,3,0,0,0,0,0_0,1_6
2,1,1,32,6,3,0,0,0,0,0_0,2_7
2,1,2,60,9,3,0,0,0,0,0_0,1_10
1,1,2,25,5,3,0,0,0,1,6_7,1_5
1,1,1,16,4,2,0,0,0,1,1_1,1_3
2,1,1,41,7,3,0,0,0,0,0_0,2_9
2,1,2,18,4,3,0,0,0,0,0_0,1_2
2,2,1,47,8,3,0,0,0,0,0_0,2_5
1,1,2,18,4,2,0,0,0,1,1_1,2_9
2,1,2,21,5,3,0,0,0,0,0_0,2_9
1,1,2,56,9,2,0,0,0,0,0_0,3_7
2,2,2,37,7,2,0,0,0,0,0_0,1_10
2,1,1,20,4,2,0,0,0,0,0_0,1_10
3,2,1,22,5,3,0,0,0,0,0_0,2_5
1,1,1,42,7,3,0,0,0,1,1_1,1_2
3,2,1,30,6,3,0,0,0,0,0_0,-1_-1
2,1,1,71,10,3,0,0,0,0,0_0,1_5
3,1,2,46,8,3,0,0,0,0,0_0,1_10
2,1,1,39,7,2,0,0,0,0,0_0,1_3
1,1,2,51,8,3,0,0,0,1,9_8,3_7
1,1,2,27,6,2,0,0,0,0,0_0,1_5
1,1,2,51,8,3,0,0,0,0,0_0,1_9
1,1,2,14,3,3,0,0,0,1,5_4,2_7
1,1,2,31,6,2,0,0,0,0,0_0,3_8
1,1,1,13,3,2,0,0,0,0,0_0,1_3
2,1,2,72,10,3,0,0,0,0,0_0,2_7
1,1,2,76,11,2,0,0,0,1,6_9,1_6
1,1,1,43,7,2,0,0,0,0,0_0,2_4
2,2,1,26,6,2,0,0,0,0,0_0,1_3
1,1,1,42,7,3,0,0,0,0,0_0,3_7
1,1,1,62,9,3,0,0,0,0,0_0,1_8
1,1,1,58,9,3,0,0,0,0,0_0,3_9
2,2,2,41,7,3,0,0,0,0,0_0,1_8
2,2,1,50,8,3,0,0,0,0,0_0,1_4
1,1,2,64,9,2,0,0,0,1,7_3,1_3
1,1,2,48,8,1,0,0,0,0,0_0,1_7
1,2,1,23,5,3,0,0,0,0,0_0,1_10
2,2,1,75,10,2,0,0,0,0,0_0,1_10
2,1,2,50,8,3,0,0,0,0,0_0,1_7
2,1,1,72,10,2,0,0,0,0,0_0,1_10
3,2,1,69,10,2,0,0,0,0,0_0,2_10
1,1,1,12,3,3,0,0,0,0,0_0,-1_-1
2,1,2,15,3,2,0,0,0,0,0_0,1_4
1,1,1,86,11,3,0,0,0,1,10_9,1_5
2,2,1,59,9,3,0,0,0,0,0_0,1_5
2,1,2,52,8,2,0,0,0,0,0_0,3_4
1,1,1,74,10,3,0,0,0,0,0_0,2_10
2,2,2,44,7,3,0,0,0,0,0_0,1_8
2,1,2,50,8,3,0,0,0,0,0_0,3_8
2,1,1,26,6,2,0,0,0,0,0_0,1_3
1,1,1,12,3,3,0,0,0,1,5_2,1_2
1,1,2,52,8,3,0,0,0,1,6_9,1_5
1,1,1,60,9,2,0,0,0,1,5_1,1_4
1,1,1,26,6,2,0,0,0,0,0_0,1_2
1,1,2,51,8,1,0,0,0,0,0_0,1_1
1,1,1,74,10,3,0,0,0,0,0_0,2_6
2,2,1,72,10,2,0,0,0,0,0_0,1_1
1,1,1,11,3,2,0,0,0,1,4_3,1_2
1,1,2,51,8,3,0,0,0,1,5_9,1_5
2,2,1,50,8,3,0,0,0,0,0_0,1_2
1,1,2,7,2,3,0,0,0,1,5_1,1_7
3,2,2,37,7,3,0,0,0,0,0_0,2_10
2,2,1,55,8,3,0,0,0,0,0_0,2_3
2,1,2,67,10,2,0,0,0,0,0_0,2_9
2,1,1,63,9,3,0,0,0,0,0_0,1_3
2,1,2,70,10,2,0,0,0,0,0_0,1_5
2,1,1,42,7,2,0,0,0,0,0_0,1_3
1,1,1,58,9,2,0,0,0,0,0_0,1_10
1,1,1,42,7,3,0,0,0,0,0_0,1_6
2,2,2,60,9,3,0,0,0,0,0_0,1_8
2,1,2,12,3,3,0,0,0,0,0_0,1_5
1,1,1,41,7,2,0,0,0,0,0_0,1_1
3,2,1,67,10,3,0,0,0,0,0_0,3_5
1,1,1,42,7,2,0,0,0,0,0_0,1_2
2,2,2,29,6,3,0,0,0,0,0_0,1_8
2,1,1,57,9,3,0,0,0,0,0_0,3_3
2,1,2,58,9,3,0,0,0,0,0_0,1_8
1,1,1,18,4,1,0,0,0,0,0_0,3_10
1,1,1,44,7,3,0,0,0,1,1_1,1_7
3,2,2,22,5,3,0,0,0,0,0_0,1_6
1,1,1,37,7,2,0,0,0,0,0_0,1_8
1,1,1,25,5,2,0,0,0,0,0_0,1_10
1,1,2,57,9,3,0,0,0,1,9_8,3_7
2,1,1,54,8,2,0,0,0,0,0_0,1_6
1,1,1,44,7,3,0,0,0,1,5_1,1_10
1,2,2,52,8,3,0,0,0,1,5_1,1_10
1,1,1,11,3,3,0,0,0,1,1_1,1_10
1,1,1,85,11,3,0,0,0,1,5_1,1_10
1,1,1,49,8,3,0,0,0,0,0_0,1_10
2,2,2,21,5,2,0,0,0,0,0_0,1_2
1,1,1,53,8,2,0,0,0,0,0_0,1_10
1,1,2,17,4,3,0,0,0,0,0_0,3_10
1,1,2,50,8,3,0,0,0,0,0_0,3_8
1,2,1,85,11,2,0,0,0,0,0_0,1_10
2,2,1,19,4,3,0,0,0,0,0_0,1_8
1,1,2,48,8,3,0,0,0,1,8_1,1_10
2,1,1,75,10,3,0,0,0,0,0_0,3_6
2,1,2,42,7,3,0,0,0,0,0_0,2_9
1,1,1,39,7,3,0,0,0,0,0_0,3_9
1,1,2,42,7,3,0,0,0,1,5_9,3_10
1,1,2,51,8,3,0,0,0,1,5_9,2_10
1,1,2,29,6,3,0,0,0,0,0_0,1_5
2,1,2,47,8,3,0,0,0,0,0_0,3_5
3,3,2,23,5,3,0,0,0,0,0_0,1_10
1,1,2,60,9,3,0,0,0,1,6_9,1_4
2,2,1,30,6,2,0,0,0,0,0_0,1_9
1,1,1,48,8,1,0,0,0,1,9_9,1_5
1,1,2,19,4,3,0,0,0,0,0_0,3_6
2,2,1,34,6,3,0,0,0,0,0_0,1_2
3,3,1,54,8,3,0,0,0,0,0_0,1_2
1,1,1,18,4,1,0,0,0,0,0_0,3_4
1,1,1,63,9,3,0,0,0,0,0_0,1_6
1,1,1,41,7,3,0,0,0,0,0_0,2_3
2,2,1,29,6,3,0,0,0,0,0_0,2_9
1,1,2,11,3,3,0,0,0,1,5_9,3_7
1,1,1,40,7,3,0,0,0,0,0_0,3_7
2,2,1,47,8,3,0,0,0,0,0_0,1_6
2,2,1,55,8,3,0,0,0,0,0_0,1_8
1,1,1,28,6,3,0,0,0,1,5_2,1_7
1,1,1,82,11,3,0,0,0,0,0_0,3_9
1,1,1,72,10,2,0,0,0,0,0_0,1_1
1,1,2,30,6,3,0,0,0,1,5_9,1_9
1,1,2,83,11,2,0,0,0,1,5_1,1_6
2,1,1,79,11,3,0,0,0,0,0_0,2_8
1,1,2,20,4,2,0,0,0,1,5_3,3_9
1,1,2,73,10,1,0,0,0,1,5_1,1_7
2,1,1,31,6,3,0,0,0,0,0_0,3_-1
2,1,1,77,11,2,0,0,0,0,0_0,1_8
1,1,2,33,6,3,0,0,0,0,0_0,3_8
1,1,2,75,10,2,0,0,0,1,5_1,1_8
1,1,2,58,9,2,0,0,0,1,6_9,1_6
1,1,1,51,8,3,0,0,0,0,0_0,1_7
2,2,2,57,9,2,0,0,0,0,0_0,1_4
2,1,1,35,6,2,0,0,0,0,0_0,3_9
1,1,2,20,4,3,0,0,0,1,5_3,1_7
1,1,2,47,8,3,0,0,0,1,9_6,-1_-1
2,1,1,60,9,3,0,0,0,0,0_0,1_5
1,1,2,12,3,3,0,0,0,1,6_7,1_7
1,1,2,27,6,3,0,0,0,1,9_8,3_5
2,2,1,75,10,3,0,0,0,0,0_0,1_2
1,1,2,38,7,3,0,0,0,0,0_0,3_-1
1,1,2,3,1,3,0,0,0,1,5_4,1_1
1,1,1,19,4,2,0,0,0,0,0_0,1_10
1,1,1,12,3,3,0,0,0,1,5_3,1_3
2,2,2,37,7,3,0,0,0,0,0_0,1_2
1,1,2,42,7,3,0,0,0,0,0_0,1_1
2,2,2,32,6,3,0,0,0,0,0_0,1_1
1,1,1,26,6,1,0,0,0,0,0_0,1_2
1,1,1,15,3,2,0,0,0,1,6_9,1_5
1,2,1,9,2,3,0,0,0,1,6_9,1_1
2,1,1,48,8,3,0,0,0,0,0_0,2_5
1,2,1,35,6,3,0,0,0,1,0_0,1_6
1,3,1,44,7,2,0,0,0,1,0_0,1_10
1,2,2,31,6,3,0,0,0,1,1_9,1_2
2,1,2,31,6,3,0,0,0,0,0_0,2_4
1,1,2,43,7,3,0,0,0,0,0_0,2_4
2,1,1,17,4,3,0,0,0,1,0_0,1_2
2,2,1,71,10,3,0,0,0,0,0_0,-1_-1
2,2,1,30,6,3,0,0,0,0,0_0,1_10
2,2,1,44,7,3,0,0,0,0,0_0,1_9
2,3,2,43,7,3,0,0,0,1,0_0,-1_-1
3,1,2,49,8,1,0,0,0,0,0_0,1_10
1,1,1,57,9,3,0,0,0,0,0_0,3_5
2,2,2,42,7,3,0,0,0,1,0_0,1_4
2,1,1,53,8,2,0,0,0,0,0_0,1_8
3,1,1,34,6,2,0,0,0,0,0_0,1_4
1,1,1,17,4,3,0,0,0,1,9_5,2_9
2,2,1,42,7,3,0,0,0,0,0_0,-1_-1
2,2,1,33,6,3,0,0,0,0,0_0,-1_-1
1,1,1,72,10,3,0,0,0,1,10_9,1_4
3,1,1,33,6,3,0,0,0,0,0_0,1_3
1,1,1,76,11,3,0,0,0,0,0_0,1_2
1,3,1,31,6,3,0,0,0,1,6_9,1_3
1,1,2,30,6,3,0,0,0,1,5_1,-1_-1
3,1,1,39,7,3,0,0,0,0,0_0,1_4
1,1,1,61,9,2,0,0,0,1,5_9,1_1
1,1,2,42,7,3,0,0,0,0,0_0,2_4
1,1,1,14,3,3,0,0,0,1,5_9,1_1
1,1,2,60,9,3,0,0,0,1,1_1,1_7
1,1,2,33,6,3,0,0,0,0,0_0,3_9
3,1,2,87,11,3,0,0,0,0,0_0,-1_-1
1,1,2,42,7,3,0,0,0,1,5_1,1_9
1,2,2,71,10,3,0,0,0,1,5_1,1_9
1,1,1,39,7,3,0,0,0,1,5_1,2_3
1,1,1,77,11,3,0,0,0,0,0_0,3_9
1,1,1,17,4,3,0,0,0,1,6_9,-1_-1
1,1,2,81,11,3,0,0,0,1,5_1,1_8
2,1,1,31,6,3,0,0,0,0,0_0,2_2
1,2,1,27,6,3,0,0,0,1,5_9,1_5
1,1,1,14,3,2,0,0,0,1,1_3,1_2
1,1,2,7,2,3,0,0,0,1,5_9,1_1
2,1,1,71,10,2,0,0,0,0,0_0,-1_-1
1,1,2,35,6,3,0,0,0,1,5_9,1_5
2,3,2,35,6,3,0,0,0,0,0_0,1_5
1,3,2,31,6,3,0,0,0,0,0_0,2_10
2,1,2,41,7,2,0,0,0,0,0_0,2_7
1,1,1,30,6,1,0,0,0,0,0_0,1_3
1,1,2,23,5,3,0,0,0,0,0_0,1_9
2,1,1,28,6,3,0,0,0,0,0_0,2_8
1,1,2,53,8,2,0,0,0,0,0_0,3_5
1,1,1,52,8,1,0,0,0,0,0_0,3_9
1,1,1,20,4,3,0,0,0,0,0_0,2_6
1,1,1,8,2,2,0,0,0,1,5_1,3_8
1,1,1,44,7,3,0,0,0,0,0_0,2_5
2,2,1,37,7,3,0,0,0,0,0_0,3_-1
2,2,1,34,6,3,0,0,0,0,0_0,2_9
1,1,2,23,5,3,0,0,0,1,1_3,1_10
1,2,2,41,7,3,0,0,0,0,0_0,1_1
3,1,1,43,7,3,0,0,0,0,0_0,1_7
1,1,1,6,2,3,0,0,0,0,0_0,1_2
2,2,1,28,6,3,0,0,0,0,0_0,1_5
1,1,2,12,3,3,0,0,0,1,1_1,2_4
2,1,1,63,9,3,0,0,0,1,0_0,1_2
2,2,1,57,9,3,0,0,0,1,0_0,1_2
2,3,1,50,8,3,0,0,0,0,0_0,1_2
1,1,1,37,7,2,0,0,0,0,0_0,2_1
2,1,1,40,7,3,0,0,0,0,0_0,1_8
1,1,1,87,11,3,0,0,0,1,1_1,-1_-1
2,1,1,23,5,3,0,0,0,0,0_0,1_9
1,1,1,53,8,2,0,0,0,0,0_0,-1_-1
2,1,1,25,5,3,0,0,0,0,0_0,3_10
1,1,1,14,3,3,0,0,0,1,5_4,-1_-1
1,1,1,7,2,3,0,0,0,1,5_4,1_2
2,1,2,18,4,2,0,0,0,0,0_0,1_4
2,2,1,35,6,3,0,0,0,0,0_0,3_6
1,1,2,78,11,3,0,0,0,0,0_0,1_4
1,1,1,21,5,2,0,0,0,0,0_0,1_9
2,2,2,52,8,3,0,0,0,0,0_0,1_2
2,2,1,27,6,3,0,0,0,0,0_0,1_4
1,1,1,46,8,2,0,0,0,0,0_0,-1_-1
1,1,2,19,4,2,0,0,0,0,0_0,3_10
1,1,1,21,5,2,0,0,0,1,5_1,1_8
1,2,2,21,5,2,0,0,0,1,8_3,1_2
1,1,2,14,3,3,0,0,0,1,10_3,-1_-1
1,1,2,11,3,3,0,0,0,1,1_4,1_1
1,1,1,31,6,3,0,0,0,1,1_1,-1_-1
1,1,2,41,7,2,0,0,0,0,0_0,-1_-1
1,2,1,41,7,2,0,0,0,0,0_0,1_3
2,1,1,63,9,3,0,0,0,0,0_0,1_6
2,1,2,61,9,3,0,0,0,0,0_0,-1_-1
1,1,2,44,7,3,0,0,0,0,0_0,-1_-1
2,1,1,54,8,3,0,0,0,0,0_0,2_7
1,1,2,31,6,3,0,0,0,0,0_0,-1_-1
1,1,2,28,6,3,0,0,0,0,0_0,2_6
1,2,2,43,7,2,0,0,0,0,0_0,-1_-1
3,1,1,22,5,2,0,0,0,0,0_0,-1_-1
2,1,2,67,10,3,0,0,0,0,0_0,3_3
2,2,2,32,6,3,0,0,0,1,0_0,1_3
2,1,2,14,3,3,0,0,0,0,0_0,-1_-1
1,1,2,14,3,3,0,0,0,1,8_9,1_6
2,1,2,26,6,3,0,0,0,0,0_0,3_5
1,1,2,80,11,3,0,0,0,0,0_0,3_8
2,1,1,61,9,3,0,0,0,0,0_0,3_6
2,1,1,26,6,3,0,0,0,0,0_0,3_7
1,1,2,12,3,2,0,0,0,1,5_3,1_2
2,1,2,51,8,3,0,0,0,0,0_0,1_8
1,1,2,72,10,3,0,0,0,0,0_0,3_7
2,2,2,22,5,3,0,0,0,0,0_0,3_5
3,1,1,29,6,3,0,0,0,0,0_0,1_3
2,1,1,72,10,3,0,0,0,0,0_0,1_7
2,1,1,29,6,2,0,0,0,0,0_0,3_8
2,1,2,23,5,3,0,0,0,0,0_0,3_-1
2,1,2,56,9,3,0,0,0,0,0_0,3_7
1,1,1,37,7,2,0,0,0,0,0_0,2_5
1,1,2,17,4,2,0,0,0,0,0_0,2_10
1,2,1,71,10,3,0,0,0,0,0_0,1_1
2,3,1,55,8,3,0,0,0,0,0_0,2_9
3,1,1,24,5,3,0,0,0,0,0_0,2_10
2,1,1,3,1,3,0,0,0,0,0_0,1_5
1,1,1,86,11,2,0,0,0,1,10_1,3_8
1,1,2,20,4,3,0,0,0,0,0_0,2_9
2,2,1,28,6,3,0,0,0,0,0_0,3_4
3,3,1,36,7,3,0,0,0,0,0_0,-1_-1
1,1,1,36,7,3,0,0,0,0,0_0,2_6
2,2,1,18,4,2,0,0,0,0,0_0,1_9
1,2,1,84,11,3,0,0,0,0,0_0,1_4
1,1,2,21,5,3,0,0,0,1,5_7,-1_-1
1,1,2,23,5,3,0,0,0,1,6_9,1_7
1,2,1,21,5,3,0,0,0,1,6_9,1_8
1,3,1,23,5,3,0,0,0,1,6_9,1_2
1,1,1,90,11,3,0,0,0,0,0_0,2_9
2,2,1,42,7,3,0,0,0,0,0_0,2_8
3,1,1,61,9,3,0,0,0,0,0_0,1_4
1,1,2,44,7,3,0,0,0,1,6_9,1_5
2,1,1,62,9,2,0,0,0,0,0_0,1_2
2,1,2,59,9,3,0,0,0,0,0_0,3_6
1,1,1,40,7,3,0,0,0,1,1_3,1_2
2,1,2,21,5,2,0,0,0,0,0_0,1_5
1,1,2,20,4,2,0,0,0,0,0_0,1_1
1,1,1,26,6,2,0,0,0,1,9_8,1_10
1,1,2,79,11,3,0,0,0,0,0_0,1_9
3,2,2,27,6,3,0,0,0,0,0_0,1_-1
1,1,1,63,9,2,0,0,0,0,0_0,1_10
2,1,2,64,9,3,0,0,0,0,0_0,1_9
1,1,2,16,4,3,0,0,0,0,0_0,1_8
1,1,1,12,3,3,0,0,0,1,8_1,1_9
1,1,1,58,9,2,0,0,0,0,0_0,1_7
1,1,1,63,9,3,0,0,0,0,0_0,3_8
1,1,1,19,4,3,0,0,0,1,1_3,1_4
2,1,2,11,3,3,0,0,0,0,0_0,2_10
1,2,1,27,6,2,0,0,0,0,0_0,1_7
3,2,2,48,8,3,0,0,0,0,0_0,3_7
1,1,1,34,6,3,0,0,0,0,0_0,3_4
2,2,1,58,9,2,0,0,0,0,0_0,1_9
1,2,2,48,8,3,0,0,0,0,0_0,2_10
1,1,1,19,4,3,0,0,0,1,0_0,1_7
1,1,1,9,2,3,0,0,0,1,4_1,1_2
2,1,2,46,8,3,0,0,0,0,0_0,1_8
2,1,2,59,9,3,0,0,0,0,0_0,2_10
2,2,2,24,5,1,0,0,0,0,0_0,-1_-1
2,2,1,41,7,2,0,0,0,0,0_0,1_1
1,1,2,24,5,2,0,0,0,0,0_0,1_2
2,1,1,53,8,3,0,0,0,0,0_0,3_7
1,1,1,80,11,3,0,0,0,1,6_9,1_6
2,1,2,36,7,3,0,0,0,0,0_0,3_4
2,1,2,31,6,2,0,0,0,0,0_0,1_8
2,1,1,79,11,3,0,0,0,0,0_0,3_9
2,2,2,38,7,3,0,0,0,0,0_0,1_6
2,1,2,55,8,3,0,0,0,0,0_0,3_9
1,1,2,67,10,3,0,0,0,1,6_9,1_3
2,1,1,33,6,3,0,0,0,0,0_0,3_5
1,1,1,45,7,1,0,0,0,0,0_0,1_1
1,3,1,38,7,3,0,0,0,1,0_0,1_4
2,2,1,49,8,3,0,0,0,0,0_0,1_2
1,1,1,35,6,3,0,0,0,1,10_9,1_5
1,1,2,81,11,3,0,0,0,0,0_0,3_7
2,2,1,79,11,3,0,0,0,0,0_0,1_1
2,1,2,24,5,3,0,0,0,0,0_0,1_6
1,1,2,9,2,2,0,0,0,1,9_9,1_5
1,1,1,26,6,3,0,0,0,0,0_0,3_7
1,1,2,17,4,2,0,0,0,1,5_9,2_3
1,1,2,30,6,3,0,0,0,0,0_0,2_9
3,1,1,62,9,3,0,0,0,0,0_0,3_5
2,1,2,47,8,3,0,0,0,0,0_0,3_-1
1,1,2,10,2,3,0,0,0,1,5_3,1_4
1,1,2,92,11,3,0,0,0,0,0_0,1_10
1,1,2,17,4,3,0,0,0,1,0_0,1_1
1,2,2,14,3,3,0,0,0,1,0_0,1_1
1,1,2,35,6,3,0,0,0,1,6_6,1_5
2,2,2,45,7,3,0,0,0,0,0_0,1_6
2,1,1,28,6,3,0,0,0,0,0_0,3_8
2,1,2,68,10,3,0,0,0,0,0_0,1_6
3,3,1,33,6,3,0,0,0,0,0_0,1_6
1,2,1,33,6,3,0,0,0,0,0_0,1_3
2,1,1,59,9,3,0,0,0,0,0_0,3_4
1,1,1,38,7,3,0,0,0,1,8_7,-1_-1
2,2,1,41,7,3,0,0,0,0,0_0,1_6
2,1,1,68,10,3,0,0,0,0,0_0,1_10
1,1,1,47,8,3,0,0,0,1,9_5,1_9
1,1,1,67,10,3,0,0,0,0,0_0,1_9
2,2,2,21,5,3,0,0,0,0,0_0,1_10
2,1,1,50,8,3,0,0,0,0,0_0,3_8
1,1,2,83,11,3,0,0,0,0,0_0,1_10
1,1,2,34,6,2,0,0,0,1,2_1,1_6
1,1,1,29,6,3,0,0,0,1,10_9,1_5
2,2,1,26,6,3,0,0,0,0,0_0,1_7
2,1,1,16,4,3,0,0,0,0,0_0,1_10
2,1,1,20,4,1,0,0,0,0,0_0,3_9
1,1,1,41,7,2,0,0,0,0,0_0,1_5
2,1,1,37,7,2,0,0,0,0,0_0,1_8
1,1,2,61,9,3,0,0,0,0,0_0,2_10
1,3,1,20,4,3,0,0,0,0,0_0,1_8
1,1,1,62,9,2,0,0,0,0,0_0,1_10
2,2,1,40,7,3,0,0,0,0,0_0,1_10
1,1,1,34,6,2,0,0,0,0,0_0,3_8
2,2,1,4,1,3,0,0,0,1,0_0,-1_-1
1,1,2,54,8,2,0,0,0,0,0_0,1_10
2,1,1,54,8,3,0,0,0,0,0_0,2_9
2,1,2,22,5,3,0,0,0,0,0_0,1_10
1,1,1,77,11,3,0,0,0,0,0_0,-1_-1
2,1,1,30,6,3,0,0,0,0,0_0,2_8
1,1,1,53,8,3,0,0,0,1,5_2,1_7
2,1,1,44,7,3,0,0,0,0,0_0,2_10
1,1,2,15,3,3,0,0,0,0,0_0,1_3
2,1,2,22,5,3,0,0,0,0,0_0,1_3
2,1,2,14,3,3,0,0,0,0,0_0,2_9
1,1,2,11,3,2,0,0,0,1,10_9,1_2
2,1,2,17,4,2,0,0,0,0,0_0,3_8
2,1,1,64,9,3,0,0,0,0,0_0,2_9
2,1,1,35,6,2,0,0,0,0,0_0,1_5
2,1,1,66,10,3,0,0,0,0,0_0,2_7
2,1,1,47,8,3,0,0,0,0,0_0,2_10
1,1,2,86,11,3,0,0,0,1,5_4,1_7
1,1,2,27,6,2,0,0,0,0,0_0,2_10
2,1,2,27,6,3,0,0,0,0,0_0,2_9
2,1,2,13,3,3,0,0,0,0,0_0,1_1
2,2,1,23,5,2,0,0,0,0,0_0,-1_-1
2,1,2,63,9,3,0,0,0,0,0_0,2_10
2,1,2,65,9,3,0,0,0,0,0_0,1_4
1,1,2,77,11,3,0,0,0,0,0_0,2_10
1,1,2,5,1,2,0,0,0,1,5_3,1_2
3,1,2,37,7,2,0,0,0,0,0_0,1_5
1,1,1,54,8,3,0,0,0,0,0_0,1_5
1,1,2,45,7,2,0,0,0,1,10_9,1_8
2,2,2,27,6,3,0,0,0,0,0_0,1_4
1,1,2,8,2,2,0,0,0,0,0_0,1_10
2,2,2,61,9,2,0,0,0,0,0_0,1_9
1,1,1,31,6,3,0,0,0,0,0_0,2_7
1,1,1,71,10,3,0,0,0,0,0_0,3_10
1,1,1,50,8,3,0,0,0,1,6_9,2_9
1,1,1,29,6,1,0,0,0,1,9_8,1_2
1,1,1,88,11,2,0,0,0,0,0_0,2_9
2,2,2,19,4,3,0,0,0,0,0_0,2_9
2,1,1,20,4,3,0,0,0,0,0_0,3_8
1,1,1,6,2,2,0,0,0,1,5_3,1_2
1,1,2,90,11,3,0,0,0,0,0_0,1_8
1,1,1,55,8,3,0,0,0,0,0_0,1_10
2,2,1,71,10,3,0,0,0,0,0_0,3_8
1,1,2,56,9,2,0,0,0,0,0_0,1_4
1,1,2,67,10,3,0,0,0,0,0_0,1_5
2,1,2,21,5,2,0,0,0,0,0_0,2_8
1,1,1,44,7,1,0,0,0,1,9_7,-1_-1
3,1,1,57,9,3,0,0,0,0,0_0,3_6
1,1,1,58,9,2,0,0,0,1,5_3,1_2
3,2,1,52,8,3,0,0,0,0,0_0,2_7
2,1,2,17,4,3,0,0,0,0,0_0,-1_-1
1,2,2,32,6,3,0,0,0,0,0_0,1_10
2,1,1,61,9,2,0,0,0,0,0_0,1_4
1,1,1,73,10,2,0,0,0,1,10_1,1_3
1,1,1,50,8,2,0,0,0,1,9_9,1_6
2,2,1,27,6,3,0,0,0,0,0_0,1_10
1,1,2,45,7,3,0,0,0,0,0_0,2_6
2,2,2,28,6,3,0,0,0,0,0_0,1_1
1,1,1,53,8,2,0,0,0,1,6_9,1_4
1,1,2,14,3,3,0,0,0,0,0_0,1_6
1,1,1,42,7,3,0,0,0,1,4_3,1_3
1,2,1,26,6,3,0,0,0,1,0_0,3_7
1,1,2,53,8,3,0,0,0,0,0_0,1_9
1,1,2,13,3,3,0,0,0,1,1_1,1_5
1,1,2,13,3,3,0,0,0,1,1_3,1_2
1,1,1,4,1,3,0,0,0,1,5_1,2_9
1,1,2,30,6,3,0,0,0,1,5_3,1_7
1,1,2,50,8,3,0,0,0,1,1_3,1_3
1,1,1,20,4,2,0,0,0,1,1_1,-1_-1
2,2,2,57,9,3,0,0,0,0,0_0,-1_-1
2,1,2,37,7,2,0,0,0,0,0_0,-1_-1
2,1,2,28,6,2,0,0,0,0,0_0,1_8
1,1,1,22,5,3,0,0,0,1,5_1,1_2
2,1,1,60,9,2,0,0,0,0,0_0,-1_-1
1,1,1,61,9,3,0,0,0,0,0_0,3_8
1,1,2,66,10,2,0,0,0,1,5_2,1_3
1,1,1,17,4,2,0,0,0,0,0_0,1_6
1,1,1,45,7,3,0,0,0,0,0_0,2_2
2,1,2,38,7,2,0,0,0,0,0_0,1_7
1,1,2,76,11,2,0,0,0,0,0_0,3_10
1,1,1,15,3,3,0,0,0,1,0_0,1_1
1,2,1,15,3,2,0,0,0,1,0_0,1_2
1,3,1,16,4,3,0,0,0,0,0_0,1_1
1,1,1,48,8,2,0,0,0,1,2_1,1_6
2,1,2,19,4,3,0,0,0,0,0_0,3_9
1,1,2,35,6,3,0,0,0,0,0_0,3_7
3,1,1,60,9,1,0,0,0,0,0_0,1_6
2,2,2,36,7,2,0,0,0,0,0_0,1_6
1,1,2,31,6,2,0,0,0,0,0_0,1_3
3,1,1,59,9,2,0,0,0,0,0_0,1_6
3,1,2,56,9,3,0,0,0,0,0_0,1_5
2,2,1,60,9,2,0,0,0,0,0_0,1_4
1,2,1,17,4,3,0,0,0,0,0_0,1_5
1,1,2,85,11,3,0,0,0,0,0_0,1_10
1,1,2,5,1,3,0,0,0,1,6_9,1_7
2,2,2,40,7,2,0,0,0,0,0_0,2_6
1,1,2,54,8,3,0,0,0,0,0_0,1_9
2,2,1,18,4,3,0,0,0,0,0_0,2_6
3,3,1,40,7,3,0,0,0,0,0_0,1_1
1,1,1,35,6,2,0,0,0,0,0_0,1_4
1,1,2,74,10,2,0,0,0,1,5_1,1_10
2,1,2,61,9,3,0,0,0,0,0_0,1_7
3,1,1,29,6,3,0,0,0,0,0_0,1_2
1,1,1,72,10,3,0,0,0,1,9_8,1_5
3,1,2,21,5,3,0,0,0,0,0_0,1_5
1,1,2,71,10,3,0,0,0,0,0_0,2_7
2,1,2,21,5,3,0,0,0,0,0_0,2_7
1,1,2,21,5,2,0,0,0,0,0_0,3_10
1,1,2,6,2,3,0,0,0,1,5_3,2_9
1,1,2,20,4,3,0,0,0,0,0_0,1_10
2,1,2,65,9,3,0,0,0,0,0_0,1_9
2,1,1,61,9,3,0,0,0,0,0_0,1_6
1,1,2,61,9,3,0,0,0,1,10_9,1_5
1,3,1,39,7,3,0,0,0,0,0_0,1_9
1,1,2,21,5,3,0,0,0,1,10_9,1_-1
1,1,1,25,5,1,0,0,0,0,0_0,1_5
2,1,2,20,4,3,0,0,0,0,0_0,1_9
1,1,2,29,6,2,0,0,0,0,0_0,2_5
2,2,2,22,5,3,0,0,0,0,0_0,1_4
1,1,1,51,8,1,0,0,0,0,0_0,1_-1
1,1,2,43,7,3,0,0,0,0,0_0,1_6
2,3,2,84,11,3,0,0,0,0,0_0,1_10
1,1,2,31,6,3,0,0,0,0,0_0,1_9
2,2,2,56,9,3,0,0,0,0,0_0,1_3
2,2,1,43,7,3,0,0,0,0,0_0,1_10
1,1,2,28,6,2,0,0,0,0,0_0,3_10
2,2,2,22,5,2,0,0,0,0,0_0,1_10
1,1,2,12,3,2,0,0,0,1,8_1,1_8
1,1,2,23,5,3,0,0,0,0,0_0,2_5
1,1,1,39,7,2,0,0,0,1,6_9,1_7
3,1,1,35,6,3,0,0,0,0,0_0,1_6
2,2,2,36,7,3,0,0,0,0,0_0,1_6
2,1,1,45,7,2,0,0,0,0,0_0,-1_-1
1,1,1,65,9,3,0,0,0,1,9_9,3_7
2,1,1,50,8,2,0,0,0,0,0_0,1_10
2,2,2,20,4,3,0,0,0,0,0_0,1_5
1,1,2,4,1,3,0,0,0,1,5_1,1_6
1,1,2,12,3,3,0,0,0,1,5_3,3_10
1,1,2,43,7,3,0,0,0,0,0_0,1_10
2,2,1,51,8,3,0,0,0,0,0_0,1_10
1,1,1,17,4,3,0,0,0,1,5_3,1_4
2,2,1,77,11,3,0,0,0,0,0_0,2_8
1,1,2,23,5,3,0,0,0,1,10_9,1_8
2,1,2,51,8,2,0,0,0,0,0_0,1_8
1,1,2,37,7,3,0,0,0,0,0_0,3_-1
2,2,2,65,9,2,0,0,0,0,0_0,3_6
1,1,2,62,9,3,0,0,0,0,0_0,3_9
2,2,1,62,9,3,0,0,0,0,0_0,1_5
2,1,2,24,5,3,0,0,0,0,0_0,1_7
2,1,2,19,4,3,0,0,0,0,0_0,3_8
1,1,1,50,8,3,0,0,0,0,0_0,3_6
1,1,1,33,6,3,0,0,0,0,0_0,2_9
1,1,1,31,6,3,0,0,0,1,6_8,3_8
1,1,1,50,8,2,0,0,0,0,0_0,3_9
3,2,1,25,5,2,0,0,0,0,0_0,1_1
1,1,2,65,9,2,0,0,0,0,0_0,1_10
2,1,2,48,8,3,0,0,0,0,0_0,1_9
1,1,2,44,7,3,0,0,0,0,0_0,3_7
2,2,1,66,10,3,0,0,0,0,0_0,2_10
1,1,2,54,8,2,0,0,0,0,0_0,3_10
1,2,1,12,3,2,0,0,0,1,0_0,1_4
2,1,1,30,6,2,0,0,0,0,0_0,1_5
2,2,2,58,9,2,0,0,0,0,0_0,1_9
1,2,2,25,5,3,0,0,0,1,0_0,3_8
1,1,1,21,5,2,0,0,0,0,0_0,2_7
1,2,2,29,6,2,0,0,0,1,0_0,2_10
2,1,1,61,9,2,0,0,0,0,0_0,1_10
1,1,2,10,2,2,0,0,0,1,5_4,1_1
1,1,2,44,7,3,0,0,0,0,0_0,1_9
2,2,2,20,4,3,0,0,0,0,0_0,1_10
1,1,2,64,9,3,0,0,0,1,5_3,-1_-1
2,1,1,35,6,3,0,0,0,0,0_0,1_-1
1,1,2,11,3,2,0,0,0,1,1_1,1_2
1,1,1,77,11,3,0,0,0,1,10_9,1_1
1,1,1,35,6,3,0,0,0,1,10_8,1_4
1,2,2,59,9,3,0,0,0,1,10_9,3_9
3,1,1,34,6,3,0,0,0,0,0_0,1_4
2,2,2,19,4,3,0,0,0,0,0_0,2_1
2,1,1,42,7,3,0,0,0,0,0_0,3_5
1,1,2,84,11,2,0,0,0,1,5_3,1_2
2,2,1,59,9,3,0,0,0,0,0_0,1_1
3,3,1,35,6,3,0,0,0,0,0_0,1_6
2,2,1,72,10,3,0,0,0,0,0_0,2_7
2,1,2,28,6,3,0,0,0,0,0_0,3_5
2,2,1,54,8,3,0,0,0,0,0_0,2_9
2,1,1,41,7,2,0,0,0,0,0_0,-1_-1
2,1,1,78,11,3,0,0,0,0,0_0,1_4
1,1,2,53,8,3,0,0,0,0,0_0,1_10
1,1,2,38,7,2,0,0,0,1,10_9,2_9
2,3,2,51,8,3,0,0,0,0,0_0,1_4
2,1,2,62,9,3,0,0,0,0,0_0,3_10
1,1,2,91,11,3,0,0,0,1,4_9,1_3
1,1,1,26,6,3,0,0,0,1,5_9,1_10
2,2,2,32,6,3,0,0,0,0,0_0,1_9
2,1,1,20,4,2,0,0,0,0,0_0,1_7
2,1,1,39,7,2,0,0,0,0,0_0,1_10
2,3,1,87,11,3,0,0,0,0,0_0,1_5
2,1,2,14,3,3,0,0,0,0,0_0,1_5
1,1,1,24,5,3,0,0,0,1,8_4,-1_-1
1,1,1,5,1,2,0,0,0,1,5_1,1_9
2,3,2,21,5,3,0,0,0,0,0_0,1_9
1,1,2,16,4,3,0,0,0,1,1_1,3_3
2,2,2,61,9,2,0,0,0,0,0_0,3_10
1,1,2,63,9,1,0,0,0,1,1_1,1_2
2,2,1,56,9,2,0,0,0,0,0_0,1_5
2,2,2,4,1,2,0,0,0,0,0_0,1_1
1,1,1,22,5,3,0,0,0,0,0_0,2_10
1,1,1,35,6,3,0,0,0,1,8_5,2_2
1,1,2,17,4,2,0,0,0,0,0_0,1_4
1,1,2,77,11,3,0,0,0,1,9_5,3_5
1,1,1,74,10,3,0,0,0,0,0_0,3_7
2,2,2,31,6,3,0,0,0,0,0_0,1_2
2,2,2,32,6,3,0,0,0,0,0_0,3_7
1,3,1,31,6,3,0,0,0,0,0_0,2_3
2,1,2,25,5,3,0,0,0,0,0_0,3_4
1,1,1,42,7,3,0,0,0,0,0_0,3_4
2,2,1,45,7,3,0,0,0,0,0_0,3_5
1,1,2,65,9,3,0,0,0,1,9_5,2_4
2,2,1,60,9,3,0,0,0,0,0_0,3_7
3,1,2,80,11,2,0,0,0,0,0_0,3_6
2,1,2,33,6,3,0,0,0,0,0_0,2_3
1,1,2,44,7,2,0,0,0,0,0_0,3_5
1,1,2,74,10,3,0,0,0,0,0_0,3_5
2,2,1,62,9,3,0,0,0,0,0_0,3_7
3,1,2,27,6,2,0,0,0,0,0_0,3_7
1,1,2,11,3,2,0,0,0,1,5_4,3_7
1,1,2,69,10,3,0,0,0,0,0_0,3_7
1,1,1,45,7,3,0,0,0,0,0_0,1_9
2,1,2,44,7,3,0,0,0,0,0_0,3_5
1,3,2,65,9,2,0,0,0,0,0_0,1_5
2,1,2,65,9,3,0,0,0,0,0_0,1_7
1,1,1,19,4,2,0,0,0,1,0_0,1_9
1,1,1,3,1,3,0,0,0,1,6_9,1_7
2,1,2,36,7,3,0,0,0,0,0_0,1_6
1,1,2,53,8,2,0,0,0,0,0_0,1_3
1,1,2,19,4,3,0,0,0,0,0_0,2_7
1,1,1,71,10,3,0,0,0,1,8_3,1_5
1,3,2,54,8,2,0,0,0,0,0_0,1_6
2,2,2,27,6,3,0,0,0,0,0_0,1_7
2,1,1,66,10,3,0,0,0,0,0_0,1_8
1,1,1,88,11,2,0,0,0,0,0_0,1_4
1,1,2,62,9,3,0,0,0,0,0_0,3_5
1,1,1,29,6,2,0,0,0,1,5_1,1_8
1,1,2,19,4,3,0,0,0,0,0_0,1_2
2,1,1,57,9,3,0,0,0,0,0_0,3_7
1,1,2,65,9,3,0,0,0,1,10_9,1_8
1,1,2,15,3,2,0,0,0,1,8_2,3_5
1,1,1,33,6,3,0,0,0,1,6_9,1_9
2,1,2,83,11,3,0,0,0,0,0_0,3_7
1,1,2,57,9,3,0,0,0,1,9_9,3_9
2,1,1,54,8,3,0,0,0,0,0_0,2_10
1,1,1,55,8,3,0,0,0,1,6_9,1_5
1,1,1,49,8,2,0,0,0,0,0_0,3_7
1,1,1,56,9,2,0,0,0,0,0_0,3_7
1,1,1,45,7,2,0,0,0,0,0_0,1_4
2,1,1,20,4,2,0,0,0,0,0_0,3_6
1,1,1,28,6,3,0,0,0,1,9_5,2_2
2,1,2,27,6,3,0,0,0,0,0_0,2_6
1,1,2,62,9,3,0,0,0,0,0_0,3_6
2,1,2,50,8,3,0,0,0,0,0_0,2_3
2,2,2,54,8,3,0,0,0,0,0_0,3_5
3,3,2,43,7,3,0,0,0,0,0_0,3_6
2,1,2,19,4,2,0,0,0,0,0_0,3_7
2,3,1,24,5,2,0,0,0,1,0_0,1_3
1,1,2,56,9,3,0,0,0,0,0_0,2_5
1,1,2,40,7,2,0,0,0,1,5_1,3_6
1,1,2,66,10,3,0,0,0,0,0_0,3_4
2,1,2,60,9,2,0,0,0,0,0_0,3_5
1,1,2,62,9,2,0,0,0,1,0_0,1_9
1,2,1,64,9,3,0,0,0,0,0_0,1_9
1,1,1,33,6,3,0,0,0,1,9_9,1_3
1,1,1,25,5,3,0,0,0,0,0_0,2_10
2,1,2,74,10,3,0,0,0,0,0_0,3_6
2,1,1,35,6,3,0,0,0,0,0_0,1_10
3,2,2,63,9,3,0,0,0,0,0_0,3_6
1,1,1,14,3,2,0,0,0,0,0_0,3_5
1,1,1,23,5,3,0,0,0,1,6_9,1_9
1,1,2,71,10,3,0,0,0,0,0_0,-1_-1
1,1,2,21,5,2,0,0,0,1,5_1,1_3
1,1,1,90,11,2,0,0,0,0,0_0,1_9
2,2,1,25,5,3,0,0,0,0,0_0,1_9
2,1,1,36,7,3,0,0,0,0,0_0,1_9
1,3,1,30,6,3,0,0,0,0,0_0,1_9
2,1,1,37,7,2,0,0,0,0,0_0,2_4
1,1,1,85,11,3,0,0,0,0,0_0,1_9
1,1,2,54,8,2,0,0,0,0,0_0,3_7
1,3,1,64,9,2,0,0,0,0,0_0,3_7
2,2,1,45,7,3,0,0,0,0,0_0,2_5
1,1,2,74,10,3,0,0,0,1,10_9,1_5
1,1,2,89,11,2,0,0,0,0,0_0,3_6
2,2,2,27,6,3,0,0,0,0,0_0,1_5
2,2,1,58,9,3,0,0,0,0,0_0,1_10
2,1,2,46,8,3,0,0,0,0,0_0,3_7
2,3,2,60,9,3,0,0,0,0,0_0,1_2
1,1,2,17,4,2,0,0,0,1,6_9,1_4
1,1,2,19,4,3,0,0,0,1,10_5,1_1
2,1,2,48,8,3,0,0,0,0,0_0,1_5
2,1,1,55,8,3,0,0,0,0,0_0,1_7
1,1,2,30,6,3,0,0,0,1,6_9,1_2
1,1,1,61,9,3,0,0,0,1,5_1,1_4
2,1,2,65,9,3,0,0,0,0,0_0,1_5
1,1,2,12,3,3,0,0,0,1,4_1,1_3
1,2,2,11,3,3,0,0,0,1,4_1,1_6
1,1,1,33,6,3,0,0,0,0,0_0,3_4
2,1,1,64,9,3,0,0,0,0,0_0,3_6
1,1,2,15,3,3,0,0,0,1,1_1,1_10
1,2,1,16,4,3,0,0,0,1,1_1,1_10
1,1,1,78,11,3,0,0,0,1,9_5,1_2
1,2,1,34,6,2,0,0,0,0,0_0,1_8
2,1,2,75,10,2,0,0,0,0,0_0,2_9
2,1,1,66,10,2,0,0,0,0,0_0,3_5
1,1,1,15,3,2,0,0,0,1,1_3,1_3
1,1,2,38,7,2,0,0,0,1,6_9,1_2
1,2,2,29,6,3,0,0,0,0,0_0,1_3
1,1,1,73,10,3,0,0,0,0,0_0,2_7
1,1,2,65,9,3,0,0,0,0,0_0,1_5
1,1,2,58,9,2,0,0,0,0,0_0,3_7
2,1,2,54,8,3,0,0,0,0,0_0,3_8
2,1,2,48,8,2,0,0,0,0,0_0,3_7
1,1,2,33,6,3,0,0,0,0,0_0,3_7
1,1,1,37,7,2,0,0,0,1,6_9,1_9
3,1,2,42,7,2,0,0,0,0,0_0,2_7
1,1,2,20,4,2,0,0,0,0,0_0,2_10
2,2,1,39,7,2,0,0,0,0,0_0,1_9
1,1,1,59,9,1,0,0,0,0,0_0,1_2
1,2,2,57,9,2,0,0,0,1,0_0,1_2
1,1,1,1,1,3,0,0,0,1,1_3,1_1
1,1,2,66,10,2,0,0,0,1,5_1,1_3
1,1,1,72,10,2,0,0,0,1,5_1,-1_-1
3,3,1,58,9,3,0,0,0,1,0_0,3_4
1,1,2,69,10,2,0,0,0,1,5_3,1_2
2,1,1,27,6,3,0,0,0,0,0_0,2_5
2,1,2,34,6,3,0,0,0,0,0_0,3_8
2,1,1,47,8,3,0,0,0,0,0_0,2_4
2,1,2,60,9,2,0,0,0,0,0_0,1_4
1,1,2,61,9,2,0,0,0,1,5_3,1_4
1,2,2,81,11,2,0,0,0,1,5_3,3_6
1,2,1,61,9,3,0,0,0,0,0_0,1_6
2,1,1,28,6,3,0,0,0,0,0_0,2_2
2,1,1,41,7,2,0,0,0,0,0_0,1_10
2,1,2,33,6,3,0,0,0,0,0_0,2_1
3,1,1,52,8,3,0,0,0,0,0_0,1_3
1,1,2,31,6,3,0,0,0,1,6_9,3_9
1,2,2,3,1,3,0,0,0,1,6_9,3_9
1,1,1,89,11,1,0,0,0,1,5_1,-1_-1
1,1,1,33,6,3,0,0,0,1,9_9,-1_-1
1,2,1,23,5,3,0,0,0,0,0_0,3_7
1,1,2,74,10,2,0,0,0,0,0_0,1_9
2,2,2,62,9,2,0,0,0,0,0_0,1_9
1,1,2,18,4,3,0,0,0,0,0_0,2_4
2,1,1,33,6,3,0,0,0,1,9_9,1_5
2,1,1,17,4,3,0,0,0,0,0_0,1_6
2,1,1,26,6,3,0,0,0,0,0_0,2_10
2,1,2,16,4,3,0,0,0,0,0_0,1_4
1,1,1,64,9,2,0,0,0,0,0_0,2_2
1,1,2,19,4,3,0,0,0,1,5_1,1_7
1,2,2,20,4,2,0,0,0,0,0_0,1_6
3,1,2,56,9,2,0,0,0,0,0_0,1_6
1,3,1,24,5,3,0,0,0,0,0_0,3_8
2,2,1,36,7,3,0,0,0,0,0_0,1_6
3,1,1,79,11,2,0,0,0,0,0_0,1_3
1,1,1,59,9,3,0,0,0,1,4_1,-1_-1
1,1,1,74,10,3,0,0,0,0,0_0,-1_-1
1,1,1,63,9,2,0,0,0,0,0_0,1_6
1,1,2,46,8,3,0,0,0,1,5_9,1_3
1,1,2,23,5,2,0,0,0,0,0_0,1_5
2,2,2,74,10,3,0,0,0,0,0_0,1_8
1,1,2,71,10,2,0,0,0,1,8_1,1_7
1,1,1,15,3,3,0,0,0,1,0_0,1_5
1,2,1,62,9,2,0,0,0,0,0_0,1_5
1,1,2,75,10,2,0,0,0,0,0_0,1_4
1,1,2,82,11,2,0,0,0,0,0_0,3_9
1,1,2,58,9,3,0,0,0,0,0_0,1_8
1,2,2,44,7,3,0,0,0,0,0_0,-1_-1
2,1,2,40,7,3,0,0,0,0,0_0,1_3
3,1,2,37,7,3,0,0,0,0,0_0,1_9
1,2,1,62,9,2,0,0,0,1,1_3,1_2
2,2,1,40,7,3,0,0,0,0,0_0,1_1
3,3,1,30,6,3,0,0,0,0,0_0,1_8
1,2,1,39,7,2,0,0,0,0,0_0,1_4
2,1,1,34,6,2,0,0,0,0,0_0,3_8
1,1,2,64,9,2,0,0,0,1,5_3,1_3
1,1,2,49,8,3,0,0,0,0,0_0,3_3
1,1,1,3,1,3,0,0,0,1,1_1,1_8
1,1,2,53,8,2,0,0,0,1,5_1,1_-1
2,1,1,45,7,3,0,0,0,0,0_0,3_8
1,1,1,2,1,2,0,0,0,1,1_1,1_6
1,1,2,50,8,2,0,0,0,1,8_1,1_4
2,2,2,56,9,2,0,0,0,0,0_0,1_1
1,1,1,36,7,2,0,0,0,0,0_0,2_10
2,1,1,70,10,3,0,0,0,0,0_0,3_2
2,1,2,67,10,3,0,0,0,0,0_0,1_3
1,2,1,19,4,3,0,0,0,0,0_0,3_8
1,1,1,92,11,2,0,0,0,0,0_0,3_4
3,2,1,59,9,3,0,0,0,0,0_0,-1_-1
1,1,1,12,3,3,0,0,0,0,0_0,1_7
1,1,1,34,6,2,0,0,0,1,9_7,-1_-1
1,1,1,80,11,3,0,0,0,1,1_3,1_4
1,1,1,41,7,2,0,0,0,0,0_0,3_4
1,1,1,33,6,1,0,0,0,1,9_5,-1_-1
1,1,1,25,5,3,0,0,0,1,0_0,1_1
2,3,1,32,6,3,0,0,0,1,0_0,-1_-1
1,1,1,27,6,1,0,0,0,1,10_9,1_7
1,1,1,11,3,3,0,0,0,1,1_3,-1_-1
2,1,1,50,8,3,0,0,0,0,0_0,-1_-1
1,1,1,45,7,2,0,0,0,0,0_0,-1_-1
1,2,1,24,5,2,0,0,0,1,5_1,-1_-1
2,1,1,28,6,2,0,0,0,0,0_0,-1_-1
1,1,2,19,4,2,0,0,0,0,0_0,-1_-1
2,2,1,54,8,2,0,0,0,0,0_0,-1_-1
1,1,2,19,4,3,0,0,0,1,10_9,-1_-1
2,1,2,31,6,3,0,0,0,0,0_0,3_4
2,1,2,58,9,3,0,0,0,0,0_0,2_2
2,1,1,49,8,3,0,0,0,0,0_0,3_7
1,1,1,11,3,3,0,0,0,1,5_4,3_4
2,3,1,60,9,3,0,0,0,0,0_0,3_6
1,1,1,59,9,3,0,0,0,0,0_0,2_7
1,1,2,37,7,3,0,0,0,0,0_0,2_4
1,1,1,68,10,2,0,0,0,0,0_0,1_8
1,1,2,21,5,3,0,0,0,0,0_0,3_3
1,1,2,2,1,3,0,0,0,1,8_9,-1_-1
1,1,1,33,6,3,0,0,0,1,6_9,-1_-1
1,1,2,40,7,3,0,0,0,1,9_5,-1_-1
1,1,2,51,8,2,0,0,0,0,0_0,-1_-1
2,1,1,43,7,3,0,0,0,0,0_0,-1_-1
1,1,2,59,9,3,0,0,0,1,6_9,-1_-1
2,1,1,50,8,2,0,0,0,0,0_0,-1_-1
1,1,2,85,11,3,0,0,0,0,0_0,-1_-1
2,1,2,28,6,3,0,0,0,0,0_0,-1_-1
1,1,2,53,8,3,0,0,0,1,6_9,-1_-1
2,2,1,37,7,3,0,0,0,0,0_0,-1_-1
2,1,1,49,8,3,0,0,0,1,9_5,-1_-1
2,1,1,74,10,3,0,0,0,0,0_0,-1_-1
1,1,1,43,7,2,0,0,0,0,0_0,-1_-1
2,1,1,31,6,2,0,0,0,0,0_0,-1_-1
2,1,2,50,8,3,0,0,0,0,0_0,-1_-1
1,1,1,25,5,3,0,0,0,1,5_3,1_7
1,1,1,69,10,2,0,0,0,0,0_0,-1_-1
2,1,1,71,10,3,0,0,0,0,0_0,1_2
1,1,1,42,7,3,0,0,0,1,1_3,1_2
1,1,2,22,5,3,0,0,0,1,1_1,-1_-1
1,2,1,17,4,2,0,0,0,0,0_0,1_2
2,1,1,24,5,2,0,0,0,0,0_0,1_3
1,1,1,50,8,3,0,0,0,1,6_9,1_2
2,2,1,41,7,3,0,0,0,0,0_0,2_7
2,2,1,52,8,3,0,0,0,0,0_0,1_1
1,1,2,11,3,2,0,0,0,1,7_1,1_-1
2,2,2,61,9,3,0,0,0,0,0_0,2_6
3,2,1,35,6,3,0,0,0,0,0_0,1_5
1,1,1,56,9,3,0,0,0,1,6_9,1_4
1,2,1,40,7,3,0,0,0,1,6_9,-1_-1
1,1,1,56,9,3,0,0,0,1,9_8,3_8
1,1,2,89,11,3,0,0,0,0,0_0,1_8
2,1,1,66,10,3,0,0,0,0,0_0,1_10
1,1,1,35,6,2,0,0,0,0,0_0,1_10
2,3,2,41,7,3,0,0,0,0,0_0,1_8
1,2,2,84,11,2,0,0,0,1,1_1,1_9
2,2,2,61,9,3,0,0,0,0,0_0,-1_-1
1,3,2,67,10,3,0,0,0,0,0_0,3_10
2,1,2,56,9,3,0,0,0,0,0_0,3_10
1,1,2,26,6,3,0,0,0,0,0_0,1_10
1,1,1,37,7,2,0,0,0,0,0_0,1_7
1,1,2,15,3,3,0,0,0,1,6_9,1_3
1,1,1,21,5,3,0,0,0,0,0_0,2_4
1,2,1,86,11,3,0,0,0,0,0_0,1_1
2,1,1,83,11,3,0,0,0,0,0_0,3_6
1,1,1,51,8,2,0,0,0,1,1_1,1_5
1,1,2,21,5,2,0,0,0,1,8_1,1_8
2,2,1,71,10,3,0,0,0,0,0_0,1_6
1,1,1,33,6,2,0,0,0,0,0_0,3_5
2,1,1,72,10,3,0,0,0,0,0_0,3_6
2,1,1,18,4,2,0,0,0,0,0_0,3_3
1,1,1,18,4,3,0,0,0,1,5_1,1_3
1,1,1,17,4,3,0,0,0,0,0_0,2_8
1,1,2,50,8,2,0,0,0,0,0_0,1_5
1,1,2,17,4,3,0,0,0,0,0_0,3_5
1,2,2,57,9,3,0,0,0,0,0_0,3_5
1,1,1,70,10,3,0,0,0,0,0_0,1_3
2,3,1,21,5,3,0,0,0,0,0_0,1_3
2,1,2,17,4,2,0,0,0,0,0_0,1_7
1,1,2,11,3,2,0,0,0,1,1_3,1_6
1,1,1,48,8,3,0,0,0,1,9_5,3_9
1,1,1,24,5,3,0,0,0,0,0_0,2_4
2,3,1,30,6,3,0,0,0,0,0_0,1_9
1,1,2,65,9,3,0,0,0,1,5_2,1_5
1,1,1,50,8,3,0,0,0,1,9_9,-1_-1
1,1,1,54,8,3,0,0,0,0,0_0,3_9
1,1,2,17,4,3,0,0,0,0,0_0,-1_-1
2,1,1,46,8,2,0,0,0,0,0_0,3_8
1,1,2,55,8,3,0,0,0,0,0_0,1_8
2,1,2,71,10,2,0,0,0,0,0_0,1_8
1,1,2,66,10,3,0,0,0,1,5_1,3_7
1,1,2,25,5,3,0,0,0,0,0_0,3_9
1,1,2,82,11,2,0,0,0,0,0_0,1_10
1,1,2,13,3,3,0,0,0,1,5_1,-1_-1
1,1,2,40,7,3,0,0,0,0,0_0,2_10
2,1,1,64,9,3,0,0,0,0,0_0,1_9
3,1,2,31,6,3,0,0,0,0,0_0,1_5
1,1,2,26,6,3,0,0,0,0,0_0,3_7
2,2,2,62,9,3,0,0,0,0,0_0,1_2
2,1,1,80,11,2,0,0,0,0,0_0,1_8
1,1,1,19,4,3,0,0,0,1,9_9,1_10
1,1,2,28,6,3,0,0,0,0,0_0,1_7
2,2,1,28,6,3,0,0,0,0,0_0,3_6
1,2,2,28,6,3,0,0,0,0,0_0,1_3
1,1,1,14,3,3,0,0,0,0,0_0,1_9
2,1,1,59,9,2,0,0,0,0,0_0,1_2
1,2,1,47,8,2,0,0,0,1,0_0,1_1
1,1,1,34,6,3,0,0,0,0,0_0,3_7
2,1,1,62,9,3,0,0,0,0,0_0,1_8
2,2,2,32,6,2,0,0,0,0,0_0,1_5
1,1,1,75,10,2,0,0,0,1,5_1,1_10
2,2,1,31,6,3,0,0,0,0,0_0,2_10
2,1,1,77,11,2,0,0,0,0,0_0,3_5
1,1,2,31,6,3,0,0,0,0,0_0,2_4
2,2,1,28,6,3,0,0,0,0,0_0,1_1
2,2,2,21,5,3,0,0,0,0,0_0,1_6
2,1,2,81,11,2,0,0,0,0,0_0,2_9
2,1,1,72,10,3,0,0,0,0,0_0,2_3
1,1,2,32,6,3,0,0,0,0,0_0,3_5
1,1,1,13,3,3,0,0,0,1,5_1,2_3
1,1,1,60,9,3,0,0,0,1,9_9,3_6
2,1,2,34,6,3,0,0,0,0,0_0,3_3
2,1,1,18,4,3,0,0,0,0,0_0,3_3
1,1,2,19,4,2,0,0,0,0,0_0,2_4
2,1,2,50,8,2,0,0,0,0,0_0,2_9
2,1,2,23,5,3,0,0,0,0,0_0,1_5
1,1,2,30,6,3,0,0,0,0,0_0,3_6
1,1,2,17,4,3,0,0,0,1,5_1,1_8
2,2,1,53,8,3,0,0,0,0,0_0,2_9
2,2,1,22,5,3,0,0,0,0,0_0,3_1
2,2,2,50,8,3,0,0,0,0,0_0,1_3
2,1,1,49,8,3,0,0,0,0,0_0,2_10
1,1,2,29,6,2,0,0,0,1,1_1,1_2
1,1,1,41,7,3,0,0,0,0,0_0,3_9
2,2,1,66,10,3,0,0,0,0,0_0,3_8
1,1,2,25,5,3,0,0,0,0,0_0,2_6
2,1,1,47,8,2,0,0,0,0,0_0,1_7
1,1,2,13,3,3,0,0,0,1,6_4,3_6
1,1,2,56,9,2,0,0,0,1,10_3,1_3
1,1,1,20,4,3,0,0,0,0,0_0,1_-1
1,1,2,40,7,3,0,0,0,1,1_9,1_2
1,1,2,16,4,3,0,0,0,1,10_9,1_4
1,2,1,32,6,3,0,0,0,0,0_0,1_3
2,1,2,19,4,2,0,0,0,0,0_0,1_10
1,1,1,19,4,3,0,0,0,1,9_7,1_2
1,1,1,37,7,3,0,0,0,0,0_0,1_10
1,1,2,75,10,3,0,0,0,0,0_0,3_6
1,1,2,61,9,2,0,0,0,0,0_0,1_7
3,2,1,38,7,3,0,0,0,0,0_0,1_6
1,1,2,12,3,3,0,0,0,1,8_7,1_1
3,1,2,63,9,2,0,0,0,0,0_0,1_8
1,1,1,77,11,3,0,0,0,1,6_9,-1_-1
2,2,2,27,6,3,0,0,0,0,0_0,3_7
1,1,1,73,10,2,0,0,0,0,0_0,1_1
2,2,1,26,6,3,0,0,0,0,0_0,3_8
3,3,1,58,9,2,0,0,0,0,0_0,1_8
2,1,1,44,7,3,0,0,0,0,0_0,2_6
1,1,1,21,5,2,0,0,0,0,0_0,1_7
1,1,1,55,8,1,0,0,0,0,0_0,-1_-1
1,1,1,47,8,3,0,0,0,0,0_0,2_7
2,2,2,73,10,3,0,0,0,0,0_0,2_9
2,2,1,73,10,3,0,0,0,0,0_0,1_10
1,1,2,46,8,3,0,0,0,0,0_0,1_4
2,2,1,16,4,3,0,0,0,0,0_0,1_6
1,1,1,17,4,3,0,0,0,0,0_0,3_10
1,1,1,88,11,1,0,0,0,0,0_0,3_6
2,2,1,40,7,3,0,0,0,0,0_0,2_6
1,2,1,11,3,3,0,0,0,1,0_0,3_6
1,3,1,33,6,2,0,0,0,0,0_0,3_6
2,2,2,36,7,1,0,0,0,0,0_0,2_6
1,1,2,4,1,2,0,0,0,1,5_3,1_1
2,1,2,36,7,2,0,0,0,0,0_0,1_10
1,1,2,31,6,2,0,0,0,0,0_0,1_4
1,1,2,60,9,3,0,0,0,1,9_5,1_8
2,2,2,77,11,3,0,0,0,0,0_0,1_6
2,1,2,29,6,3,0,0,0,1,0_0,1_7
2,3,1,28,6,3,0,0,0,0,0_0,1_7
2,1,1,45,7,2,0,0,0,0,0_0,1_10
2,1,2,35,6,3,0,0,0,0,0_0,3_6
2,1,1,28,6,2,0,0,0,0,0_0,1_8
1,1,1,35,6,3,0,0,0,0,0_0,3_1
2,1,2,63,9,3,0,0,0,0,0_0,1_2
1,2,1,23,5,3,0,0,0,0,0_0,2_8
2,2,2,78,11,3,0,0,0,0,0_0,3_7
2,1,1,21,5,3,0,0,0,0,0_0,3_10
1,1,1,12,3,3,0,0,0,1,5_9,1_10
2,1,2,23,5,2,0,0,0,0,0_0,1_4
2,2,1,36,7,3,0,0,0,0,0_0,1_7
2,2,1,49,8,2,0,0,0,0,0_0,1_4
2,3,2,31,6,3,0,0,0,0,0_0,1_5
1,1,2,25,5,3,0,0,0,1,1_1,1_6
1,1,2,75,10,3,0,0,0,0,0_0,1_8
2,2,2,25,5,3,0,0,0,0,0_0,2_6
2,2,2,65,9,3,0,0,0,0,0_0,2_5
1,1,2,47,8,3,0,0,0,0,0_0,1_-1
1,1,1,23,5,3,0,0,0,0,0_0,2_10
1,1,1,27,6,3,0,0,0,0,0_0,2_8
1,1,1,31,6,3,0,0,0,0,0_0,2_10
1,1,1,66,10,3,0,0,0,1,9_5,3_8
2,1,2,34,6,3,0,0,0,0,0_0,2_5
3,2,1,43,7,3,0,0,0,0,0_0,3_7
1,1,2,23,5,3,0,0,0,0,0_0,1_10
2,1,1,18,4,2,0,0,0,0,0_0,1_5
1,1,2,49,8,3,0,0,0,0,0_0,2_7
1,1,1,52,8,3,0,0,0,0,0_0,1_6
1,1,2,62,9,3,0,0,0,0,0_0,3_8
2,1,2,63,9,2,0,0,0,0,0_0,1_9
2,2,1,26,6,3,0,0,0,0,0_0,1_6
1,1,1,26,6,3,0,0,0,1,10_5,1_3
1,1,1,50,8,3,0,0,0,1,6_9,1_5
2,1,2,46,8,2,0,0,0,0,0_0,1_8
3,1,2,33,6,2,0,0,0,0,0_0,3_8
1,1,2,37,7,3,0,0,0,0,0_0,3_7
1,1,2,40,7,2,0,0,0,0,0_0,1_7
2,1,2,33,6,3,0,0,0,0,0_0,2_4
1,2,1,59,9,3,0,0,0,0,0_0,3_8
2,1,1,29,6,1,0,0,0,0,0_0,1_5
1,1,1,23,5,2,0,0,0,1,4_3,1_3
1,1,1,62,9,3,0,0,0,0,0_0,2_8
1,1,2,57,9,3,0,0,0,1,9_5,1_6
1,1,1,82,11,2,0,0,0,0,0_0,2_7
1,1,2,65,9,3,0,0,0,0,0_0,1_1
1,1,2,74,10,2,0,0,0,1,10_9,-1_-1
1,1,1,29,6,3,0,0,0,0,0_0,3_8
1,1,2,21,5,2,0,0,0,0,0_0,1_6
2,2,1,47,8,3,0,0,0,0,0_0,1_2
1,1,2,55,8,2,0,0,0,0,0_0,1_6
2,3,1,84,11,3,0,0,0,1,0_0,1_7
1,1,1,67,10,2,0,0,0,0,0_0,1_9
1,1,2,56,9,3,0,0,0,0,0_0,3_10
1,2,2,89,11,2,0,0,0,1,9_5,1_7
1,3,1,87,11,3,0,0,0,1,9_5,1_7
1,1,2,14,3,3,0,0,0,1,10_9,1_8
2,2,1,16,4,2,0,0,0,1,0_0,1_8
1,2,2,57,9,3,0,0,0,0,0_0,1_4
1,1,1,44,7,3,0,0,0,1,9_2,1_5
1,1,1,26,6,3,0,0,0,1,9_5,1_2
1,1,1,8,2,3,0,0,0,1,4_4,1_6
1,1,1,66,10,2,0,0,0,0,0_0,1_9
1,1,1,29,6,3,0,0,0,0,0_0,2_5
2,2,1,61,9,3,0,0,0,0,0_0,2_10
1,1,2,73,10,2,0,0,0,1,5_3,1_7
1,1,1,54,8,2,0,0,0,1,9_6,3_5
2,1,1,33,6,3,0,0,0,0,0_0,2_3
1,1,1,69,10,3,0,0,0,0,0_0,3_5
3,1,1,57,9,2,0,0,0,0,0_0,3_4
2,1,1,50,8,2,0,0,0,0,0_0,3_5
2,2,1,34,6,3,0,0,0,0,0_0,3_4
1,1,1,28,6,1,0,0,0,0,0_0,1_1
1,2,1,43,7,3,0,0,0,0,0_0,1_5
2,1,2,42,7,3,0,0,0,0,0_0,3_6
1,1,1,36,7,3,0,0,0,1,6_9,1_5
2,1,1,43,7,3,0,0,0,0,0_0,2_4
1,1,1,54,8,3,0,0,0,1,6_9,1_10
1,1,1,39,7,2,0,0,0,1,5_3,1_6
1,1,2,17,4,3,0,0,0,1,1_3,1_3
1,1,1,4,1,3,0,0,0,1,4_1,1_4
1,2,2,82,11,3,0,0,0,0,0_0,1_8
1,1,1,32,6,3,0,0,0,1,1_3,1_5
1,1,2,40,7,2,0,0,0,0,0_0,1_4
1,2,2,45,7,2,0,0,0,0,0_0,1_6
1,1,1,64,9,3,0,0,0,0,0_0,3_5
1,2,1,31,6,2,0,0,0,0,0_0,1_2
1,3,1,33,6,2,0,0,0,0,0_0,3_4
1,1,1,11,3,3,0,0,0,0,0_0,-1_-1
1,1,1,25,5,1,0,0,0,0,0_0,1_7
1,1,1,14,3,3,0,0,0,0,0_0,1_8
1,1,1,70,10,2,0,0,0,0,0_0,-1_-1
2,1,2,21,5,3,0,0,0,0,0_0,1_6
2,1,2,48,8,3,0,0,0,0,0_0,1_6
1,1,2,12,3,3,0,0,0,1,5_1,3_9
1,1,1,18,4,1,0,0,0,0,0_0,1_2
1,1,2,47,8,3,0,0,0,0,0_0,1_9
1,1,1,48,8,2,0,0,0,0,0_0,1_7
1,1,1,32,6,3,0,0,0,0,0_0,3_7
1,1,1,43,7,3,0,0,0,0,0_0,1_9
1,1,2,80,11,3,0,0,0,0,0_0,-1_-1
2,2,1,50,8,2,0,0,0,0,0_0,-1_-1
2,1,2,52,8,3,0,0,0,0,0_0,1_4
2,1,2,22,5,3,0,0,0,0,0_0,1_7
1,1,1,54,8,3,0,0,0,1,9_8,1_10
2,1,2,12,3,3,0,0,0,0,0_0,3_9
2,1,1,12,3,2,0,0,0,0,0_0,1_5
2,1,1,29,6,3,0,0,0,0,0_0,1_10
2,1,1,39,7,2,0,0,0,0,0_0,1_5
1,1,2,70,10,2,0,0,0,1,1_3,1_10
1,1,2,56,9,3,0,0,0,0,0_0,2_8
2,1,1,45,7,2,0,0,0,0,0_0,2_6
1,1,1,4,1,3,0,0,0,1,1_9,1_6
1,1,2,23,5,3,0,0,0,0,0_0,3_4
2,1,1,47,8,2,0,0,0,0,0_0,1_6
3,2,1,63,9,3,0,0,0,0,0_0,1_5
1,1,1,66,10,3,0,0,0,0,0_0,1_9
1,1,2,50,8,3,0,0,0,1,9_9,3_7
2,1,1,19,4,3,0,0,0,0,0_0,2_6
3,1,2,27,6,3,0,0,0,0,0_0,1_1
2,1,2,56,9,3,0,0,0,0,0_0,3_5
2,1,1,25,5,3,0,0,0,0,0_0,2_5
1,1,1,26,6,3,0,0,0,1,5_1,1_4
2,1,2,78,11,3,0,0,0,0,0_0,1_8
2,1,1,16,4,3,0,0,0,0,0_0,1_2
2,1,2,19,4,3,0,0,0,0,0_0,1_7
1,1,2,32,6,1,0,0,0,0,0_0,1_8
2,1,1,9,2,3,0,0,0,0,0_0,1_10
1,1,1,43,7,2,0,0,0,1,10_9,1_4
1,1,1,19,4,3,0,0,0,0,0_0,3_3
3,3,1,49,8,3,0,0,0,0,0_0,1_7
2,2,1,77,11,3,0,0,0,0,0_0,1_7
2,1,2,35,6,3,0,0,0,1,9_5,1_6
2,1,1,29,6,2,0,0,0,0,0_0,1_3
2,2,2,37,7,3,0,0,0,0,0_0,3_6
1,1,1,0,1,3,0,0,0,1,5_3,-1_-1
1,1,2,67,10,3,0,0,0,1,5_1,1_8
1,1,2,68,10,2,0,0,0,0,0_0,1_9
1,1,2,28,6,3,0,0,0,0,0_0,2_10
1,1,2,51,8,3,0,0,0,1,6_9,1_3
1,1,2,71,10,3,0,0,0,0,0_0,3_6
2,1,2,61,9,3,0,0,0,0,0_0,2_10
2,2,2,33,6,3,0,0,0,0,0_0,1_10
2,1,2,27,6,3,0,0,0,0,0_0,3_6
2,1,2,15,3,3,0,0,0,0,0_0,1_3
1,1,1,89,11,2,0,0,0,0,0_0,3_7
1,1,1,20,4,3,0,0,0,1,8_1,1_5
1,1,2,32,6,3,0,0,0,0,0_0,1_9
2,1,2,86,11,2,0,0,0,0,0_0,3_6
1,1,2,16,4,3,0,0,0,1,1_1,3_7
2,1,1,77,11,2,0,0,0,0,0_0,1_10
1,1,2,61,9,1,0,0,0,0,0_0,3_7
1,1,1,25,5,3,0,0,0,0,0_0,3_3
1,1,2,39,7,3,0,0,0,0,0_0,3_6
2,1,2,66,10,3,0,0,0,0,0_0,1_10
3,2,1,63,9,3,0,0,0,0,0_0,1_6
1,1,1,21,5,3,0,0,0,1,9_9,1_1
1,1,2,16,4,2,0,0,0,0,0_0,1_2
2,1,1,34,6,3,0,0,0,0,0_0,3_4
1,1,1,84,11,3,0,0,0,0,0_0,1_10
1,1,2,20,4,3,0,0,0,0,0_0,2_6
2,2,1,61,9,3,0,0,0,0,0_0,1_1
2,1,2,41,7,3,0,0,0,0,0_0,1_-1
2,1,2,74,10,3,0,0,0,0,0_0,3_7
3,2,2,30,6,3,0,0,0,0,0_0,1_2
1,1,2,56,9,3,0,0,0,0,0_0,3_9
1,1,2,48,8,2,0,0,0,0,0_0,3_2
1,1,2,35,6,3,0,0,0,1,6_9,1_6
1,1,2,24,5,3,0,0,0,0,0_0,-1_-1
1,1,2,70,10,3,0,0,0,0,0_0,3_5
2,2,2,61,9,3,0,0,0,0,0_0,3_6
1,1,1,30,6,2,0,0,0,1,6_9,1_8
1,1,1,32,6,1,0,0,0,0,0_0,2_4
2,2,1,65,9,3,0,0,0,0,0_0,2_5
2,2,1,65,9,3,0,0,0,0,0_0,3_7
1,1,1,51,8,2,0,0,0,0,0_0,2_7
1,1,2,15,3,2,0,0,0,1,6_8,1_10
2,1,2,26,6,3,0,0,0,0,0_0,1_9
2,1,2,61,9,3,0,0,0,0,0_0,3_9
1,1,1,30,6,3,0,0,0,0,0_0,2_10
2,1,1,31,6,2,0,0,0,0,0_0,1_8
1,1,2,38,7,3,0,0,0,0,0_0,-1_-1
2,2,2,53,8,3,0,0,0,0,0_0,3_7
2,1,2,62,9,3,0,0,0,1,0_0,1_8
2,2,1,27,6,2,0,0,0,0,0_0,3_6
3,3,2,52,8,3,0,0,0,0,0_0,3_5
3,1,2,33,6,3,0,0,0,0,0_0,1_3
2,1,2,52,8,3,0,0,0,0,0_0,1_7
2,1,1,50,8,3,0,0,0,0,0_0,2_8
1,1,1,5,1,3,0,0,0,1,9_5,2_8
1,1,1,50,8,3,0,0,0,1,10_9,1_10
2,2,2,33,6,3,0,0,0,0,0_0,1_6
1,1,1,31,6,3,0,0,0,0,0_0,2_9
2,1,1,54,8,2,0,0,0,0,0_0,1_9
1,1,1,40,7,3,0,0,0,0,0_0,2_3
1,1,1,27,6,1,0,0,0,0,0_0,1_1
1,1,2,72,10,2,0,0,0,0,0_0,3_8
2,1,2,43,7,2,0,0,0,0,0_0,1_6
2,1,2,24,5,3,0,0,0,0,0_0,3_8
1,1,1,22,5,2,0,0,0,0,0_0,3_7
2,1,1,43,7,1,0,0,0,0,0_0,3_9
2,1,2,33,6,3,0,0,0,0,0_0,1_6
1,1,2,48,8,3,0,0,0,1,6_9,1_4
1,2,1,68,10,3,0,0,0,0,0_0,2_10
2,1,1,66,10,3,0,0,0,0,0_0,1_5
2,1,1,57,9,3,0,0,0,0,0_0,2_4
1,3,1,18,4,3,0,0,0,0,0_0,1_4
1,1,1,87,11,2,0,0,0,0,0_0,3_10
1,1,1,13,3,3,0,0,0,1,1_9,1_9
1,1,1,46,8,2,0,0,0,0,0_0,2_7
2,1,2,54,8,3,0,0,0,0,0_0,2_9
2,1,2,58,9,2,0,0,0,0,0_0,3_7
1,1,1,9,2,3,0,0,0,1,10_9,1_2
1,1,1,32,6,3,0,0,0,1,10_9,1_8
1,1,2,53,8,3,0,0,0,0,0_0,2_5
2,2,2,63,9,3,0,0,0,0,0_0,1_6
1,1,2,88,11,2,0,0,0,1,5_3,1_4
1,1,1,34,6,2,0,0,0,0,0_0,2_9
2,1,1,22,5,2,0,0,0,0,0_0,1_7
2,1,1,54,8,3,0,0,0,0,0_0,3_7
1,1,2,74,10,3,0,0,0,0,0_0,1_6
2,1,2,18,4,3,0,0,0,0,0_0,3_6
2,1,1,43,7,3,0,0,0,0,0_0,2_7
3,1,2,74,10,3,0,0,0,1,4_1,1_4
1,1,1,3,1,3,0,0,0,1,4_2,1_3
2,1,1,18,4,3,0,0,0,0,0_0,2_8
1,1,2,48,8,3,0,0,0,0,0_0,1_6
2,2,1,47,8,3,0,0,0,0,0_0,1_5
2,2,1,45,7,3,0,0,0,0,0_0,1_2
1,1,1,50,8,3,0,0,0,1,0_0,1_2
1,1,1,13,3,3,0,0,0,1,4_1,1_3
1,1,1,32,6,3,0,0,0,1,0_0,1_10
1,1,2,72,10,3,0,0,0,1,1_3,-1_-1
1,1,1,15,3,2,0,0,0,1,5_2,1_10
3,1,2,29,6,3,0,0,0,0,0_0,-1_-1
1,1,1,77,11,3,0,0,0,0,0_0,1_4
2,3,1,43,7,3,0,0,0,0,0_0,1_3
1,1,2,58,9,3,0,0,0,1,1_3,1_6
1,1,1,71,10,3,0,0,0,1,4_1,1_1
1,1,1,14,3,3,0,0,0,1,5_3,1_3
1,1,1,50,8,2,0,0,0,1,9_9,1_2
1,1,2,74,10,2,0,0,0,1,6_9,1_4
1,2,1,30,6,3,0,0,0,1,1_9,1_4
1,1,2,26,6,2,0,0,0,1,5_9,1_4
1,1,1,14,3,3,0,0,0,1,10_9,1_2
2,2,1,48,8,3,0,0,0,0,0_0,3_7
1,1,2,27,6,3,0,0,0,1,5_3,1_2
1,1,2,82,11,3,0,0,0,1,5_9,1_3
2,1,1,67,10,3,0,0,0,0,0_0,1_10
2,1,1,64,9,2,0,0,0,0,0_0,1_7
1,1,2,24,5,3,0,0,0,1,5_9,1_1
1,2,2,19,4,2,0,0,0,1,5_1,1_6
2,2,2,44,7,3,0,0,0,1,6_9,1_2
2,3,1,44,7,2,0,0,0,1,6_9,1_4
2,2,1,19,4,3,0,0,0,0,0_0,1_2
1,1,1,10,2,2,0,0,0,1,5_2,1_4
1,1,1,24,5,2,0,0,0,1,8_9,-1_-1
1,1,1,66,10,3,0,0,0,0,0_0,1_3
2,1,2,16,4,3,0,0,0,0,0_0,2_5
3,1,2,66,10,3,0,0,0,0,0_0,1_6
1,1,2,15,3,3,0,0,0,1,8_8,1_3
1,1,1,81,11,3,0,0,0,0,0_0,1_5
2,1,1,68,10,2,0,0,0,0,0_0,1_2
2,2,2,44,7,3,0,0,0,0,0_0,1_9
1,1,2,15,3,3,0,0,0,1,8_7,1_7
1,2,1,28,6,2,0,0,0,1,0_0,1_1
1,3,1,30,6,3,0,0,0,1,0_0,1_2
2,2,2,30,6,3,0,0,0,0,0_0,2_9
1,1,1,12,3,3,0,0,0,1,1_1,1_1
1,1,2,23,5,2,0,0,0,0,0_0,1_1
1,1,2,37,7,3,0,0,0,1,6_9,1_6
2,2,1,60,9,3,0,0,0,0,0_0,1_4
1,2,1,74,10,2,0,0,0,0,0_0,1_7
1,1,2,65,9,3,0,0,0,0,0_0,1_2
1,1,2,16,4,3,0,0,0,1,1_3,1_3
1,1,2,32,6,2,0,0,0,1,5_3,1_3
1,1,2,42,7,3,0,0,0,1,6_9,1_7
1,1,2,67,10,2,0,0,0,1,5_1,1_10
1,1,2,24,5,2,0,0,0,1,0_0,1_7
2,2,2,25,5,3,0,0,0,0,0_0,1_3
2,1,1,41,7,3,0,0,0,0,0_0,1_3
1,1,1,82,11,3,0,0,0,0,0_0,3_8
1,1,2,50,8,3,0,0,0,1,9_6,1_7
1,1,1,14,3,3,0,0,0,1,4_3,1_2
1,1,1,15,3,3,0,0,0,0,0_0,1_7
1,1,1,14,3,2,0,0,0,0,0_0,1_2
1,2,2,19,4,2,0,0,0,0,0_0,1_8
2,1,1,47,8,3,0,0,0,0,0_0,2_8
1,1,2,22,5,3,0,0,0,1,0_0,1_1
1,1,1,48,8,2,0,0,0,0,0_0,1_1
1,1,1,85,11,3,0,0,0,0,0_0,1_7
1,1,1,21,5,3,0,0,0,0,0_0,1_10
2,1,1,28,6,2,0,0,0,0,0_0,1_4
2,1,2,24,5,3,0,0,0,0,0_0,1_2
1,1,2,48,8,2,0,0,0,1,5_3,1_5
1,1,1,35,6,1,0,0,0,0,0_0,1_9
1,2,1,18,4,2,0,0,0,0,0_0,-1_-1
1,1,1,12,3,3,0,0,0,1,5_1,1_2
1,1,2,91,11,1,0,0,0,1,1_1,1_5
1,1,1,41,7,2,0,0,0,1,4_1,1_1
1,1,1,88,11,2,0,0,0,1,5_1,1_4
2,1,1,62,9,2,0,0,0,0,0_0,1_3
2,1,1,24,5,2,0,0,0,0,0_0,1_8
1,1,1,59,9,3,0,0,0,1,8_3,1_2
1,1,1,12,3,3,0,0,0,1,8_1,1_2
1,1,2,38,7,3,0,0,0,1,5_3,1_2
2,1,1,74,10,3,0,0,0,0,0_0,1_3
1,1,1,68,10,3,0,0,0,1,5_1,1_1
3,2,2,22,5,3,0,0,0,0,0_0,1_2
1,1,2,69,10,3,0,0,0,1,1_3,1_4
3,2,1,63,9,3,0,0,0,0,0_0,1_4
3,1,2,53,8,2,0,0,0,0,0_0,1_3
1,1,1,73,10,3,0,0,0,0,0_0,2_9
2,2,2,85,11,3,0,0,0,0,0_0,3_9
1,1,1,62,9,2,0,0,0,0,0_0,1_1
2,2,2,22,5,3,0,0,0,0,0_0,1_1
2,1,2,68,10,3,0,0,0,0,0_0,1_10
2,1,2,57,9,2,0,0,0,0,0_0,1_2
1,1,2,82,11,3,0,0,0,0,0_0,1_7
1,1,2,11,3,2,0,0,0,1,1_1,1_1
1,1,1,83,11,2,0,0,0,0,0_0,1_6
1,1,2,17,4,3,0,0,0,1,1_3,2_3
2,1,1,80,11,3,0,0,0,0,0_0,3_5
1,1,1,9,2,3,0,0,0,1,8_7,1_3
1,1,2,19,4,2,0,0,0,0,0_0,1_8
2,1,2,78,11,2,0,0,0,0,0_0,1_1
3,2,1,31,6,3,0,0,0,0,0_0,1_6
1,1,1,77,11,2,0,0,0,1,8_5,1_2
2,1,1,57,9,3,0,0,0,0,0_0,1_1
1,1,1,14,3,3,0,0,0,1,5_1,1_7
1,1,1,57,9,3,0,0,0,1,9_5,-1_-1
1,1,2,24,5,3,0,0,0,1,5_3,1_2
3,2,2,25,5,2,0,0,0,0,0_0,1_3
2,1,1,18,4,2,0,0,0,0,0_0,1_-1
2,1,2,78,11,3,0,0,0,0,0_0,1_5
2,1,2,34,6,2,0,0,0,0,0_0,1_7
1,1,2,22,5,3,0,0,0,1,6_9,-1_-1
1,1,1,46,8,2,0,0,0,1,4_1,1_2
1,1,1,73,10,3,0,0,0,1,5_1,1_2
1,1,2,11,3,3,0,0,0,1,5_2,1_7
2,2,2,74,10,3,0,0,0,0,0_0,1_3
2,1,1,27,6,2,0,0,0,0,0_0,-1_-1
2,1,1,41,7,2,0,0,0,0,0_0,1_7
3,2,1,25,5,3,0,0,0,0,0_0,1_3
1,1,1,16,4,3,0,0,0,1,5_1,1_2
1,1,1,12,3,2,0,0,0,1,5_4,-1_-1
1,1,1,56,9,3,0,0,0,1,7_3,1_7
1,1,1,51,8,3,0,0,0,0,0_0,1_10
1,1,1,10,2,3,0,0,0,1,5_4,1_5
1,1,2,26,6,2,0,0,0,0,0_0,1_5
1,1,1,45,7,3,0,0,0,0,0_0,3_9
1,1,1,50,8,3,0,0,0,1,5_1,1_6
1,1,2,28,6,3,0,0,0,1,6_9,1_2
1,1,2,75,10,3,0,0,0,1,5_3,1_5
1,1,2,59,9,3,0,0,0,1,5_9,1_1
1,1,2,37,7,2,0,0,0,0,0_0,1_4
2,1,1,17,4,2,0,0,0,0,0_0,1_8
3,2,2,23,5,3,0,0,0,0,0_0,-1_-1
1,1,1,16,4,3,0,0,0,1,5_3,1_2
1,1,2,29,6,3,0,0,0,0,0_0,1_10
1,1,1,40,7,3,0,0,0,1,5_2,-1_-1
1,1,1,65,9,3,0,0,0,1,10_9,1_3
1,1,2,13,3,3,0,0,0,1,6_9,1_2
1,1,2,57,9,3,0,0,0,1,0_0,1_5
1,1,1,36,7,3,0,0,0,1,6_9,1_3
1,1,2,49,8,3,0,0,0,1,5_1,1_4
1,1,1,78,11,3,0,0,0,1,4_3,1_3
1,1,1,74,10,2,0,0,0,1,1_3,1_8
1,1,1,24,5,3,0,0,0,0,0_0,1_8
2,2,1,42,7,3,0,0,0,0,0_0,1_5
1,1,2,33,6,1,0,0,0,1,5_1,1_4
1,1,1,33,6,3,0,0,0,1,4_1,1_3
1,1,1,37,7,2,0,0,0,1,10_9,1_5
1,1,2,17,4,3,0,0,0,1,2_2,1_4
1,2,1,67,10,2,0,0,0,1,1_1,1_1
1,1,2,53,8,3,0,0,0,0,0_0,1_6
1,2,1,24,5,2,0,0,0,1,4_1,1_10
1,1,1,31,6,2,0,0,0,1,5_1,1_6
1,1,1,38,7,1,0,0,0,1,6_9,1_3
1,1,1,33,6,2,0,0,0,1,6_9,1_6
2,1,2,77,11,3,0,0,0,0,0_0,1_5
2,1,2,51,8,2,0,0,0,0,0_0,2_4
2,1,2,9,2,3,0,0,0,0,0_0,1_2
3,1,2,56,9,2,0,0,0,1,0_0,3_8
3,2,1,57,9,2,0,0,0,0,0_0,3_8
1,1,1,70,10,2,0,0,0,1,1_1,1_1
2,1,1,25,5,2,0,0,0,0,0_0,1_1
1,1,2,71,10,2,0,0,0,0,0_0,2_6
1,1,1,63,9,2,0,0,0,0,0_0,1_9
1,3,2,48,8,2,0,0,0,0,0_0,1_7
1,2,1,75,10,3,0,0,0,0,0_0,1_6
2,2,2,48,8,3,0,0,0,0,0_0,1_7
1,1,2,79,11,2,0,0,0,1,8_7,2_7
2,1,1,22,5,3,0,0,0,0,0_0,1_-1
3,1,1,42,7,3,0,0,0,0,0_0,1_1
1,1,1,54,8,3,0,0,0,1,9_5,1_8
3,1,2,52,8,3,0,0,0,0,0_0,1_10
1,3,1,29,6,3,0,0,0,0,0_0,2_6
1,1,1,84,11,3,0,0,0,1,8_2,2_5
1,1,2,16,4,3,0,0,0,1,9_5,1_4
2,1,1,56,9,3,0,0,0,0,0_0,3_9
1,1,1,77,11,2,0,0,0,1,8_3,1_5
1,1,2,62,9,2,0,0,0,1,4_1,1_3
1,2,1,61,9,2,0,0,0,1,4_1,1_3
2,1,1,48,8,2,0,0,0,0,0_0,1_7
1,1,1,4,1,3,0,0,0,1,9_7,1_4
1,1,2,22,5,3,0,0,0,0,0_0,1_7
1,1,1,23,5,3,0,0,0,1,5_1,3_8
1,1,1,27,6,2,0,0,0,1,5_1,1_5
1,1,1,16,4,3,0,0,0,1,4_1,1_1
1,1,1,7,2,3,0,0,0,1,5_1,1_3
1,1,1,62,9,2,0,0,0,1,10_9,1_6
1,1,2,32,6,2,0,0,0,1,1_3,1_4
2,1,1,47,8,2,0,0,0,0,0_0,1_3
1,1,1,23,5,3,0,0,0,1,5_3,1_3
1,2,2,35,6,2,0,0,0,1,5_1,-1_-1
1,1,1,11,3,3,0,0,0,1,9_7,1_10
2,2,1,16,4,3,0,0,0,1,0_0,1_2
1,1,1,55,8,2,0,0,0,0,0_0,1_4
1,1,1,57,9,2,0,0,0,1,9_9,1_6
2,1,1,49,8,3,0,0,0,0,0_0,1_6
2,1,1,43,7,2,0,0,0,0,0_0,1_2
1,1,2,64,9,3,0,0,0,1,10_9,1_4
2,1,2,45,7,2,0,0,0,0,0_0,1_5
1,1,1,25,5,3,0,0,0,1,10_9,1_2
1,1,1,10,2,2,0,0,0,1,4_1,1_1
2,1,1,43,7,3,0,0,0,0,0_0,1_10
1,3,1,59,9,3,0,0,0,0,0_0,1_5
2,2,1,30,6,3,0,0,0,0,0_0,1_3
1,1,1,10,2,3,0,0,0,1,5_2,1_4
1,1,2,13,3,3,0,0,0,1,1_3,1_1
2,1,2,53,8,3,0,0,0,0,0_0,1_4
1,1,2,48,8,3,0,0,0,1,1_1,1_1
1,1,2,12,3,2,0,0,0,1,5_4,1_1
1,1,1,35,6,3,0,0,0,0,0_0,1_8
2,1,1,47,8,1,0,0,0,0,0_0,1_3
2,1,2,23,5,3,0,0,0,1,0_0,-1_-1
2,2,1,21,5,3,0,0,0,0,0_0,1_3
1,1,2,24,5,3,0,0,0,1,4_1,1_3
1,1,2,17,4,3,0,0,0,1,1_9,1_2
1,1,2,8,2,2,0,0,0,1,1_1,1_1
1,1,1,65,9,2,0,0,0,1,1_1,1_10
2,1,1,84,11,3,0,0,0,0,0_0,1_10
1,1,1,78,11,2,0,0,0,1,5_1,1_4
2,2,1,62,9,2,0,0,0,0,0_0,1_2
1,1,1,12,3,2,0,0,0,0,0_0,1_2
1,1,2,33,6,2,0,0,0,1,5_3,1_5
3,3,1,44,7,3,0,0,0,0,0_0,2_4
1,1,1,27,6,3,0,0,0,1,8_7,1_1
2,2,1,47,8,3,0,0,0,0,0_0,1_1
2,1,1,66,10,3,0,0,0,0,0_0,1_2
1,1,2,31,6,3,0,0,0,0,0_0,1_5
1,1,1,6,2,2,0,0,0,1,6_9,1_1
1,1,2,12,3,3,0,0,0,0,0_0,1_10
1,1,1,28,6,3,0,0,0,0,0_0,3_6
2,3,1,23,5,3,0,0,0,0,0_0,2_10
1,1,1,89,11,2,0,0,0,1,5_3,1_7
2,2,1,34,6,2,0,0,0,1,6_9,1_9
2,3,1,5,1,3,0,0,0,1,6_9,1_9
1,1,2,36,7,3,0,0,0,1,5_1,1_8
1,1,2,32,6,3,0,0,0,1,1_3,1_6
1,1,1,51,8,3,0,0,0,1,4_1,1_5
2,1,2,21,5,3,0,0,0,0,0_0,1_5
1,1,2,63,9,3,0,0,0,1,5_3,1_3
1,1,2,37,7,2,0,0,0,1,1_1,1_2
1,1,2,43,7,3,0,0,0,1,5_1,1_8
1,1,2,3,1,3,0,0,0,1,5_1,1_2
1,1,1,51,8,2,0,0,0,1,1_3,1_2
1,1,2,31,6,3,0,0,0,1,7_9,1_4
1,1,2,33,6,3,0,0,0,1,1_3,1_7
1,1,1,21,5,2,0,0,0,0,0_0,-1_-1
1,1,2,58,9,3,0,0,0,1,5_3,1_5
1,1,1,8,2,3,0,0,0,1,5_1,1_9
1,1,1,16,4,3,0,0,0,1,1_9,1_2
1,1,1,39,7,3,0,0,0,1,6_9,1_1
2,2,2,25,5,3,0,0,0,0,0_0,1_2
2,2,2,42,7,3,0,0,0,0,0_0,1_3
1,1,2,58,9,3,0,0,0,1,9_9,1_1
1,1,2,80,11,2,0,0,0,1,5_1,1_7
1,1,1,72,10,2,0,0,0,0,0_0,1_9
1,2,1,88,11,2,0,0,0,1,5_3,1_9
1,1,1,62,9,1,0,0,0,1,6_9,1_1
1,1,1,54,8,3,0,0,0,1,6_9,1_1
1,1,2,20,4,3,0,0,0,1,6_9,1_5
1,1,1,14,3,3,0,0,0,1,10_9,1_8
2,1,1,17,4,3,0,0,0,0,0_0,1_9
1,1,1,46,8,2,0,0,0,0,0_0,1_7
1,1,1,26,6,3,0,0,0,1,1_3,1_4
2,2,1,25,5,3,0,0,0,0,0_0,-1_-1
2,1,1,53,8,2,0,0,0,0,0_0,1_5
1,1,1,71,10,2,0,0,0,1,1_3,1_6
1,2,1,27,6,2,0,0,0,0,0_0,1_3
2,1,1,61,9,2,0,0,0,0,0_0,3_5
1,1,2,54,8,2,0,0,0,0,0_0,3_3
1,1,1,85,11,3,0,0,0,0,0_0,3_7
2,2,1,67,10,3,0,0,0,0,0_0,2_10
2,1,2,43,7,3,0,0,0,1,9_7,3_9
3,2,2,11,3,3,0,0,0,0,0_0,3_9
1,1,1,34,6,1,0,0,0,1,9_8,-1_-1
2,2,1,27,6,3,0,0,0,0,0_0,1_7
3,3,1,27,6,3,0,0,0,0,0_0,1_7
2,2,1,22,5,2,0,0,0,1,0_0,1_1
1,1,2,12,3,3,0,0,0,1,10_4,-1_-1
1,1,1,34,6,3,0,0,0,1,10_9,1_2
1,2,1,18,4,2,0,0,0,1,0_0,2_1
1,1,1,63,9,2,0,0,0,0,0_0,3_6
2,1,1,47,8,3,0,0,0,0,0_0,2_7
1,2,1,59,9,2,0,0,0,0,0_0,1_3
2,1,2,20,4,2,0,0,0,0,0_0,-1_-1
3,2,2,29,6,3,0,0,0,0,0_0,-1_-1
2,1,2,38,7,3,0,0,0,0,0_0,2_7
1,1,2,32,6,2,0,0,0,0,0_0,1_3
1,1,2,73,10,2,0,0,0,1,5_1,2_4
1,2,1,61,9,3,0,0,0,0,0_0,1_4
2,1,1,55,8,2,0,0,0,0,0_0,1_1
2,1,1,54,8,2,0,0,0,0,0_0,1_3
2,2,2,52,8,2,0,0,0,1,0_0,1_4
1,1,2,60,9,2,0,0,0,1,5_3,1_4
1,1,1,53,8,3,0,0,0,0,0_0,2_2
1,1,2,59,9,3,0,0,0,1,9_5,2_7
1,1,2,65,9,3,0,0,0,1,6_1,2_4
1,1,2,43,7,2,0,0,0,1,5_3,1_1
2,2,2,44,7,3,0,0,0,1,0_0,1_5
1,1,2,84,11,3,0,0,0,1,5_4,-1_-1
2,2,2,26,6,3,0,0,0,0,0_0,2_3
2,1,1,50,8,3,0,0,0,0,0_0,2_5
1,1,2,26,6,3,0,0,0,1,9_5,2_2
2,1,1,32,6,3,0,0,0,0,0_0,2_3
1,1,2,60,9,3,0,0,0,0,0_0,2_2
2,2,1,74,10,3,0,0,0,0,0_0,3_8
2,1,2,51,8,3,0,0,0,0,0_0,2_10
1,1,2,19,4,3,0,0,0,0,0_0,2_3
1,1,2,15,3,2,0,0,0,0,0_0,1_1
2,2,2,80,11,3,0,0,0,0,0_0,1_10
3,1,1,21,5,3,0,0,0,0,0_0,1_-1
1,2,1,28,6,2,0,0,0,0,0_0,1_1
2,3,2,25,5,2,0,0,0,0,0_0,1_1
1,1,2,17,4,2,0,0,0,0,0_0,1_2
1,1,2,78,11,3,0,0,0,0,0_0,1_10
2,1,1,21,5,2,0,0,0,1,0_0,1_5
3,2,2,21,5,3,0,0,0,0,0_0,1_3
2,1,2,68,10,3,0,0,0,0,0_0,1_9
2,2,2,43,7,3,0,0,0,0,0_0,1_3
3,1,2,52,8,3,0,0,0,0,0_0,3_8
2,1,1,12,3,3,0,0,0,0,0_0,1_6
1,1,1,49,8,3,0,0,0,0,0_0,2_5
2,1,2,45,7,3,0,0,0,0,0_0,1_1
2,1,2,30,6,3,0,0,0,0,0_0,1_9
1,1,2,4,1,2,0,0,0,1,5_4,1_1
1,2,1,69,10,3,0,0,0,1,1_3,1_2
1,1,2,12,3,3,0,0,0,1,10_9,1_2
2,2,1,69,10,3,0,0,0,0,0_0,1_4
1,1,1,48,8,3,0,0,0,1,1_9,1_8
1,1,1,15,3,2,0,0,0,1,5_3,1_10
1,1,1,68,10,3,0,0,0,1,1_1,1_1
1,1,2,35,6,3,0,0,0,1,4_3,1_8
1,1,1,33,6,3,0,0,0,1,6_9,1_7
1,1,1,52,8,3,0,0,0,1,10_9,1_8
2,1,1,61,9,2,0,0,0,0,0_0,1_5
2,1,2,54,8,2,0,0,0,0,0_0,1_2
1,1,1,10,2,2,0,0,0,1,5_2,1_3
1,1,1,35,6,3,0,0,0,0,0_0,2_10
1,1,2,4,1,2,0,0,0,1,5_3,1_2
1,1,2,82,11,3,0,0,0,1,6_9,1_8
3,1,1,59,9,3,0,0,0,0,0_0,1_2
1,1,2,61,9,3,0,0,0,0,0_0,1_3
2,1,1,85,11,2,0,0,0,0,0_0,1_6
2,1,1,44,7,2,0,0,0,0,0_0,1_8
2,3,1,35,6,3,0,0,0,0,0_0,1_1
1,2,1,12,3,3,0,0,0,1,0_0,1_2
2,1,1,54,8,2,0,0,0,0,0_0,1_2
2,1,1,23,5,2,0,0,0,0,0_0,-1_-1
1,1,2,62,9,3,0,0,0,0,0_0,1_10
3,2,2,61,9,3,0,0,0,0,0_0,1_5
1,3,1,34,6,3,0,0,0,0,0_0,1_1
2,1,2,41,7,3,0,0,0,0,0_0,3_8
1,1,1,75,10,3,0,0,0,0,0_0,3_7
3,2,2,75,10,3,0,0,0,0,0_0,3_7
2,1,1,64,9,3,0,0,0,0,0_0,1_2
1,1,1,61,9,3,0,0,0,0,0_0,1_6
2,3,1,38,7,3,0,0,0,0,0_0,1_6
1,1,2,31,6,2,0,0,0,1,5_4,1_4
1,1,1,16,4,3,0,0,0,1,9_9,1_2
2,1,1,37,7,2,0,0,0,0,0_0,1_6
1,1,2,37,7,2,0,0,0,1,1_1,1_5
2,1,2,54,8,2,0,0,0,0,0_0,1_7
2,1,2,26,6,3,0,0,0,0,0_0,-1_-1
2,1,2,35,6,2,0,0,0,0,0_0,1_1
2,1,1,44,7,2,0,0,0,0,0_0,1_6
2,2,1,73,10,3,0,0,0,0,0_0,-1_-1
2,1,1,41,7,2,0,0,0,0,0_0,1_3
2,1,2,55,8,2,0,0,0,0,0_0,1_2
1,1,1,55,8,2,0,0,0,1,6_9,-1_-1
1,1,1,55,8,3,0,0,0,1,5_2,1_9
1,1,1,88,11,3,0,0,0,0,0_0,2_9
1,1,2,58,9,3,0,0,0,0,0_0,1_2
1,2,2,41,7,3,0,0,0,1,5_1,1_2
1,1,2,12,3,3,0,0,0,1,5_9,1_2
1,1,1,20,4,3,0,0,0,1,4_3,1_1
2,2,1,21,5,3,0,0,0,0,0_0,1_2
1,1,2,29,6,2,0,0,0,1,8_1,1_1
1,1,1,41,7,3,0,0,0,1,10_9,1_6
1,1,1,66,10,1,0,0,0,1,5_1,1_1
1,1,2,9,2,3,0,0,0,1,8_2,1_2
1,1,2,54,8,3,0,0,0,0,0_0,2_10
1,1,1,27,6,3,0,0,0,1,6_9,1_1
1,1,1,29,6,3,0,0,0,1,5_1,1_6
1,1,1,83,11,2,0,0,0,0,0_0,1_7
1,1,1,6,2,3,0,0,0,1,10_9,1_10
1,1,1,13,3,3,0,0,0,1,5_2,-1_-1
2,1,2,50,8,3,0,0,0,0,0_0,1_2
2,1,1,48,8,3,0,0,0,0,0_0,1_7
1,1,1,48,8,2,0,0,0,1,10_9,1_6
1,1,2,73,10,2,0,0,0,1,1_1,1_7
2,1,1,21,5,3,0,0,0,1,0_0,1_1
2,2,1,29,6,3,0,0,0,0,0_0,2_3
1,2,1,32,6,1,0,0,0,0,0_0,1_1
1,3,1,15,3,2,0,0,0,1,0_0,1_2
2,1,1,66,10,2,0,0,0,0,0_0,1_5
1,1,2,83,11,2,0,0,0,0,0_0,3_6
1,1,1,23,5,3,0,0,0,1,9_7,-1_-1
2,1,2,24,5,3,0,0,0,0,0_0,3_4
2,2,2,30,6,3,0,0,0,0,0_0,1_4
3,2,1,27,6,3,0,0,0,1,0_0,1_2
3,3,1,36,7,3,0,0,0,0,0_0,2_7
1,1,2,77,11,3,0,0,0,1,0_0,3_7
1,1,1,63,9,3,0,0,0,0,0_0,1_5
3,2,2,35,6,3,0,0,0,0,0_0,1_1
1,1,1,24,5,3,0,0,0,0,0_0,2_5
1,1,1,21,5,2,0,0,0,1,0_0,1_1
2,1,2,36,7,3,0,0,0,0,0_0,3_2
2,1,2,29,6,2,0,0,0,0,0_0,1_1
1,2,2,53,8,3,0,0,0,0,0_0,1_1
3,1,2,29,6,3,0,0,0,0,0_0,1_2
2,1,1,83,11,2,0,0,0,0,0_0,2_9
1,1,2,57,9,3,0,0,0,0,0_0,1_4
2,1,2,38,7,2,0,0,0,0,0_0,1_2
1,1,2,88,11,3,0,0,0,0,0_0,-1_-1
2,2,2,41,7,3,0,0,0,0,0_0,-1_-1
1,1,2,17,4,3,0,0,0,1,6_9,1_5
1,1,1,38,7,3,0,0,0,1,1_3,1_2
3,1,1,26,6,2,0,0,0,0,0_0,1_3
1,1,2,17,4,3,0,0,0,1,5_1,1_4
1,1,2,26,6,3,0,0,0,1,10_9,1_1
2,1,1,55,8,3,0,0,0,0,0_0,1_8
1,1,2,4,1,3,0,0,0,1,5_1,1_4
1,1,1,88,11,1,0,0,0,1,4_9,1_7
1,1,1,54,8,3,0,0,0,1,8_1,1_8
1,1,2,25,5,2,0,0,0,1,9_5,1_4
1,1,2,38,7,3,0,0,0,1,4_1,1_3
3,1,1,27,6,3,0,0,0,0,0_0,1_4
2,2,2,32,6,2,0,0,0,0,0_0,1_6
1,1,1,48,8,2,0,0,0,1,4_3,1_4
2,1,2,27,6,3,0,0,0,0,0_0,2_7
1,1,1,53,8,3,0,0,0,1,9_9,1_2
1,1,1,22,5,3,0,0,0,1,1_1,1_2
2,1,2,21,5,2,0,0,0,1,0_0,1_3
1,1,1,40,7,2,0,0,0,1,4_1,1_1
1,1,1,14,3,2,0,0,0,1,5_4,1_7
1,1,1,16,4,3,0,0,0,0,0_0,1_4
1,1,1,32,6,3,0,0,0,0,0_0,1_10
1,1,2,12,3,2,0,0,0,1,5_3,1_4
1,1,1,55,8,3,0,0,0,0,0_0,1_4
1,1,2,13,3,3,0,0,0,1,9_6,1_7
1,1,1,47,8,2,0,0,0,1,4_3,1_2
1,1,2,39,7,3,0,0,0,0,0_0,1_6
1,1,2,22,5,3,0,0,0,1,5_3,1_2
1,1,1,33,6,1,0,0,0,0,0_0,1_6
1,1,1,40,7,3,0,0,0,0,0_0,1_8
1,2,2,12,3,2,0,0,0,1,5_3,1_3
1,2,1,74,10,3,0,0,0,1,5_9,1_5
3,1,2,28,6,3,0,0,0,0,0_0,1_4
1,2,2,20,4,3,0,0,0,0,0_0,1_9
2,2,2,49,8,3,0,0,0,0,0_0,1_1
1,1,2,28,6,3,0,0,0,1,1_9,1_1
2,1,1,25,5,2,0,0,0,0,0_0,1_8
2,2,1,22,5,3,0,0,0,0,0_0,1_9
1,1,1,17,4,3,0,0,0,1,4_3,1_3
3,1,1,41,7,3,0,0,0,0,0_0,1_5
1,1,1,48,8,2,0,0,0,1,1_3,1_1
1,1,2,53,8,2,0,0,0,1,10_9,1_3
1,1,2,50,8,3,0,0,0,0,0_0,1_1
1,1,2,6,2,3,0,0,0,1,5_1,1_1
1,1,1,17,4,2,0,0,0,0,0_0,1_2
1,1,1,86,11,2,0,0,0,1,1_1,-1_-1
2,1,2,23,5,3,0,0,0,0,0_0,2_8
1,1,2,68,10,2,0,0,0,1,4_9,1_5
1,1,2,85,11,1,0,0,0,0,0_0,1_10
1,1,1,11,3,2,0,0,0,1,5_2,1_4
1,1,1,33,6,1,0,0,0,0,0_0,1_7
3,2,1,33,6,3,0,0,0,0,0_0,1_1
1,1,1,40,7,2,0,0,0,1,5_1,-1_-1
1,1,2,86,11,1,0,0,0,1,5_1,-1_-1
2,2,2,22,5,3,0,0,0,1,0_0,1_1
1,1,1,87,11,3,0,0,0,0,0_0,2_4
1,1,1,45,7,2,0,0,0,0,0_0,3_7
1,1,1,49,8,3,0,0,0,1,6_9,1_5
2,2,1,63,9,3,0,0,0,0,0_0,1_4
2,1,1,55,8,3,0,0,0,0,0_0,3_7
1,1,1,9,2,3,0,0,0,0,0_0,-1_-1
1,1,2,62,9,3,0,0,0,1,5_1,1_2
2,2,2,38,7,3,0,0,0,0,0_0,-1_-1
2,1,1,13,3,2,0,0,0,0,0_0,1_2
1,1,1,42,7,3,0,0,0,0,0_0,2_2
1,1,1,12,3,2,0,0,0,1,5_3,1_5
1,1,1,35,6,2,0,0,0,0,0_0,3_6
2,1,1,65,9,3,0,0,0,0,0_0,2_5
1,1,2,82,11,2,0,0,0,0,0_0,2_9
2,1,1,21,5,3,0,0,0,0,0_0,2_10
1,1,1,64,9,3,0,0,0,0,0_0,1_9
2,1,1,78,11,2,0,0,0,0,0_0,1_4
1,1,1,54,8,2,0,0,0,1,9_9,1_1
1,1,2,15,3,3,0,0,0,1,1_1,1_2
1,1,1,4,1,3,0,0,0,1,6_9,1_2
1,1,2,56,9,3,0,0,0,1,1_1,1_2
1,1,2,11,3,3,0,0,0,1,10_9,1_1
3,3,1,52,8,3,0,0,0,0,0_0,3_10
1,2,1,36,7,3,0,0,0,1,6_9,1_1
1,1,1,21,5,2,0,0,0,1,10_9,-1_-1
1,1,2,57,9,2,0,0,0,0,0_0,1_3
2,1,2,52,8,3,0,0,0,0,0_0,1_10
2,1,1,32,6,2,0,0,0,0,0_0,2_7
2,1,1,8,2,2,0,0,0,0,0_0,1_5
1,3,1,26,6,3,0,0,0,0,0_0,1_5
2,1,2,72,10,3,0,0,0,0,0_0,1_4
1,1,2,87,11,3,0,0,0,0,0_0,1_6
2,1,2,30,6,3,0,0,0,0,0_0,3_9
1,1,1,35,6,3,0,0,0,1,8_9,1_1
2,3,1,23,5,2,0,0,0,0,0_0,1_5
2,1,2,58,9,2,0,0,0,0,0_0,1_1
3,1,2,25,5,3,0,0,0,0,0_0,1_9
1,1,1,75,10,3,0,0,0,1,1_3,1_8
1,1,2,47,8,2,0,0,0,0,0_0,1_6
2,2,1,32,6,2,0,0,0,0,0_0,1_2
1,1,1,35,6,1,0,0,0,0,0_0,1_1
1,1,1,13,3,3,0,0,0,1,5_1,1_8
2,1,1,50,8,2,0,0,0,0,0_0,1_1
1,2,1,29,6,3,0,0,0,0,0_0,1_2
1,1,1,11,3,3,0,0,0,1,5_2,1_4
1,2,2,43,7,2,0,0,0,1,6_9,1_3
1,3,2,13,3,3,0,0,0,1,6_9,1_3
1,1,2,57,9,3,0,0,0,0,0_0,1_8
1,1,2,15,3,3,0,0,0,1,1_1,1_9
1,1,2,35,6,3,0,0,0,1,5_3,1_3
1,1,2,12,3,3,0,0,0,1,8_1,3_2
2,1,1,76,11,3,0,0,0,0,0_0,1_9
1,1,1,11,3,2,0,0,0,0,0_0,-1_-1
1,1,2,12,3,3,0,0,0,1,8_1,1_3
2,2,2,74,10,2,0,0,0,0,0_0,1_3
2,1,1,48,8,3,0,0,0,0,0_0,1_9
2,1,1,43,7,2,0,0,0,0,0_0,1_6
1,1,2,59,9,2,0,0,0,1,4_9,1_1
2,1,1,46,8,3,0,0,0,0,0_0,1_10
1,1,1,35,6,2,0,0,0,1,4_3,1_2
1,1,2,41,7,3,0,0,0,1,9_9,1_4
1,1,1,12,3,3,0,0,0,1,5_3,1_6
1,1,1,52,8,3,0,0,0,1,5_1,-1_-1
1,1,2,56,9,3,0,0,0,0,0_0,-1_-1
1,1,2,70,10,3,0,0,0,1,9_8,1_6
1,1,2,12,3,3,0,0,0,1,0_0,1_8
1,2,1,47,8,3,0,0,0,0,0_0,1_8
1,1,2,42,7,3,0,0,0,1,6_9,1_5
2,1,2,25,5,2,0,0,0,0,0_0,-1_-1
1,1,1,35,6,2,0,0,0,0,0_0,3_10
1,1,1,59,9,3,0,0,0,1,5_3,1_5
1,1,2,33,6,3,0,0,0,1,1_3,1_4
2,1,1,37,7,2,0,0,0,0,0_0,1_3
1,1,1,30,6,3,0,0,0,1,5_3,1_6
3,2,1,40,7,3,0,0,0,0,0_0,1_4
1,1,1,11,3,2,0,0,0,1,1_1,1_4
2,1,2,38,7,2,0,0,0,0,0_0,1_4
2,1,2,20,4,3,0,0,0,0,0_0,1_7
1,2,2,20,4,3,0,0,0,1,4_4,1_7
1,1,2,29,6,3,0,0,0,1,6_9,1_4
1,1,2,58,9,2,0,0,0,1,9_5,1_5
3,3,1,45,7,3,0,0,0,0,0_0,1_4
1,1,2,59,9,3,0,0,0,1,5_1,1_3
1,2,1,41,7,3,0,0,0,0,0_0,-1_-1
2,3,2,34,6,3,0,0,0,1,5_3,1_7
1,1,1,80,11,3,0,0,0,0,0_0,1_2
1,1,2,64,9,3,0,0,0,1,6_9,1_5
1,1,1,4,1,2,0,0,0,1,5_3,1_5
1,1,2,47,8,3,0,0,0,1,0_0,1_8
1,1,1,5,1,2,0,0,0,1,4_1,1_1
2,2,1,74,10,2,0,0,0,0,0_0,-1_-1
1,1,1,15,3,2,0,0,0,1,5_1,1_10
1,1,2,10,2,3,0,0,0,1,1_1,1_1
1,1,2,3,1,3,0,0,0,1,8_9,1_3
2,1,2,38,7,2,0,0,0,0,0_0,1_1
2,1,1,58,9,2,0,0,0,0,0_0,1_10
2,1,2,32,6,2,0,0,0,0,0_0,-1_-1
1,1,2,3,1,2,0,0,0,1,5_1,1_3
3,1,2,30,6,3,0,0,0,0,0_0,-1_-1
1,1,2,35,6,3,0,0,0,1,9_7,1_2
2,1,2,29,6,2,0,0,0,0,0_0,1_5
1,1,1,44,7,3,0,0,0,0,0_0,1_-1
1,1,2,29,6,3,0,0,0,1,5_1,1_3
1,1,1,5,1,2,0,0,0,1,8_2,1_3
3,2,1,30,6,3,0,0,0,0,0_0,1_2
1,1,2,51,8,3,0,0,0,1,1_1,1_7
2,1,1,14,3,3,0,0,0,0,0_0,1_8
1,1,2,5,1,3,0,0,0,1,1_2,1_5
1,1,2,41,7,3,0,0,0,0,0_0,1_8
2,2,2,30,6,3,0,0,0,0,0_0,1_3
2,1,2,32,6,2,0,0,0,0,0_0,1_3
2,3,1,61,9,2,0,0,0,0,0_0,1_5
1,1,1,81,11,3,0,0,0,0,0_0,1_3
1,1,2,63,9,3,0,0,0,1,5_4,1_2
1,1,2,37,7,3,0,0,0,1,1_9,1_4
1,1,1,44,7,2,0,0,0,0,0_0,1_4
1,1,2,12,3,2,0,0,0,1,10_9,1_2
1,1,2,68,10,2,0,0,0,1,1_9,1_2
2,2,2,33,6,3,0,0,0,0,0_0,1_3
1,1,2,47,8,3,0,0,0,1,5_9,1_2
1,1,1,9,2,3,0,0,0,1,7_3,-1_-1
1,2,1,26,6,3,0,0,0,0,0_0,-1_-1
1,1,2,17,4,3,0,0,0,1,1_9,1_5
2,1,2,29,6,3,0,0,0,0,0_0,3_6
1,1,1,56,9,3,0,0,0,0,0_0,1_7
2,1,2,14,3,3,0,0,0,0,0_0,2_6
1,1,1,28,6,3,0,0,0,1,4_1,2_6
1,2,2,45,7,2,0,0,0,1,4_1,1_5
2,2,2,59,9,3,0,0,0,0,0_0,3_6
2,3,2,31,6,2,0,0,0,0,0_0,1_2
1,1,1,21,5,2,0,0,0,1,4_3,1_7
2,1,2,45,7,2,0,0,0,1,9_5,1_6
2,1,2,52,8,3,0,0,0,0,0_0,1_6
1,1,1,14,3,2,0,0,0,1,8_1,1_4
1,1,2,4,1,3,0,0,0,1,6_9,2_4
1,2,1,7,2,2,0,0,0,1,6_9,2_4
2,3,2,7,2,2,0,0,0,0,0_0,2_4
1,1,1,6,2,3,0,0,0,1,5_3,1_2
1,1,2,67,10,3,0,0,0,0,0_0,1_2
2,1,2,39,7,3,0,0,0,0,0_0,1_-1
1,1,1,30,6,2,0,0,0,1,10_9,1_2
1,1,1,42,7,3,0,0,0,1,0_0,1_-1
1,1,1,51,8,3,0,0,0,1,10_9,1_2
2,1,2,60,9,3,0,0,0,0,0_0,1_2
1,1,2,43,7,3,0,0,0,1,5_3,1_7
2,1,2,46,8,2,0,0,0,0,0_0,1_3
1,1,2,2,1,3,0,0,0,1,5_1,1_1
1,1,1,33,6,3,0,0,0,1,9_7,1_2
1,1,2,20,4,3,0,0,0,0,0_0,3_10
2,1,2,64,9,3,0,0,0,0,0_0,1_7
1,1,2,25,5,3,0,0,0,0,0_0,3_8
1,1,2,92,11,3,0,0,0,0,0_0,2_8
1,1,1,26,6,3,0,0,0,1,4_3,1_7
1,1,1,85,11,3,0,0,0,0,0_0,1_8
1,1,2,60,9,2,0,0,0,0,0_0,1_7
2,1,1,24,5,3,0,0,0,0,0_0,2_8
1,1,2,61,9,3,0,0,0,0,0_0,3_10
1,1,2,74,10,3,0,0,0,0,0_0,3_10
2,1,1,68,10,3,0,0,0,0,0_0,1_2
1,2,2,3,1,3,0,0,0,1,0_0,-1_-1
2,1,1,8,2,3,0,0,0,1,0_0,1_1
1,1,1,33,6,3,0,0,0,1,0_0,1_2
2,1,2,26,6,2,0,0,0,0,0_0,-1_-1
1,1,1,65,9,2,0,0,0,0,0_0,1_1
1,2,2,19,4,3,0,0,0,0,0_0,1_4
2,1,1,67,10,2,0,0,0,0,0_0,1_3
1,1,2,17,4,3,0,0,0,1,9_5,1_3
1,2,2,48,8,3,0,0,0,1,9_6,1_3
1,1,2,74,10,2,0,0,0,1,10_5,1_4
1,1,1,45,7,3,0,0,0,1,9_5,-1_-1
1,1,1,15,3,2,0,0,0,1,8_9,1_2
1,1,2,52,8,2,0,0,0,0,0_0,1_2
2,2,1,29,6,3,0,0,0,0,0_0,-1_-1
1,1,2,71,10,3,0,0,0,1,5_1,1_1
2,2,1,31,6,3,0,0,0,0,0_0,-1_-1
3,3,1,17,4,2,0,0,0,0,0_0,1_9
2,1,2,56,9,3,0,0,0,0,0_0,2_9
1,1,2,14,3,3,0,0,0,1,5_4,1_1
1,1,2,18,4,2,0,0,0,1,9_5,1_1
1,1,1,60,9,2,0,0,0,0,0_0,1_7
1,1,1,64,9,2,0,0,0,0,0_0,-1_-1
2,1,1,74,10,3,0,0,0,0,0_0,1_5
1,1,1,13,3,2,0,0,0,0,0_0,2_4
1,1,1,36,7,2,0,0,0,1,5_1,2_1
2,2,2,25,5,3,0,0,0,1,0_0,1_1
1,2,1,32,6,3,0,0,0,0,0_0,1_5
1,1,2,14,3,3,0,0,0,1,5_2,1_2
1,1,1,8,2,3,0,0,0,1,5_3,1_1
1,1,1,39,7,3,0,0,0,1,6_5,-1_-1
1,1,2,43,7,3,0,0,0,0,0_0,1_8
1,1,1,6,2,3,0,0,0,1,6_9,2_8
2,1,1,37,7,3,0,0,0,0,0_0,2_7
1,1,1,50,8,2,0,0,0,1,4_3,1_1
2,1,2,70,10,2,0,0,0,0,0_0,1_1
3,1,2,84,11,2,0,0,0,0,0_0,1_5
1,1,1,61,9,3,0,0,0,1,1_1,1_10
2,3,1,30,6,2,0,0,0,1,0_0,-1_-1
1,1,1,77,11,3,0,0,0,1,10_6,2_5
1,1,2,12,3,3,0,0,0,1,5_3,1_1
1,1,2,42,7,3,0,0,0,1,10_9,1_1
1,1,1,48,8,2,0,0,0,1,8_7,-1_-1
1,1,2,40,7,3,0,0,0,0,0_0,1_1
2,2,2,77,11,2,0,0,0,0,0_0,1_7
1,1,1,67,10,3,0,0,0,0,0_0,-1_-1
1,1,1,64,9,2,0,0,0,0,0_0,1_3
1,1,2,51,8,3,0,0,0,1,1_3,1_2
1,2,2,9,2,3,0,0,0,1,1_3,1_3
1,1,1,9,2,3,0,0,0,1,5_9,2_1
1,1,1,14,3,3,0,0,0,1,5_4,3_5
2,1,1,71,10,3,0,0,0,0,0_0,1_3
2,2,1,57,9,2,0,0,0,0,0_0,-1_-1
2,1,1,69,10,3,0,0,0,0,0_0,3_6
1,1,1,68,10,3,0,0,0,1,5_9,1_5
1,1,1,6,2,2,0,0,0,1,5_4,1_1
3,2,1,56,9,3,0,0,0,0,0_0,1_5
1,1,1,54,8,2,0,0,0,0,0_0,2_8
1,1,2,28,6,2,0,0,0,0,0_0,-1_-1
2,1,2,28,6,3,0,0,0,0,0_0,2_3
1,1,1,11,3,2,0,0,0,1,8_9,-1_-1
1,1,1,84,11,2,0,0,0,1,5_1,1_6
2,1,2,18,4,2,0,0,0,0,0_0,3_5
2,1,2,51,8,3,0,0,0,0,0_0,3_4
2,1,1,17,4,2,0,0,0,1,0_0,1_1
1,1,2,20,4,3,0,0,0,0,0_0,2_4
2,2,2,56,9,3,0,0,0,0,0_0,2_7
1,1,1,37,7,2,0,0,0,1,9_5,1_1
1,2,1,30,6,2,0,0,0,1,9_5,1_1
1,1,2,61,9,3,0,0,0,1,6_8,1_6
1,2,1,60,9,3,0,0,0,0,0_0,-1_-1
1,1,1,65,9,3,0,0,0,0,0_0,1_4
3,1,2,66,10,3,0,0,0,0,0_0,1_7
2,1,1,59,9,3,0,0,0,0,0_0,2_5
1,1,2,28,6,2,0,0,0,1,6_9,1_8
1,2,1,34,6,3,0,0,0,1,6_9,1_8
1,2,1,21,5,3,0,0,0,0,0_0,3_6
3,1,2,37,7,3,0,0,0,0,0_0,1_4
2,1,1,48,8,3,0,0,0,0,0_0,3_5
1,1,1,57,9,2,0,0,0,0,0_0,1_8
2,1,1,51,8,2,0,0,0,0,0_0,2_7
1,1,1,19,4,3,0,0,0,1,5_9,3_7
1,1,2,51,8,2,0,0,0,0,0_0,2_6
2,2,1,55,8,2,0,0,0,0,0_0,2_6
1,1,2,26,6,2,0,0,0,0,0_0,2_7
2,2,1,59,9,3,0,0,0,0,0_0,1_2
1,1,1,47,8,2,0,0,0,0,0_0,1_1
1,1,2,61,9,3,0,0,0,0,0_0,1_4
2,1,2,4,1,3,0,0,0,0,0_0,1_1
1,1,2,15,3,2,0,0,0,1,1_9,1_8
2,1,1,38,7,2,0,0,0,0,0_0,1_4
1,1,1,84,11,2,0,0,0,0,0_0,1_1
2,2,2,48,8,3,0,0,0,0,0_0,1_1
1,1,2,32,6,3,0,0,0,1,5_1,1_2
1,2,1,15,3,2,0,0,0,1,0_0,1_1
1,1,2,29,6,2,0,0,0,1,1_9,-1_-1
1,2,2,26,6,3,0,0,0,1,1_9,-1_-1
3,1,2,22,5,2,0,0,0,0,0_0,1_1
2,1,2,55,8,2,0,0,0,0,0_0,3_8
1,1,1,76,11,3,0,0,0,1,1_3,1_9
2,1,1,85,11,3,0,0,0,0,0_0,2_5
2,1,2,84,11,2,0,0,0,0,0_0,1_3
2,1,1,80,11,3,0,0,0,0,0_0,1_7
1,2,2,26,6,3,0,0,0,0,0_0,1_1
1,1,1,91,11,3,0,0,0,0,0_0,1_10
1,1,2,42,7,3,0,0,0,0,0_0,1_8
1,1,2,13,3,3,0,0,0,1,1_1,1_1
2,2,2,52,8,3,0,0,0,0,0_0,-1_-1
1,1,2,17,4,3,0,0,0,1,5_4,1_7
2,2,1,23,5,2,0,0,0,0,0_0,1_3
2,3,1,17,4,3,0,0,0,1,0_0,1_1
1,1,2,12,3,2,0,0,0,1,5_9,1_7
1,1,1,41,7,2,0,0,0,1,2_9,1_4
1,1,2,23,5,3,0,0,0,1,9_9,1_1
1,1,2,10,2,2,0,0,0,1,5_2,1_3
2,2,1,19,4,3,0,0,0,0,0_0,1_6
1,1,1,42,7,2,0,0,0,1,5_9,1_1
1,1,1,50,8,2,0,0,0,0,0_0,1_4
1,1,2,45,7,2,0,0,0,0,0_0,1_1
1,1,2,12,3,2,0,0,0,1,5_1,1_2
2,1,2,22,5,3,0,0,0,0,0_0,1_1
1,1,1,48,8,2,0,0,0,1,10_9,1_7
1,1,1,36,7,3,0,0,0,1,5_9,1_7
2,1,1,22,5,2,0,0,0,1,0_0,1_4
1,1,2,12,3,1,0,0,0,1,5_1,1_2
2,2,1,19,4,2,0,0,0,0,0_0,1_8
2,1,2,44,7,3,0,0,0,0,0_0,1_1
1,1,2,12,3,3,0,0,0,1,5_2,1_2
2,2,1,67,10,3,0,0,0,0,0_0,1_3
3,1,2,72,10,3,0,0,0,0,0_0,1_7
1,1,2,45,7,2,0,0,0,0,0_0,3_9
1,1,1,26,6,2,0,0,0,0,0_0,2_5
1,1,1,13,3,2,0,0,0,1,5_3,1_5
1,1,2,38,7,2,0,0,0,0,0_0,1_3
3,2,2,33,6,3,0,0,0,0,0_0,1_5
1,1,1,46,8,3,0,0,0,0,0_0,1_-1
1,1,1,20,4,3,0,0,0,1,5_1,1_2
1,1,1,18,4,3,0,0,0,1,5_1,1_7
1,1,1,55,8,3,0,0,0,0,0_0,1_2
3,1,1,50,8,2,0,0,0,0,0_0,3_5
1,1,2,32,6,2,0,0,0,1,1_3,-1_-1
1,1,1,75,10,3,0,0,0,1,10_9,1_3
2,1,1,47,8,3,0,0,0,0,0_0,1_5
2,1,1,62,9,3,0,0,0,0,0_0,1_4
1,1,1,55,8,3,0,0,0,0,0_0,1_9
2,1,1,47,8,3,0,0,0,1,10_9,1_7
1,1,1,48,8,3,0,0,0,1,1_3,1_3
1,1,2,34,6,3,0,0,0,0,0_0,1_10
1,1,1,13,3,2,0,0,0,1,1_2,-1_-1
2,1,2,14,3,2,0,0,0,0,0_0,1_1
2,3,2,61,9,3,0,0,0,0,0_0,1_9
3,1,1,18,4,3,0,0,0,0,0_0,-1_-1
1,1,1,30,6,3,0,0,0,1,8_9,1_6
1,1,1,25,5,3,0,0,0,1,5_1,1_7
2,1,2,30,6,1,0,0,0,0,0_0,1_5
1,1,1,56,9,2,0,0,0,1,1_3,1_2
1,1,2,36,7,2,0,0,0,1,1_1,1_2
2,2,2,49,8,3,0,0,0,0,0_0,2_7
2,1,1,65,9,3,0,0,0,0,0_0,-1_-1
1,1,1,70,10,2,0,0,0,1,1_3,-1_-1
1,1,1,12,3,3,0,0,0,1,6_9,1_1
1,1,1,63,9,2,0,0,0,1,4_1,1_7
1,2,1,2,1,3,0,0,0,1,1_1,1_8
1,3,1,1,1,3,0,0,0,1,1_1,2_4
1,1,2,8,2,2,0,0,0,1,1_1,1_8
1,1,1,85,11,2,0,0,0,1,5_3,-1_-1
1,1,1,20,4,2,0,0,0,1,10_1,1_9
2,1,2,59,9,3,0,0,0,0,0_0,1_5
1,1,2,30,6,3,0,0,0,0,0_0,1_9
1,1,2,25,5,2,0,0,0,1,5_1,1_5
1,1,2,31,6,3,0,0,0,1,1_1,1_6
2,1,1,38,7,3,0,0,0,0,0_0,1_10
1,1,2,73,10,3,0,0,0,0,0_0,1_4
1,1,2,83,11,2,0,0,0,1,5_3,-1_-1
1,1,2,13,3,2,0,0,0,1,5_2,1_3
2,1,1,76,11,2,0,0,0,0,0_0,1_7
1,1,1,14,3,3,0,0,0,1,1_3,1_6
1,1,1,38,7,2,0,0,0,0,0_0,-1_-1
1,1,1,47,8,3,0,0,0,0,0_0,3_3
2,2,1,51,8,2,0,0,0,0,0_0,1_2
1,1,1,12,3,3,0,0,0,1,0_0,-1_-1
1,2,1,13,3,3,0,0,0,0,0_0,-1_-1
1,1,2,73,10,3,0,0,0,1,9_6,-1_-1
1,1,1,18,4,2,0,0,0,1,1_1,-1_-1
1,1,1,50,8,3,0,0,0,0,0_0,-1_-1
1,1,1,19,4,3,0,0,0,1,6_9,1_5
1,1,1,53,8,2,0,0,0,1,1_3,1_10
2,2,2,56,9,3,0,0,0,0,0_0,2_2
1,1,2,88,11,3,0,0,0,1,5_1,1_10
1,1,1,15,3,3,0,0,0,1,5_9,1_9
1,1,2,81,11,3,0,0,0,0,0_0,1_8
1,1,1,60,9,1,0,0,0,0,0_0,1_5
2,1,1,55,8,3,0,0,0,1,0_0,1_5
2,2,1,55,8,3,0,0,0,0,0_0,2_5
2,2,1,33,6,3,0,0,0,0,0_0,3_7
2,1,1,27,6,2,0,0,0,0,0_0,1_1
2,1,2,61,9,3,0,0,0,0,0_0,1_8
3,1,1,53,8,3,0,0,0,0,0_0,1_5
1,2,2,73,10,3,0,0,0,0,0_0,1_2
2,1,1,50,8,3,0,0,0,1,0_0,-1_-1
2,1,1,38,7,2,0,0,0,0,0_0,1_1
2,1,2,41,7,3,0,0,0,0,0_0,2_9
1,1,1,68,10,3,0,0,0,0,0_0,1_2
1,1,1,38,7,3,0,0,0,1,4_3,1_2
2,2,2,58,9,3,0,0,0,0,0_0,1_7
2,1,1,23,5,2,0,0,0,0,0_0,1_6
1,1,1,37,7,2,0,0,0,1,8_9,1_6
2,2,1,50,8,2,0,0,0,0,0_0,1_10
3,3,1,60,9,2,0,0,0,0,0_0,1_10
1,1,1,36,7,3,0,0,0,1,4_3,1_3
1,1,1,44,7,3,0,0,0,1,6_9,1_3
1,1,2,51,8,3,0,0,0,1,10_9,-1_-1
1,1,2,10,2,2,0,0,0,1,4_9,1_5
1,1,1,38,7,2,0,0,0,1,5_9,1_9
1,1,2,48,8,2,0,0,0,0,0_0,1_4
1,1,2,10,2,3,0,0,0,1,1_1,1_3
1,1,1,12,3,3,0,0,0,1,5_9,1_2
1,1,2,71,10,2,0,0,0,1,5_2,1_6
1,1,1,30,6,2,0,0,0,1,6_9,1_3
1,1,1,12,3,3,0,0,0,1,8_3,1_3
1,1,1,42,7,3,0,0,0,1,5_2,-1_-1
1,1,1,74,10,1,0,0,0,0,0_0,-1_-1
2,2,1,39,7,2,0,0,0,0,0_0,1_2
1,1,1,14,3,2,0,0,0,1,1_3,1_7
1,2,1,64,9,2,0,0,0,0,0_0,1_1
1,1,1,67,10,1,0,0,0,0,0_0,-1_-1
3,2,2,45,7,3,0,0,0,0,0_0,-1_-1
1,1,1,13,3,3,0,0,0,1,6_9,1_4
1,1,2,67,10,2,0,0,0,1,4_1,1_2
2,1,2,34,6,2,0,0,0,0,0_0,1_4
1,1,1,8,2,2,0,0,0,1,1_4,1_2
1,1,1,67,10,2,0,0,0,1,10_8,1_8
1,1,2,53,8,3,0,0,0,1,5_4,1_2
1,1,1,16,4,2,0,0,0,1,0_0,1_1
1,1,2,12,3,3,0,0,0,1,5_3,1_4
1,1,1,74,10,2,0,0,0,1,9_5,1_6
1,1,1,38,7,2,0,0,0,0,0_0,2_6
1,1,1,14,3,3,0,0,0,1,9_8,3_6
1,2,2,84,11,2,0,0,0,0,0_0,1_8
3,1,1,55,8,3,0,0,0,0,0_0,1_4
2,1,2,55,8,2,0,0,0,0,0_0,1_6
1,1,1,20,4,1,0,0,0,0,0_0,1_3
2,2,1,65,9,3,0,0,0,0,0_0,2_6
1,1,1,90,11,3,0,0,0,1,8_8,1_4
1,1,1,42,7,3,0,0,0,1,10_9,1_2
1,2,2,19,4,3,0,0,0,0,0_0,1_10
2,3,1,51,8,3,0,0,0,0,0_0,1_3
2,3,2,18,4,2,0,0,0,0,0_0,1_5
1,1,1,38,7,3,0,0,0,1,5_9,1_2
1,1,1,43,7,2,0,0,0,1,5_1,1_4
2,2,2,30,6,3,0,0,0,0,0_0,1_-1
1,1,2,25,5,3,0,0,0,1,6_9,1_7
1,1,1,29,6,3,0,0,0,1,4_1,1_1
1,1,2,5,1,3,0,0,0,1,1_3,1_1
1,1,1,60,9,2,0,0,0,1,5_1,1_3
1,1,2,55,8,3,0,0,0,1,1_2,1_5
1,1,1,11,3,3,0,0,0,1,2_3,1_2
1,1,1,9,2,3,0,0,0,1,5_2,1_3
1,1,2,24,5,3,0,0,0,1,1_4,1_10
1,1,1,42,7,3,0,0,0,1,9_5,1_4
1,2,1,32,6,3,0,0,0,1,9_5,1_4
1,1,1,46,8,3,0,0,0,1,5_1,1_4
1,1,2,23,5,2,0,0,0,1,6_9,1_2
1,1,1,47,8,3,0,0,0,1,6_9,1_2
2,2,1,37,7,3,0,0,0,1,0_0,1_2
3,1,2,61,9,3,0,0,0,0,0_0,1_2
1,1,1,22,5,3,0,0,0,1,5_1,1_1
1,1,1,40,7,3,0,0,0,1,5_9,1_3
2,1,1,53,8,2,0,0,0,0,0_0,1_2
1,1,2,30,6,3,0,0,0,0,0_0,3_10
1,1,1,40,7,2,0,0,0,1,1_3,1_6
1,1,2,38,7,3,0,0,0,1,5_1,1_5
1,1,2,75,10,2,0,0,0,0,0_0,1_5
1,1,1,49,8,2,0,0,0,0,0_0,1_3
1,1,1,5,1,2,0,0,0,1,5_2,2_2
1,1,1,85,11,3,0,0,0,0,0_0,2_6
2,3,2,80,11,3,0,0,0,0,0_0,1_8
1,1,2,85,11,2,0,0,0,0,0_0,3_5
1,1,1,45,7,3,0,0,0,1,8_9,1_2
2,2,1,42,7,3,0,0,0,0,0_0,1_9
1,1,2,15,3,3,0,0,0,1,10_5,1_1
2,2,1,56,9,3,0,0,0,0,0_0,2_4
1,1,1,20,4,3,0,0,0,0,0_0,2_7
1,1,1,70,10,2,0,0,0,1,5_3,1_4
1,1,2,63,9,2,0,0,0,1,7_1,1_2
2,1,2,30,6,3,0,0,0,0,0_0,2_1
1,1,1,49,8,1,0,0,0,1,5_1,-1_-1
1,1,1,21,5,2,0,0,0,0,0_0,2_3
1,1,1,10,2,3,0,0,0,1,1_1,-1_-1
1,1,1,33,6,3,0,0,0,0,0_0,2_8
1,1,1,7,2,2,0,0,0,0,0_0,-1_-1
2,2,1,51,8,3,0,0,0,0,0_0,2_2
1,1,2,16,4,2,0,0,0,1,9_7,-1_-1
1,1,2,14,3,3,0,0,0,1,4_3,-1_-1
2,1,1,25,5,3,0,0,0,1,0_0,1_1
1,1,1,27,6,1,0,0,0,0,0_0,2_4
1,1,2,18,4,2,0,0,0,1,8_2,1_10
1,1,2,31,6,3,0,0,0,1,9_9,1_3
2,1,2,36,7,3,0,0,0,0,0_0,1_7
1,1,1,57,9,3,0,0,0,0,0_0,3_6
2,2,2,40,7,3,0,0,0,0,0_0,3_6
1,1,2,22,5,3,0,0,0,0,0_0,3_6
2,1,1,36,7,3,0,0,0,0,0_0,3_10
1,1,1,13,3,3,0,0,0,0,0_0,1_9
1,1,2,10,2,3,0,0,0,1,5_2,3_6
1,1,1,81,11,3,0,0,0,0,0_0,3_6
1,1,1,2,1,2,0,0,0,1,5_2,1_1
1,1,2,51,8,1,0,0,0,1,9_9,1_1
1,1,1,64,9,3,0,0,0,1,9_9,1_10
1,1,1,64,9,2,0,0,0,1,9_5,1_8
1,1,2,60,9,2,0,0,0,1,10_9,1_10
1,1,2,45,7,3,0,0,0,1,1_9,1_1
1,1,1,46,8,3,0,0,0,0,0_0,1_9
2,3,1,50,8,3,0,0,0,0,0_0,1_3
1,1,1,13,3,2,0,0,0,1,5_1,-1_-1
1,1,2,63,9,3,0,0,0,1,1_1,1_1
2,1,1,37,7,2,0,0,0,0,0_0,1_1
1,1,2,63,9,3,0,0,0,1,5_2,1_1
3,1,1,27,6,3,0,0,0,0,0_0,3_1
3,2,1,22,5,3,0,0,0,0,0_0,1_9
1,1,2,15,3,3,0,0,0,1,1_3,1_2
1,1,1,36,7,2,0,0,0,1,5_1,-1_-1
1,1,1,34,6,3,0,0,0,1,5_1,1_7
2,1,1,16,4,2,0,0,0,0,0_0,1_6
1,1,2,32,6,3,0,0,0,1,5_3,1_3
1,1,2,55,8,3,0,0,0,1,5_4,1_4
1,1,1,43,7,2,0,0,0,1,1_1,1_3
2,2,1,53,8,3,0,0,0,0,0_0,1_7
1,1,2,56,9,3,0,0,0,1,1_3,1_3
1,1,1,16,4,2,0,0,0,1,5_9,1_4
1,1,1,64,9,2,0,0,0,1,9_8,1_2
1,1,2,58,9,3,0,0,0,1,1_1,1_8
1,1,2,31,6,3,0,0,0,1,5_2,1_5
1,1,2,25,5,3,0,0,0,1,4_1,1_3
1,1,1,34,6,2,0,0,0,1,5_9,-1_-1
1,1,1,38,7,2,0,0,0,1,5_1,-1_-1
1,1,1,43,7,2,0,0,0,1,6_9,1_1
1,1,2,10,2,3,0,0,0,1,5_3,1_1
2,1,2,28,6,2,0,0,0,0,0_0,1_1
1,2,1,43,7,3,0,0,0,0,0_0,-1_-1
2,3,2,29,6,3,0,0,0,0,0_0,1_1
1,1,1,87,11,3,0,0,0,1,5_3,1_7
1,1,1,55,8,2,0,0,0,0,0_0,1_1
2,1,1,30,6,2,0,0,0,0,0_0,-1_-1
1,1,1,74,10,2,0,0,0,1,6_9,1_7
2,1,1,56,9,2,0,0,0,0,0_0,1_3
1,1,1,63,9,3,0,0,0,1,5_3,-1_-1
1,1,2,27,6,2,0,0,0,1,5_1,1_6
1,2,1,51,8,2,0,0,0,0,0_0,2_8
3,2,2,49,8,3,0,0,0,0,0_0,1_10
2,1,2,14,3,1,0,0,0,0,0_0,1_2
1,2,2,50,8,3,0,0,0,1,5_3,1_1
2,1,1,40,7,2,0,0,0,0,0_0,1_2
1,1,1,42,7,2,0,0,0,1,10_9,1_3
1,1,2,46,8,3,0,0,0,1,8_3,-1_-1
1,1,2,25,5,3,0,0,0,1,1_1,1_3
2,1,2,26,6,3,0,0,0,0,0_0,1_10
1,1,2,64,9,3,0,0,0,1,6_9,1_4
1,1,1,66,10,3,0,0,0,1,5_9,1_5
1,1,2,23,5,3,0,0,0,1,4_1,1_2
2,1,1,55,8,2,0,0,0,0,0_0,-1_-1
2,1,2,19,4,3,0,0,0,0,0_0,1_-1
2,1,1,75,10,3,0,0,0,0,0_0,1_1
1,1,2,73,10,3,0,0,0,1,1_3,1_5
2,1,1,78,11,1,0,0,0,0,0_0,2_6
2,1,1,13,3,3,0,0,0,0,0_0,1_9
2,1,2,12,3,3,0,0,0,0,0_0,1_6
1,2,2,71,10,3,0,0,0,0,0_0,1_6
2,1,2,39,7,3,0,0,0,0,0_0,1_4
1,1,2,44,7,3,0,0,0,1,4_1,3_6
3,1,1,22,5,2,0,0,0,0,0_0,1_8
1,1,1,81,11,2,0,0,0,1,5_3,1_3
2,2,1,69,10,3,0,0,0,0,0_0,1_6
1,1,2,27,6,3,0,0,0,1,1_1,1_7
1,2,1,30,6,3,0,0,0,1,1_1,1_2
1,1,2,41,7,2,0,0,0,1,5_3,1_1
1,1,2,43,7,2,0,0,0,1,6_9,1_1
1,1,2,35,6,3,0,0,0,1,5_1,1_3
1,1,2,37,7,2,0,0,0,1,4_2,-1_-1
1,1,2,15,3,3,0,0,0,1,5_3,1_5
1,1,2,78,11,2,0,0,0,1,1_3,1_2
1,3,1,27,6,3,0,0,0,0,0_0,1_2
2,1,2,32,6,2,0,0,0,0,0_0,1_9
1,1,2,32,6,2,0,0,0,0,0_0,1_6
1,1,2,45,7,3,0,0,0,1,9_9,1_8
1,1,1,7,2,3,0,0,0,1,10_9,1_2
1,1,2,86,11,3,0,0,0,0,0_0,1_8
1,1,2,53,8,2,0,0,0,1,6_9,1_3
2,1,1,26,6,2,0,0,0,0,0_0,1_7
1,1,1,27,6,3,0,0,0,1,5_1,1_3
1,1,2,65,9,3,0,0,0,1,5_3,1_9
1,1,1,1,1,3,0,0,0,1,5_9,1_3
1,1,1,60,9,2,0,0,0,0,0_0,1_1
1,1,1,56,9,2,0,0,0,1,5_3,1_2
1,1,2,88,11,3,0,0,0,1,4_3,1_6
1,1,2,49,8,2,0,0,0,1,5_3,1_6
1,1,2,43,7,2,0,0,0,0,0_0,1_10
1,1,2,29,6,3,0,0,0,0,0_0,1_9
1,1,2,70,10,3,0,0,0,1,5_1,1_7
1,1,2,74,10,3,0,0,0,1,5_1,3_6
1,1,2,32,6,2,0,0,0,0,0_0,-1_-1
2,2,2,48,8,2,0,0,0,0,0_0,3_6
3,2,2,22,5,3,0,0,0,0,0_0,2_8
1,1,1,25,5,2,0,0,0,1,5_3,-1_-1
1,1,1,55,8,3,0,0,0,0,0_0,2_9
1,1,2,51,8,3,0,0,0,1,5_3,3_5
1,1,1,53,8,2,0,0,0,0,0_0,1_7
1,1,2,74,10,3,0,0,0,0,0_0,-1_-1
1,1,2,11,3,3,0,0,0,1,5_4,1_3
1,1,2,6,2,3,0,0,0,1,5_4,1_7
1,1,2,80,11,2,0,0,0,0,0_0,1_5
1,1,2,38,7,3,0,0,0,1,10_9,1_3
1,1,1,17,4,2,0,0,0,1,10_9,1_1
1,1,1,29,6,2,0,0,0,1,10_9,1_3
2,2,1,25,5,3,0,0,0,0,0_0,1_4
1,1,1,44,7,3,0,0,0,1,10_9,1_5
1,1,1,12,3,2,0,0,0,1,1_3,1_3
1,1,2,20,4,2,0,0,0,1,6_9,1_3
1,1,2,57,9,3,0,0,0,1,5_2,1_4
1,1,1,38,7,3,0,0,0,1,1_1,1_4
1,2,1,14,3,3,0,0,0,1,5_1,1_3
1,1,2,16,4,3,0,0,0,1,4_1,1_3
1,1,1,67,10,3,0,0,0,1,6_9,1_6
1,1,1,10,2,2,0,0,0,1,6_9,1_6
1,1,1,81,11,3,0,0,0,0,0_0,2_7
2,1,1,40,7,3,0,0,0,0,0_0,2_10
1,1,2,15,3,3,0,0,0,1,4_3,1_1
1,1,2,59,9,2,0,0,0,0,0_0,1_2
1,1,1,70,10,3,0,0,0,0,0_0,1_8
1,2,2,56,9,3,0,0,0,1,0_0,1_3
1,1,2,64,9,3,0,0,0,0,0_0,1_1
1,3,2,36,7,3,0,0,0,0,0_0,1_1
1,1,2,57,9,2,0,0,0,0,0_0,1_5
1,1,1,10,2,3,0,0,0,1,1_2,1_1
2,1,1,66,10,3,0,0,0,0,0_0,1_3
1,1,2,63,9,3,0,0,0,0,0_0,-1_-1
2,1,2,32,6,3,0,0,0,0,0_0,2_9
1,1,1,36,7,3,0,0,0,1,9_8,1_4
1,1,2,49,8,2,0,0,0,0,0_0,1_8
2,2,1,51,8,3,0,0,0,0,0_0,1_8
1,1,2,40,7,2,0,0,0,0,0_0,1_6
1,1,1,18,4,3,0,0,0,1,5_1,1_4
2,1,2,44,7,3,0,0,0,0,0_0,1_10
2,2,1,51,8,1,0,0,0,0,0_0,1_2
1,1,1,59,9,2,0,0,0,1,1_1,1_1
2,1,2,53,8,3,0,0,0,0,0_0,1_1
2,1,1,25,5,3,0,0,0,0,0_0,2_7
2,1,2,29,6,2,0,0,0,0,0_0,3_3
1,1,2,31,6,3,0,0,0,0,0_0,2_5
2,1,1,33,6,1,0,0,0,0,0_0,-1_-1
1,1,1,59,9,3,0,0,0,0,0_0,2_2
2,2,2,71,10,2,0,0,0,0,0_0,3_5
1,1,1,33,6,3,0,0,0,0,0_0,2_5
1,2,2,37,7,2,0,0,0,0,0_0,3_7
1,1,1,26,6,3,0,0,0,1,1_2,-1_-1
1,1,1,31,6,2,0,0,0,0,0_0,3_6
1,1,1,34,6,2,0,0,0,0,0_0,-1_-1
1,1,2,21,5,3,0,0,0,1,5_3,1_2
1,1,2,45,7,2,0,0,0,1,5_9,1_6
2,2,2,66,10,3,0,0,0,1,0_0,1_9
1,1,2,63,9,3,0,0,0,1,9_5,1_7
1,1,1,27,6,2,0,0,0,0,0_0,1_10
1,1,2,44,7,3,0,0,0,1,9_9,1_5
1,1,2,40,7,3,0,0,0,0,0_0,3_8
2,1,1,18,4,2,0,0,0,0,0_0,1_2
1,1,1,41,7,3,0,0,0,1,5_2,1_3
1,1,2,73,10,2,0,0,0,1,10_9,1_2
2,3,1,49,8,3,0,0,0,0,0_0,1_7
2,1,1,23,5,2,0,0,0,0,0_0,1_5
2,1,1,39,7,3,0,0,0,0,0_0,2_6
1,1,2,60,9,3,0,0,0,1,9_9,1_10
1,1,1,46,8,3,0,0,0,1,6_9,1_1
1,2,2,29,6,2,0,0,0,1,10_9,1_1
2,1,1,44,7,2,0,0,0,0,0_0,1_7
1,1,1,18,4,3,0,0,0,1,1_9,1_3
1,1,1,59,9,3,0,0,0,0,0_0,3_7
2,3,1,21,5,3,0,0,0,1,0_0,1_2
2,1,1,62,9,2,0,0,0,0,0_0,2_9
1,1,1,61,9,3,0,0,0,1,1_1,1_2
1,1,2,5,1,2,0,0,0,1,1_3,1_1
3,1,1,19,4,3,0,0,0,0,0_0,1_1
1,1,2,2,1,3,0,0,0,1,5_4,2_7
3,3,1,23,5,2,0,0,0,0,0_0,1_2
3,1,2,24,5,3,0,0,0,0,0_0,1_1
1,1,1,11,3,3,0,0,0,1,4_4,1_3
1,1,2,74,10,3,0,0,0,1,2_1,1_2
1,1,2,25,5,2,0,0,0,0,0_0,-1_-1
3,2,1,78,11,3,0,0,0,0,0_0,1_9
1,2,2,8,2,3,0,0,0,1,10_9,1_1
1,1,1,14,3,3,0,0,0,1,1_3,1_2
2,1,1,58,9,3,0,0,0,0,0_0,-1_-1
1,1,2,50,8,3,0,0,0,1,4_1,1_1
1,1,1,28,6,3,0,0,0,1,6_9,1_3
2,1,2,9,2,3,0,0,0,0,0_0,-1_-1
2,1,1,67,10,2,0,0,0,0,0_0,1_4
1,1,2,61,9,2,0,0,0,0,0_0,1_4
1,1,1,12,3,3,0,0,0,1,4_4,1_1
1,1,2,17,4,3,0,0,0,1,10_9,3_7
2,2,2,36,7,3,0,0,0,0,0_0,1_10
1,1,2,19,4,2,0,0,0,1,1_2,1_7
1,2,1,23,5,2,0,0,0,1,0_0,1_2
1,1,2,47,8,2,0,0,0,0,0_0,1_3
1,1,1,99,11,3,0,0,0,1,10_9,3_10
2,2,1,89,11,3,0,0,0,0,0_0,1_5
2,1,2,31,6,3,0,0,0,0,0_0,3_5
2,1,1,55,8,2,0,0,0,0,0_0,3_7
2,1,2,37,7,3,0,0,0,0,0_0,3_6
1,2,1,36,7,3,0,0,0,0,0_0,1_3
1,1,2,19,4,2,0,0,0,0,0_0,2_6
2,2,2,66,10,2,0,0,0,0,0_0,3_9
2,2,2,21,5,3,0,0,0,0,0_0,1_3
1,2,2,40,7,3,0,0,0,0,0_0,1_5
2,1,1,45,7,2,0,0,0,0,0_0,1_1
2,2,1,26,6,3,0,0,0,0,0_0,2_-1
1,1,2,24,5,3,0,0,0,0,0_0,1_5
2,2,1,66,10,3,0,0,0,0,0_0,2_9
1,1,2,54,8,3,0,0,0,1,4_3,1_2
2,1,1,72,10,2,0,0,0,0,0_0,1_9
1,1,2,17,4,3,0,0,0,0,0_0,2_10
1,1,2,21,5,2,0,0,0,1,1_1,-1_-1
1,1,1,15,3,3,0,0,0,0,0_0,1_9
1,1,1,59,9,3,0,0,0,0,0_0,3_5
1,1,1,30,6,2,0,0,0,1,6_9,-1_-1
2,1,2,72,10,3,0,0,0,0,0_0,2_10
1,2,1,68,10,3,0,0,0,0,0_0,1_10
1,1,2,48,8,3,0,0,0,0,0_0,1_7
2,1,2,25,5,2,0,0,0,0,0_0,1_2
1,1,1,63,9,2,0,0,0,1,5_1,1_6
1,1,1,80,11,3,0,0,0,0,0_0,-1_-1
1,1,2,48,8,2,0,0,0,0,0_0,1_8
2,1,1,15,3,2,0,0,0,0,0_0,1_2
1,1,1,56,9,2,0,0,0,0,0_0,1_4
1,1,1,22,5,2,0,0,0,0,0_0,1_6
1,1,2,59,9,3,0,0,0,1,10_9,1_9
2,1,1,45,7,3,0,0,0,0,0_0,3_10
2,2,2,41,7,3,0,0,0,1,0_0,-1_-1
1,1,2,21,5,3,0,0,0,0,0_0,1_4
1,1,1,68,10,2,0,0,0,0,0_0,1_9
2,1,1,27,6,3,0,0,0,0,0_0,1_8
1,1,2,54,8,3,0,0,0,1,4_3,1_1
2,1,1,78,11,3,0,0,0,0,0_0,1_5
3,2,1,28,6,3,0,0,0,0,0_0,3_7
1,1,2,22,5,2,0,0,0,1,5_1,1_3
2,1,1,11,3,3,0,0,0,1,0_0,2_3
1,2,2,67,10,2,0,0,0,0,0_0,3_5
2,3,1,54,8,3,0,0,0,0,0_0,1_10
3,1,1,42,7,3,0,0,0,0,0_0,1_5
2,1,2,30,6,3,0,0,0,0,0_0,3_1
1,1,2,18,4,2,0,0,0,0,0_0,1_3
2,2,2,52,8,3,0,0,0,0,0_0,2_4
1,1,2,27,6,3,0,0,0,1,5_1,1_3
2,2,1,31,6,3,0,0,0,0,0_0,1_6
2,1,2,20,4,3,0,0,0,0,0_0,1_10
1,1,1,29,6,3,0,0,0,1,9_9,1_1
1,2,1,59,9,3,0,0,0,0,0_0,1_5
1,1,2,80,11,3,0,0,0,0,0_0,1_4
1,2,1,28,6,3,0,0,0,1,4_1,1_1
3,1,2,41,7,3,0,0,0,0,0_0,1_8
3,1,1,41,7,3,0,0,0,0,0_0,1_1
1,1,1,25,5,2,0,0,0,0,0_0,1_5
1,1,1,43,7,3,0,0,0,0,0_0,2_5
2,1,1,32,6,2,0,0,0,0,0_0,1_8
2,1,1,56,9,3,0,0,0,0,0_0,2_5
1,1,1,31,6,3,0,0,0,1,9_7,1_3
1,1,1,39,7,2,0,0,0,0,0_0,2_10
2,1,1,55,8,3,0,0,0,0,0_0,3_8
1,1,2,44,7,3,0,0,0,1,0_0,1_10
1,1,2,48,8,2,0,0,0,1,5_3,1_3
1,1,2,23,5,3,0,0,0,1,5_1,1_8
1,1,1,30,6,3,0,0,0,1,5_1,3_8
1,1,2,52,8,3,0,0,0,1,6_9,1_8
2,1,2,45,7,2,0,0,0,0,0_0,1_7
2,1,1,14,3,3,0,0,0,0,0_0,1_7
1,1,2,27,6,3,0,0,0,1,8_3,1_3
1,1,2,53,8,3,0,0,0,1,5_1,1_2
1,1,1,57,9,2,0,0,0,1,10_9,1_8
1,1,2,29,6,3,0,0,0,0,0_0,1_7
1,1,1,4,1,3,0,0,0,1,1_1,-1_-1
1,1,2,56,9,3,0,0,0,1,6_9,2_1
1,1,1,76,11,1,0,0,0,0,0_0,-1_-1
1,1,1,28,6,2,0,0,0,0,0_0,3_4
1,1,1,56,9,2,0,0,0,0,0_0,1_7
2,1,1,80,11,3,0,0,0,0,0_0,1_2
2,2,1,43,7,3,0,0,0,0,0_0,-1_-1
1,1,2,52,8,3,0,0,0,1,1_1,1_10
2,1,1,16,4,3,0,0,0,0,0_0,1_5
1,1,1,54,8,3,0,0,0,1,10_9,1_2
1,1,2,61,9,2,0,0,0,0,0_0,1_6
1,1,2,51,8,3,0,0,0,1,5_2,1_3
1,1,2,34,6,2,0,0,0,0,0_0,2_6
1,1,1,16,4,3,0,0,0,1,5_3,1_4
1,2,1,27,6,2,0,0,0,1,5_1,1_4
1,1,2,34,6,3,0,0,0,1,8_3,1_8
1,1,1,47,8,2,0,0,0,1,5_4,1_5
1,1,1,34,6,3,0,0,0,1,5_1,2_9
1,1,2,54,8,3,0,0,0,0,0_0,1_6
1,1,2,45,7,2,0,0,0,0,0_0,1_3
1,1,1,28,6,3,0,0,0,0,0_0,1_-1
1,1,2,33,6,2,0,0,0,1,5_1,1_2
1,1,2,13,3,3,0,0,0,1,10_9,1_7
1,1,2,29,6,3,0,0,0,1,7_9,-1_-1
1,1,1,23,5,3,0,0,0,0,0_0,1_8
1,2,2,11,3,3,0,0,0,1,5_3,1_2
1,1,1,33,6,2,0,0,0,1,5_1,1_5
1,1,2,32,6,3,0,0,0,1,1_3,1_1
1,1,2,39,7,3,0,0,0,1,4_1,1_6
1,1,1,70,10,3,0,0,0,1,4_2,1_9
1,1,2,11,3,3,0,0,0,1,5_3,1_2
1,2,1,38,7,2,0,0,0,1,0_0,3_4
1,1,2,32,6,3,0,0,0,0,0_0,3_6
2,2,1,28,6,3,0,0,0,0,0_0,1_2
1,1,1,58,9,2,0,0,0,0,0_0,2_7
2,2,2,21,5,3,0,0,0,0,0_0,2_7
1,1,1,24,5,2,0,0,0,1,8_1,-1_-1
1,1,2,45,7,3,0,0,0,1,5_9,1_2
1,1,2,78,11,3,0,0,0,1,4_1,1_1
1,1,1,39,7,2,0,0,0,1,1_1,1_1
1,1,1,15,3,2,0,0,0,1,5_3,1_3
1,1,2,44,7,2,0,0,0,1,1_3,1_1
1,2,1,46,8,3,0,0,0,1,1_3,1_1
2,1,1,84,11,3,0,0,0,0,0_0,1_5
1,1,1,11,3,3,0,0,0,0,0_0,1_3
2,1,1,63,9,2,0,0,0,0,0_0,1_4
3,1,1,60,9,3,0,0,0,0,0_0,1_4
1,1,1,13,3,2,0,0,0,1,4_4,1_1
1,1,2,13,3,3,0,0,0,1,8_3,1_7
1,1,1,55,8,3,0,0,0,1,5_3,1_2
1,2,2,32,6,2,0,0,0,0,0_0,1_8
2,1,1,25,5,2,0,0,0,0,0_0,3_7
1,1,2,42,7,3,0,0,0,1,1_1,1_1
1,1,1,72,10,3,0,0,0,1,6_9,1_1
1,1,2,29,6,3,0,0,0,1,8_9,1_1
1,2,1,4,1,3,0,0,0,1,8_9,1_1
2,1,1,58,9,3,0,0,0,0,0_0,2_5
1,1,1,13,3,3,0,0,0,0,0_0,1_3
1,1,1,85,11,2,0,0,0,1,8_1,-1_-1
1,1,2,40,7,3,0,0,0,1,9_4,-1_-1
1,1,2,12,3,3,0,0,0,1,1_1,-1_-1
1,1,1,33,6,3,0,0,0,1,6_9,1_1
1,1,1,23,5,3,0,0,0,0,0_0,2_1
3,2,2,27,6,3,0,0,0,0,0_0,1_6
2,1,2,60,9,2,0,0,0,1,0_0,1_1
2,2,2,26,6,3,0,0,0,0,0_0,1_4
1,2,2,14,3,3,0,0,0,1,1_9,1_3
1,1,2,17,4,3,0,0,0,1,8_9,-1_-1
3,1,1,39,7,3,0,0,0,0,0_0,3_3
1,1,2,58,9,3,0,0,0,0,0_0,1_4
2,1,1,57,9,1,0,0,0,0,0_0,1_6
2,2,1,72,10,2,0,0,0,0,0_0,3_7
2,1,1,11,3,3,0,0,0,0,0_0,-1_-1
1,1,2,10,2,3,0,0,0,1,5_1,1_2
1,1,2,18,4,3,0,0,0,1,0_0,1_3
1,1,1,27,6,3,0,0,0,1,9_5,1_3
2,1,1,21,5,3,0,0,0,1,9_5,1_1
2,2,1,50,8,3,0,0,0,0,0_0,-1_-1
2,1,2,30,6,3,0,0,0,1,0_0,1_9
1,1,1,50,8,2,0,0,0,1,9_7,1_1
1,1,1,26,6,2,0,0,0,1,1_1,1_2
2,3,1,27,6,3,0,0,0,0,0_0,1_2
2,2,1,17,4,3,0,0,0,0,0_0,1_2
1,1,1,23,5,2,0,0,0,1,2_4,1_7
1,2,2,27,6,3,0,0,0,0,0_0,1_1
1,3,2,34,6,3,0,0,0,1,0_0,1_3
1,1,2,65,9,3,0,0,0,0,0_0,3_7
2,2,2,43,7,3,0,0,0,0,0_0,3_7
2,3,1,41,7,3,0,0,0,0,0_0,2_3
2,1,1,17,4,2,0,0,0,0,0_0,1_7
1,1,2,62,9,3,0,0,0,0,0_0,-1_-1
2,2,1,57,9,3,0,0,0,0,0_0,3_8
2,1,1,72,10,1,0,0,0,0,0_0,1_1
1,1,2,31,6,2,0,0,0,1,6_9,1_7
2,2,2,57,9,3,0,0,0,0,0_0,1_8
1,1,1,13,3,3,0,0,0,1,1_3,1_1
1,1,2,38,7,3,0,0,0,1,5_1,1_3
2,1,1,60,9,2,0,0,0,0,0_0,1_10
3,2,1,34,6,3,0,0,0,0,0_0,1_2
3,3,1,28,6,3,0,0,0,1,0_0,1_1
1,1,2,64,9,2,0,0,0,1,5_1,1_5
1,1,1,17,4,3,0,0,0,1,1_3,1_1
1,1,2,11,3,3,0,0,0,1,10_1,1_1
1,1,1,32,6,2,0,0,0,1,5_1,2_6
1,2,1,28,6,3,0,0,0,1,0_0,3_5
1,1,1,15,3,2,0,0,0,0,0_0,1_2
1,1,1,23,5,3,0,0,0,1,1_3,1_1
1,1,1,16,4,3,0,0,0,1,8_2,1_4
1,2,2,13,3,3,0,0,0,1,5_9,1_4
1,1,1,38,7,2,0,0,0,0,0_0,1_9
2,1,1,82,11,3,0,0,0,0,0_0,1_6
2,1,1,65,9,2,0,0,0,0,0_0,1_10
1,1,2,55,8,3,0,0,0,1,5_9,1_1
1,1,1,7,2,3,0,0,0,1,10_9,1_1
1,1,1,72,10,2,0,0,0,0,0_0,1_8
2,2,2,31,6,3,0,0,0,0,0_0,2_9
3,3,2,36,7,3,0,0,0,0,0_0,1_6
2,1,2,50,8,3,0,0,0,0,0_0,2_10
1,1,1,43,7,3,0,0,0,1,6_8,1_9
1,1,2,17,4,2,0,0,0,0,0_0,3_6
1,1,1,34,6,2,0,0,0,1,5_1,1_3
2,1,2,37,7,3,0,0,0,0,0_0,3_7
3,2,1,35,6,3,0,0,0,0,0_0,1_1
2,1,1,15,3,3,0,0,0,0,0_0,3_7
1,1,1,37,7,3,0,0,0,1,2_1,2_2
1,1,1,75,10,3,0,0,0,1,5_2,-1_-1
1,1,1,63,9,2,0,0,0,0,0_0,1_2
1,1,1,35,6,3,0,0,0,1,5_1,1_2
2,1,2,12,3,2,0,0,0,0,0_0,1_9
2,2,2,56,9,3,0,0,0,0,0_0,1_1
2,1,1,49,8,2,0,0,0,0,0_0,1_1
2,1,1,29,6,3,0,0,0,0,0_0,2_7
2,1,1,14,3,2,0,0,0,0,0_0,1_7
1,1,2,16,4,3,0,0,0,1,0_0,3_4
2,1,2,51,8,3,0,0,0,0,0_0,2_8
1,1,1,13,3,2,0,0,0,1,9_5,2_9
1,1,1,50,8,2,0,0,0,0,0_0,3_6
3,2,2,77,11,3,0,0,0,0,0_0,3_9
1,1,1,62,9,3,0,0,0,1,9_5,1_2
1,1,2,51,8,3,0,0,0,1,5_1,1_5
1,2,2,45,7,3,0,0,0,1,5_1,1_1
1,1,2,65,9,2,0,0,0,1,9_5,2_9
1,1,1,77,11,3,0,0,0,0,0_0,1_1
1,1,2,43,7,3,0,0,0,1,6_7,1_6
1,1,1,17,4,1,0,0,0,0,0_0,2_8
1,1,2,58,9,2,0,0,0,1,5_9,1_1
2,2,2,43,7,3,0,0,0,0,0_0,-1_-1
3,1,2,36,7,3,0,0,0,0,0_0,-1_-1
1,2,1,14,3,2,0,0,0,1,0_0,1_1
1,1,2,18,4,3,0,0,0,1,8_9,1_8
1,1,1,87,11,1,0,0,0,1,1_9,1_1
2,1,2,15,3,2,0,0,0,1,0_0,1_3
1,1,1,80,11,2,0,0,0,0,0_0,1_1
1,1,1,13,3,3,0,0,0,1,9_5,1_7
2,2,2,61,9,3,0,0,0,0,0_0,1_8
1,2,2,72,10,3,0,0,0,1,10_9,2_10
1,1,1,71,10,3,0,0,0,1,5_1,1_10
1,1,1,25,5,3,0,0,0,1,9_5,1_3
1,1,1,31,6,2,0,0,0,1,5_3,1_6
3,3,1,33,6,3,0,0,0,0,0_0,1_10
2,1,2,38,7,3,0,0,0,1,0_0,1_2
1,1,1,21,5,3,0,0,0,1,0_0,1_9
1,1,1,13,3,2,0,0,0,0,0_0,1_4
1,1,2,28,6,2,0,0,0,0,0_0,1_9
1,1,2,67,10,3,0,0,0,0,0_0,1_8
1,1,1,22,5,2,0,0,0,0,0_0,2_10
2,1,1,75,10,3,0,0,0,0,0_0,2_9
1,1,1,9,2,2,0,0,0,0,0_0,3_9
2,1,1,15,3,3,0,0,0,0,0_0,2_8
1,1,1,76,11,3,0,0,0,0,0_0,1_6
2,1,2,86,11,1,0,0,0,1,0_0,3_5
1,1,1,83,11,3,0,0,0,0,0_0,1_10
2,1,2,43,7,3,0,0,0,0,0_0,3_8
2,1,1,52,8,2,0,0,0,0,0_0,-1_-1
1,1,2,7,2,3,0,0,0,1,5_1,1_1
1,1,2,53,8,3,0,0,0,1,5_3,1_5
1,1,1,6,2,3,0,0,0,1,1_1,1_2
1,1,2,13,3,3,0,0,0,1,5_4,1_1
1,1,1,12,3,3,0,0,0,1,5_2,1_3
1,1,1,11,3,3,0,0,0,1,5_9,1_1
1,1,2,16,4,3,0,0,0,1,6_9,1_1
2,2,1,49,8,3,0,0,0,0,0_0,1_1
1,2,2,34,6,2,0,0,0,0,0_0,1_2
2,2,1,60,9,3,0,0,0,0,0_0,1_1
2,1,1,48,8,1,0,0,0,0,0_0,1_5
1,1,2,44,7,3,0,0,0,1,0_0,1_2
2,1,1,82,11,2,0,0,0,0,0_0,1_5
1,1,1,35,6,3,0,0,0,1,0_0,3_8
2,1,2,53,8,2,0,0,0,0,0_0,1_4
2,1,1,31,6,3,0,0,0,1,0_0,1_1
1,1,1,32,6,2,0,0,0,0,0_0,1_3
1,2,1,18,4,3,0,0,0,0,0_0,1_4
1,1,1,39,7,2,0,0,0,0,0_0,3_9
1,1,2,30,6,2,0,0,0,0,0_0,1_6
1,1,2,85,11,3,0,0,0,0,0_0,1_8
2,2,1,72,10,3,0,0,0,0,0_0,1_2
1,1,1,18,4,2,0,0,0,0,0_0,2_5
1,1,1,12,3,3,0,0,0,1,5_3,1_1
2,1,1,51,8,3,0,0,0,0,0_0,2_7
2,2,2,15,3,3,0,0,0,1,0_0,2_7
1,2,1,27,6,3,0,0,0,0,0_0,-1_-1
2,1,1,57,9,2,0,0,0,0,0_0,1_10
1,1,2,68,10,3,0,0,0,0,0_0,1_2
2,2,2,55,8,3,0,0,0,0,0_0,1_3
1,1,1,20,4,3,0,0,0,1,5_1,1_4
1,1,2,62,9,2,0,0,0,1,6_9,1_1
1,1,2,11,3,3,0,0,0,0,0_0,1_1
2,1,1,31,6,2,0,0,0,0,0_0,1_1
2,1,1,17,4,3,0,0,0,0,0_0,3_7
1,1,1,63,9,1,0,0,0,0,0_0,1_8
2,1,1,65,9,3,0,0,0,0,0_0,1_8
1,1,1,53,8,3,0,0,0,0,0_0,1_-1
2,2,2,40,7,3,0,0,0,0,0_0,1_7
2,1,2,11,3,3,0,0,0,0,0_0,1_1
2,2,2,56,9,3,0,0,0,0,0_0,-1_-1
2,1,1,57,9,3,0,0,0,0,0_0,2_10
1,1,1,88,11,3,0,0,0,0,0_0,1_4
1,1,1,64,9,3,0,0,0,1,6_9,2_8
1,1,1,83,11,3,0,0,0,1,10_9,1_5
1,1,2,51,8,2,0,0,0,0,0_0,1_3
1,1,1,12,3,3,0,0,0,0,0_0,1_8
1,1,1,15,3,3,0,0,0,1,4_1,1_2
1,1,2,54,8,2,0,0,0,1,5_3,1_3
2,1,1,10,2,3,0,0,0,0,0_0,1_1
1,1,1,49,8,3,0,0,0,1,6_9,1_8
1,1,2,78,11,2,0,0,0,1,1_1,-1_-1
1,1,1,29,6,2,0,0,0,0,0_0,1_7
2,2,1,37,7,3,0,0,0,0,0_0,3_7
1,1,1,4,1,2,0,0,0,1,6_9,1_10
1,1,2,52,8,3,0,0,0,1,5_1,1_5
1,1,1,40,7,3,0,0,0,1,5_3,1_4
1,1,1,37,7,3,0,0,0,1,5_1,1_1
1,1,1,65,9,3,0,0,0,0,0_0,1_2
2,2,2,35,6,3,0,0,0,0,0_0,1_9
1,1,1,30,6,3,0,0,0,1,1_3,1_-1
1,1,2,33,6,3,0,0,0,0,0_0,-1_-1
1,1,2,17,4,3,0,0,0,1,1_1,-1_-1
1,1,2,30,6,3,0,0,0,1,4_1,1_7
2,2,2,37,7,3,0,0,0,0,0_0,1_6
1,1,2,17,4,3,0,0,0,1,5_2,1_2
2,2,2,69,10,3,0,0,0,0,0_0,1_5
2,2,2,17,4,2,0,0,0,1,9_9,2_6
2,3,1,19,4,2,0,0,0,1,9_9,1_3
1,1,1,24,5,3,0,0,0,1,9_5,1_2
3,2,1,45,7,3,0,0,0,0,0_0,1_1
1,1,1,44,7,2,0,0,0,0,0_0,1_5
1,1,1,38,7,3,0,0,0,1,6_9,1_2
1,1,1,16,4,2,0,0,0,1,1_1,1_2
1,1,2,79,11,2,0,0,0,0,0_0,1_10
2,2,1,39,7,3,0,0,0,0,0_0,1_10
1,1,1,13,3,3,0,0,0,1,8_3,1_7
1,1,2,69,10,3,0,0,0,0,0_0,-1_-1
1,1,1,22,5,3,0,0,0,0,0_0,1_-1
1,1,2,42,7,2,0,0,0,1,10_9,1_3
3,1,1,30,6,3,0,0,0,0,0_0,1_4
1,1,1,82,11,3,0,0,0,0,0_0,2_10
2,2,2,71,10,3,0,0,0,0,0_0,3_6
2,3,1,53,8,2,0,0,0,0,0_0,3_8
1,1,1,9,2,3,0,0,0,1,4_3,1_2
1,1,1,26,6,3,0,0,0,1,6_9,1_3
2,1,2,85,11,3,0,0,0,0,0_0,3_7
1,1,2,39,7,3,0,0,0,1,6_9,1_2
1,2,1,41,7,2,0,0,0,0,0_0,2_9
2,3,1,45,7,2,0,0,0,0,0_0,3_9
1,1,2,38,7,2,0,0,0,0,0_0,3_5
1,1,1,21,5,3,0,0,0,1,5_2,-1_-1
1,1,2,22,5,3,0,0,0,1,6_9,1_5
1,2,2,18,4,3,0,0,0,1,0_0,1_2
2,1,2,53,8,3,0,0,0,0,0_0,1_10
1,1,1,50,8,2,0,0,0,1,1_1,1_2
2,1,1,49,8,3,0,0,0,0,0_0,1_7
1,1,1,50,8,3,0,0,0,1,4_1,1_3
3,1,1,54,8,3,0,0,0,0,0_0,1_5
1,1,2,74,10,2,0,0,0,1,5_1,1_3
1,1,2,24,5,3,0,0,0,1,10_9,1_4
1,1,2,21,5,3,0,0,0,1,0_0,-1_-1
1,1,2,14,3,3,0,0,0,1,5_1,-1_-1
1,1,1,2,1,3,0,0,0,1,4_1,1_1
1,1,2,18,4,3,0,0,0,0,0_0,3_9
1,1,1,21,5,2,0,0,0,1,1_3,1_5
1,1,2,25,5,3,0,0,0,1,0_0,2_10
1,1,1,49,8,3,0,0,0,0,0_0,2_8
1,1,1,38,7,3,0,0,0,0,0_0,2_9
1,2,2,32,6,3,0,0,0,0,0_0,2_7
2,3,2,31,6,3,0,0,0,0,0_0,1_10
3,2,1,32,6,3,0,0,0,0,0_0,1_4
1,1,2,22,5,2,0,0,0,1,5_3,1_2
3,2,1,18,4,3,0,0,0,0,0_0,3_9
1,1,1,11,3,2,0,0,0,1,1_3,1_7
1,1,2,46,8,2,0,0,0,0,0_0,1_9
1,1,1,41,7,2,0,0,0,1,9_9,1_7
1,1,1,83,11,3,0,0,0,0,0_0,1_8
1,1,1,17,4,2,0,0,0,1,10_1,1_8
1,1,2,54,8,2,0,0,0,0,0_0,1_2
1,1,1,87,11,3,0,0,0,0,0_0,2_10
2,2,2,42,7,3,0,0,0,0,0_0,3_9
1,1,1,77,11,3,0,0,0,1,9_5,1_3
1,1,1,17,4,3,0,0,0,0,0_0,2_9
1,1,2,40,7,3,0,0,0,1,6_9,-1_-1
1,1,1,33,6,3,0,0,0,1,9_5,1_3
1,1,1,57,9,1,0,0,0,0,0_0,3_8
1,2,2,56,9,1,0,0,0,1,8_1,2_8
1,1,2,29,6,3,0,0,0,1,6_9,-1_-1
1,2,1,1,1,3,0,0,0,1,6_9,2_5
1,1,1,13,3,3,0,0,0,1,5_1,1_5
1,1,1,69,10,2,0,0,0,0,0_0,1_2
2,1,2,29,6,3,0,0,0,0,0_0,2_6
1,1,1,73,10,2,0,0,0,0,0_0,1_4
1,1,2,68,10,3,0,0,0,1,1_9,3_2
2,1,1,62,9,2,0,0,0,0,0_0,3_5
1,1,1,71,10,3,0,0,0,0,0_0,1_3
1,1,1,38,7,3,0,0,0,0,0_0,2_6
1,1,2,77,11,3,0,0,0,1,5_1,1_8
2,1,2,39,7,3,0,0,0,0,0_0,2_8
1,1,1,28,6,2,0,0,0,0,0_0,2_5
1,2,2,76,11,3,0,0,0,0,0_0,3_5
2,2,2,45,7,3,0,0,0,0,0_0,3_6
2,1,2,49,8,3,0,0,0,0,0_0,3_6
1,3,1,41,7,3,0,0,0,1,0_0,2_6
2,1,1,55,8,2,0,0,0,0,0_0,2_5
3,2,2,73,10,1,0,0,0,0,0_0,1_8
2,2,1,22,5,3,0,0,0,0,0_0,2_4
2,1,1,76,11,3,0,0,0,0,0_0,1_1
2,1,1,77,11,3,0,0,0,0,0_0,1_7
3,2,2,38,7,3,0,0,0,0,0_0,1_3
1,1,1,41,7,2,0,0,0,0,0_0,1_8
2,1,1,56,9,2,0,0,0,0,0_0,3_7
1,1,1,51,8,2,0,0,0,0,0_0,3_10
3,1,2,45,7,2,0,0,0,0,0_0,2_10
2,1,1,58,9,3,0,0,0,0,0_0,2_3
1,1,1,16,4,3,0,0,0,1,5_2,-1_-1
2,2,2,54,8,2,0,0,0,0,0_0,1_8
1,1,1,23,5,2,0,0,0,0,0_0,2_10
1,1,1,34,6,2,0,0,0,0,0_0,1_3
1,1,2,5,1,3,0,0,0,1,5_1,1_1
1,1,1,74,10,3,0,0,0,0,0_0,1_10
1,1,2,7,2,3,0,0,0,1,1_1,-1_-1
1,1,1,8,2,3,0,0,0,1,5_1,-1_-1
1,1,1,10,2,3,0,0,0,0,0_0,1_4
2,2,1,55,8,2,0,0,0,0,0_0,1_4
1,1,1,29,6,2,0,0,0,1,5_9,3_6
1,1,1,10,2,3,0,0,0,1,5_1,1_1
1,1,1,33,6,2,0,0,0,1,10_9,1_3
1,1,2,42,7,2,0,0,0,1,5_3,1_2
1,1,2,44,7,3,0,0,0,0,0_0,3_5
2,1,1,65,9,3,0,0,0,0,0_0,1_10
1,1,1,16,4,3,0,0,0,1,4_9,1_2
2,2,1,72,10,3,0,0,0,0,0_0,3_6
2,2,1,27,6,3,0,0,0,0,0_0,3_5
1,1,2,26,6,2,0,0,0,0,0_0,1_9
1,1,1,69,10,3,0,0,0,0,0_0,3_6
3,3,1,28,6,3,0,0,0,0,0_0,-1_-1
2,1,2,33,6,3,0,0,0,0,0_0,2_9
1,1,1,14,3,1,0,0,0,0,0_0,3_5
2,2,2,31,6,2,0,0,0,0,0_0,1_4
2,1,2,32,6,2,0,0,0,0,0_0,2_6
2,1,1,31,6,3,0,0,0,0,0_0,2_4
2,1,1,23,5,2,0,0,0,0,0_0,2_4
3,2,2,36,7,3,0,0,0,0,0_0,1_8
1,1,1,72,10,3,0,0,0,0,0_0,2_2
2,1,2,54,8,3,0,0,0,0,0_0,-1_-1
2,1,2,28,6,3,0,0,0,0,0_0,2_6
2,1,1,36,7,3,0,0,0,0,0_0,1_7
1,1,1,13,3,3,0,0,0,0,0_0,3_10
1,1,1,12,3,2,0,0,0,1,5_9,2_6
1,1,1,31,6,3,0,0,0,1,9_7,1_10
1,1,1,70,10,3,0,0,0,1,8_3,1_1
1,1,1,6,2,2,0,0,0,1,1_4,1_4
2,1,2,31,6,2,0,0,0,0,0_0,1_5
2,2,1,57,9,3,0,0,0,0,0_0,-1_-1
1,1,1,64,9,2,0,0,0,0,0_0,1_5
2,1,1,21,5,2,0,0,0,0,0_0,3_7
1,1,2,33,6,3,0,0,0,1,6_9,1_2
1,1,1,23,5,3,0,0,0,1,1_2,1_8
1,1,2,28,6,3,0,0,0,1,9_8,1_2
2,1,2,43,7,3,0,0,0,0,0_0,2_6
1,1,2,58,9,2,0,0,0,1,6_9,3_8
2,1,2,25,5,2,0,0,0,0,0_0,3_7
2,1,1,21,5,3,0,0,0,0,0_0,3_7
2,1,1,16,4,2,0,0,0,0,0_0,1_5
1,2,2,28,6,2,0,0,0,0,0_0,2_8
1,1,1,20,4,1,0,0,0,0,0_0,1_10
2,1,1,53,8,3,0,0,0,0,0_0,2_4
1,1,2,83,11,3,0,0,0,0,0_0,-1_-1
1,1,1,77,11,3,0,0,0,0,0_0,2_8
2,1,1,18,4,3,0,0,0,0,0_0,3_7
1,1,1,87,11,3,0,0,0,0,0_0,3_6
1,2,1,51,8,3,0,0,0,0,0_0,-1_-1
2,1,2,59,9,3,0,0,0,0,0_0,3_5
1,1,1,77,11,2,0,0,0,0,0_0,1_7
2,1,2,28,6,3,0,0,0,0,0_0,1_10
2,1,2,34,6,2,0,0,0,0,0_0,2_7
2,1,1,10,2,3,0,0,0,0,0_0,2_6
2,1,2,53,8,3,0,0,0,0,0_0,2_5
2,2,2,42,7,3,0,0,0,0,0_0,3_2
3,1,2,41,7,2,0,0,0,0,0_0,2_6
1,1,1,14,3,3,0,0,0,1,6_9,2_6
1,1,2,63,9,2,0,0,0,1,5_3,1_5
1,1,1,27,6,3,0,0,0,0,0_0,3_-1
1,1,2,43,7,3,0,0,0,1,8_1,1_7
1,2,2,64,9,3,0,0,0,1,8_1,1_5
2,1,1,23,5,3,0,0,0,0,0_0,2_5
1,1,2,51,8,3,0,0,0,0,0_0,2_10
2,2,2,29,6,3,0,0,0,0,0_0,2_8
2,1,1,36,7,3,0,0,0,1,1_3,1_1
1,3,1,84,11,3,0,0,0,0,0_0,1_7
2,1,1,26,6,1,0,0,0,0,0_0,2_8
3,2,1,36,7,2,0,0,0,0,0_0,1_4
2,2,2,88,11,3,0,0,0,0,0_0,3_9
3,3,1,23,5,3,0,0,0,0,0_0,1_9
3,1,1,62,9,2,0,0,0,0,0_0,1_9
2,1,2,54,8,3,0,0,0,0,0_0,1_7
1,1,2,63,9,3,0,0,0,1,8_3,1_6
1,1,2,51,8,3,0,0,0,0,0_0,1_1
1,1,1,59,9,2,0,0,0,0,0_0,1_3
1,1,1,32,6,3,0,0,0,1,8_7,1_5
1,1,2,19,4,2,0,0,0,0,0_0,3_9
2,3,1,37,7,2,0,0,0,0,0_0,1_4
1,1,2,27,6,3,0,0,0,0,0_0,3_3
1,1,1,18,4,1,0,0,0,1,1_3,1_4
1,1,2,56,9,3,0,0,0,1,10_9,1_5
1,1,2,16,4,3,0,0,0,1,8_2,1_8
2,2,2,35,6,3,0,0,0,0,0_0,1_4
2,2,1,53,8,3,0,0,0,0,0_0,2_1
1,2,1,33,6,3,0,0,0,0,0_0,2_7
1,1,2,67,10,2,0,0,0,0,0_0,1_6
1,1,2,55,8,3,0,0,0,1,6_9,1_5
3,1,2,21,5,3,0,0,0,0,0_0,1_2
1,1,1,7,2,3,0,0,0,1,10_3,1_1
1,1,2,16,4,3,0,0,0,1,8_1,1_1
1,1,1,33,6,3,0,0,0,1,10_9,1_1
3,1,1,29,6,3,0,0,0,0,0_0,1_1
1,1,1,15,3,2,0,0,0,1,5_2,1_8
2,2,1,39,7,3,0,0,0,0,0_0,1_5
1,1,1,22,5,3,0,0,0,1,5_1,1_7
1,2,2,34,6,3,0,0,0,0,0_0,1_2
1,1,1,3,1,3,0,0,0,1,5_3,-1_-1
2,1,2,56,9,3,0,0,0,0,0_0,3_8
2,2,1,45,7,3,0,0,0,0,0_0,2_7
1,1,1,27,6,3,0,0,0,1,0_0,1_1
2,1,2,35,6,2,0,0,0,0,0_0,1_8
2,2,2,27,6,3,0,0,0,1,0_0,1_4
1,1,1,12,3,3,0,0,0,1,4_1,1_2
1,1,1,64,9,1,0,0,0,0,0_0,2_6
2,1,2,50,8,2,0,0,0,0,0_0,1_6
3,1,2,28,6,3,0,0,0,0,0_0,1_9
2,1,2,76,11,3,0,0,0,0,0_0,1_4
1,1,2,21,5,3,0,0,0,0,0_0,1_5
1,1,2,27,6,2,0,0,0,0,0_0,3_6
2,1,2,53,8,2,0,0,0,0,0_0,1_8
1,1,2,40,7,2,0,0,0,0,0_0,1_9
1,1,1,16,4,3,0,0,0,0,0_0,1_8
1,1,2,19,4,3,0,0,0,1,0_0,1_6
1,1,2,59,9,2,0,0,0,0,0_0,-1_-1
2,1,1,33,6,2,0,0,0,0,0_0,1_4
2,1,1,73,10,3,0,0,0,0,0_0,1_6
1,1,2,23,5,2,0,0,0,0,0_0,1_6
2,2,2,39,7,3,0,0,0,0,0_0,1_10
2,1,1,38,7,2,0,0,0,0,0_0,1_10
1,1,1,36,7,3,0,0,0,0,0_0,2_-1
2,2,1,19,4,3,0,0,0,0,0_0,3_8
1,2,1,35,6,3,0,0,0,0,0_0,-1_-1
1,1,2,74,10,3,0,0,0,0,0_0,1_9
2,2,2,50,8,3,0,0,0,0,0_0,3_8
1,2,2,11,3,3,0,0,0,1,5_1,1_5
1,1,1,14,3,2,0,0,0,1,1_1,1_5
2,1,1,48,8,2,0,0,0,0,0_0,1_4
1,3,2,51,8,3,0,0,0,0,0_0,1_3
1,1,1,79,11,3,0,0,0,0,0_0,1_10
2,2,1,39,7,2,0,0,0,0,0_0,1_4
2,1,1,22,5,2,0,0,0,0,0_0,-1_-1
1,1,2,48,8,2,0,0,0,1,4_9,1_5
1,1,1,44,7,2,0,0,0,0,0_0,3_9
1,1,2,49,8,2,0,0,0,0,0_0,1_7
2,2,1,46,8,3,0,0,0,0,0_0,2_10
1,1,1,43,7,3,0,0,0,1,8_1,1_10
2,1,1,79,11,2,0,0,0,0,0_0,1_9
3,2,2,32,6,3,0,0,0,0,0_0,1_6
1,1,1,40,7,3,0,0,0,1,9_8,1_9
1,1,1,38,7,3,0,0,0,0,0_0,3_8
1,1,1,64,9,3,0,0,0,0,0_0,1_4
3,2,1,42,7,3,0,0,0,0,0_0,3_-1
1,1,2,67,10,3,0,0,0,0,0_0,1_10
1,1,1,15,3,3,0,0,0,1,5_3,1_10
3,2,2,53,8,3,0,0,0,0,0_0,1_5
2,2,2,64,9,3,0,0,0,0,0_0,1_9
1,1,2,14,3,3,0,0,0,1,1_1,1_5
2,2,1,62,9,3,0,0,0,0,0_0,1_2
1,1,1,13,3,2,0,0,0,1,5_4,1_6
1,1,2,25,5,3,0,0,0,0,0_0,3_6
2,1,2,40,7,3,0,0,0,0,0_0,1_4
1,1,1,85,11,2,0,0,0,0,0_0,2_8
1,1,1,47,8,3,0,0,0,0,0_0,2_4
1,2,1,30,6,3,0,0,0,1,0_0,1_2
2,1,2,29,6,3,0,0,0,0,0_0,1_-1
1,1,2,54,8,3,0,0,0,0,0_0,1_8
2,2,1,62,9,2,0,0,0,0,0_0,1_7
1,1,2,13,3,3,0,0,0,1,10_9,1_3
1,1,2,3,1,2,0,0,0,1,6_9,1_2
1,1,2,48,8,2,0,0,0,0,0_0,1_3
1,1,2,13,3,2,0,0,0,1,10_9,1_7
1,1,1,57,9,3,0,0,0,0,0_0,1_9
1,2,2,89,11,1,0,0,0,1,5_1,1_10
2,2,2,24,5,3,0,0,0,0,0_0,2_4
2,1,2,18,4,2,0,0,0,0,0_0,2_10
2,2,2,10,2,3,0,0,0,1,0_0,3_4
3,3,1,59,9,3,0,0,0,0,0_0,1_6
1,1,2,63,9,2,0,0,0,0,0_0,1_3
1,1,2,43,7,3,0,0,0,0,0_0,2_8
1,1,1,10,2,3,0,0,0,1,5_1,1_5
2,1,2,72,10,3,0,0,0,0,0_0,1_9
1,1,2,17,4,3,0,0,0,0,0_0,1_7
2,2,2,49,8,3,0,0,0,0,0_0,1_4
1,2,1,22,5,2,0,0,0,0,0_0,1_7
1,1,2,41,7,3,0,0,0,0,0_0,3_7
2,2,1,22,5,3,0,0,0,0,0_0,1_4
1,1,1,23,5,3,0,0,0,1,5_3,1_5
1,1,1,12,3,3,0,0,0,0,0_0,2_6
1,1,2,70,10,2,0,0,0,1,4_1,1_4
1,1,1,6,2,2,0,0,0,1,1_1,1_8
1,1,1,2,1,3,0,0,0,1,5_1,1_9
2,2,1,24,5,3,0,0,0,0,0_0,1_4
2,3,1,25,5,3,0,0,0,1,0_0,1_4
2,1,1,83,11,2,0,0,0,0,0_0,2_8
1,1,2,24,5,3,0,0,0,1,6_9,1_8
1,2,2,61,9,3,0,0,0,1,6_9,2_7
1,1,2,60,9,3,0,0,0,0,0_0,1_7
1,1,1,85,11,3,0,0,0,1,1_3,1_10
1,3,1,25,5,3,0,0,0,0,0_0,2_10
2,1,2,23,5,3,0,0,0,0,0_0,2_10
2,2,1,52,8,3,0,0,0,0,0_0,3_5
2,1,2,34,6,3,0,0,0,0,0_0,2_9
1,1,1,25,5,2,0,0,0,1,5_4,1_5
2,2,1,77,11,3,0,0,0,0,0_0,1_10
2,1,2,15,3,3,0,0,0,0,0_0,-1_-1
1,1,2,55,8,3,0,0,0,1,6_9,1_10
2,2,1,19,4,3,0,0,0,0,0_0,3_7
1,1,1,24,5,3,0,0,0,1,9_5,1_3
1,1,2,73,10,3,0,0,0,0,0_0,1_9
1,2,1,26,6,3,0,0,0,0,0_0,3_10
2,1,1,34,6,3,0,0,0,0,0_0,3_9
2,2,2,34,6,3,0,0,0,0,0_0,1_8
2,1,2,44,7,1,0,0,0,0,0_0,1_7
2,2,1,20,4,3,0,0,0,0,0_0,3_10
2,2,1,13,3,3,0,0,0,1,0_0,1_6
1,1,1,20,4,2,0,0,0,0,0_0,1_10
1,1,1,26,6,3,0,0,0,1,6_9,1_10
1,1,1,78,11,3,0,0,0,1,6_9,3_8
1,1,2,64,9,3,0,0,0,0,0_0,3_6
2,1,1,86,11,3,0,0,0,0,0_0,2_7
2,1,1,65,9,2,0,0,0,0,0_0,1_1
1,2,1,49,8,3,0,0,0,0,0_0,1_1
1,1,2,25,5,2,0,0,0,1,8_3,2_9
1,2,1,18,4,3,0,0,0,0,0_0,3_6
3,1,1,62,9,3,0,0,0,0,0_0,-1_-1
1,1,2,21,5,3,0,0,0,1,6_9,1_2
1,1,1,31,6,2,0,0,0,1,6_9,1_1
1,1,1,81,11,3,0,0,0,0,0_0,3_7
1,2,1,57,9,3,0,0,0,0,0_0,1_7
2,1,2,49,8,3,0,0,0,0,0_0,3_5
2,1,2,82,11,3,0,0,0,0,0_0,3_4
1,1,1,21,5,3,0,0,0,0,0_0,3_3
1,2,1,51,8,3,0,0,0,0,0_0,1_5
1,1,2,64,9,3,0,0,0,1,6_9,1_3
1,1,2,56,9,3,0,0,0,1,8_7,1_6
1,1,1,45,7,2,0,0,0,0,0_0,1_2
1,1,1,82,11,2,0,0,0,0,0_0,1_10
2,2,1,18,4,3,0,0,0,0,0_0,3_5
1,1,2,9,2,2,0,0,0,1,5_3,1_3
1,1,1,62,9,3,0,0,0,0,0_0,3_5
1,1,1,88,11,3,0,0,0,1,1_1,1_3
1,1,2,53,8,3,0,0,0,0,0_0,3_9
2,2,1,71,10,3,0,0,0,0,0_0,1_7
1,1,2,22,5,3,0,0,0,0,0_0,2_10
1,1,1,30,6,2,0,0,0,0,0_0,1_8
1,1,1,80,11,1,0,0,0,0,0_0,3_9
1,1,1,48,8,2,0,0,0,0,0_0,3_8
1,1,2,25,5,2,0,0,0,1,8_7,1_2
2,1,2,41,7,2,0,0,0,0,0_0,1_10
1,1,1,39,7,2,0,0,0,1,7_1,1_2
1,2,1,2,1,3,0,0,0,1,7_1,1_2
1,1,1,14,3,3,0,0,0,0,0_0,1_4
1,1,1,73,10,3,0,0,0,0,0_0,1_10
1,1,1,56,9,2,0,0,0,1,5_3,1_9
2,1,2,60,9,3,0,0,0,0,0_0,3_4
2,1,1,71,10,2,0,0,0,0,0_0,3_7
1,1,2,87,11,3,0,0,0,0,0_0,3_9
2,1,1,35,6,2,0,0,0,0,0_0,-1_-1
2,1,2,73,10,2,0,0,0,0,0_0,2_10
2,1,1,12,3,3,0,0,0,0,0_0,1_9
1,1,1,11,3,3,0,0,0,1,5_3,1_5
1,1,1,76,11,3,0,0,0,0,0_0,1_5
2,1,2,75,10,3,0,0,0,0,0_0,1_10
1,1,1,43,7,3,0,0,0,0,0_0,2_-1
1,1,2,37,7,3,0,0,0,0,0_0,3_4
2,1,2,35,6,3,0,0,0,0,0_0,2_5
1,1,1,16,4,3,0,0,0,1,8_1,1_8
1,1,1,2,1,3,0,0,0,1,4_1,1_2
1,1,1,14,3,2,0,0,0,0,0_0,1_7
2,2,1,73,10,3,0,0,0,0,0_0,1_8
3,3,1,32,6,3,0,0,0,0,0_0,3_6
1,2,1,41,7,3,0,0,0,0,0_0,3_7
2,1,1,53,8,3,0,0,0,0,0_0,2_6
1,1,2,10,2,3,0,0,0,1,8_1,1_7
2,1,2,78,11,3,0,0,0,0,0_0,2_9
1,1,1,65,9,1,0,0,0,0,0_0,1_8
2,1,2,52,8,1,0,0,0,0,0_0,1_4
1,1,1,30,6,3,0,0,0,0,0_0,2_5
1,1,1,71,10,3,0,0,0,0,0_0,1_6
1,2,2,18,4,3,0,0,0,0,0_0,1_1
1,1,2,68,10,3,0,0,0,0,0_0,3_5
1,1,2,34,6,3,0,0,0,1,10_5,1_4
1,2,1,44,7,2,0,0,0,0,0_0,3_6
2,1,2,20,4,2,0,0,0,0,0_0,2_9
1,3,1,28,6,3,0,0,0,0,0_0,3_10
2,1,1,66,10,3,0,0,0,0,0_0,3_9
1,1,2,39,7,2,0,0,0,0,0_0,2_7
2,1,2,40,7,3,0,0,0,0,0_0,3_6
1,1,1,61,9,2,0,0,0,0,0_0,1_10
2,1,1,22,5,2,0,0,0,0,0_0,3_8
3,2,2,39,7,3,0,0,0,0,0_0,1_5
2,2,2,21,5,3,0,0,0,0,0_0,1_5
2,1,1,31,6,2,0,0,0,0,0_0,1_10
1,1,1,52,8,2,0,0,0,0,0_0,3_10
1,1,2,64,9,3,0,0,0,0,0_0,3_7
2,1,1,66,10,2,0,0,0,0,0_0,1_10
1,1,1,86,11,3,0,0,0,0,0_0,3_8
1,2,1,39,7,3,0,0,0,0,0_0,1_2
1,1,1,17,4,3,0,0,0,1,5_1,-1_-1
2,1,1,53,8,3,0,0,0,0,0_0,3_8
2,1,1,34,6,3,0,0,0,0,0_0,3_8
1,1,1,23,5,1,0,0,0,0,0_0,1_7
1,2,1,19,4,3,0,0,0,1,0_0,1_9
2,1,2,17,4,3,0,0,0,0,0_0,2_6
2,1,1,62,9,3,0,0,0,0,0_0,1_6
2,2,1,46,8,3,0,0,0,0,0_0,1_4
1,2,1,39,7,2,0,0,0,1,8_3,2_6
2,1,1,15,3,3,0,0,0,0,0_0,1_10
1,1,2,83,11,2,0,0,0,1,9_6,1_7
2,1,1,48,8,3,0,0,0,0,0_0,1_5
2,1,2,44,7,3,0,0,0,0,0_0,2_6
2,1,2,31,6,3,0,0,0,0,0_0,2_9
1,1,1,31,6,2,0,0,0,1,9_9,1_3
2,2,1,37,7,3,0,0,0,0,0_0,1_7
1,1,1,59,9,2,0,0,0,1,10_3,1_10
1,1,1,38,7,2,0,0,0,0,0_0,1_2
2,2,1,23,5,3,0,0,0,0,0_0,3_8
2,1,2,33,6,2,0,0,0,0,0_0,1_5
1,1,2,62,9,3,0,0,0,1,9_5,1_3
1,2,1,42,7,2,0,0,0,0,0_0,1_9
1,1,1,19,4,3,0,0,0,1,5_3,1_4
1,1,1,12,3,3,0,0,0,0,0_0,1_3
2,1,1,63,9,3,0,0,0,0,0_0,3_5
1,1,1,49,8,2,0,0,0,1,5_2,3_7
1,1,2,42,7,3,0,0,0,1,5_3,-1_-1
1,1,2,30,6,3,0,0,0,0,0_0,3_9
2,1,1,70,10,3,0,0,0,0,0_0,2_9
1,1,1,22,5,3,0,0,0,1,1_1,1_5
2,1,2,38,7,2,0,0,0,0,0_0,1_6
1,2,1,21,5,3,0,0,0,1,0_0,1_5
1,1,1,52,8,3,0,0,0,1,5_3,-1_-1
1,1,1,51,8,2,0,0,0,1,3_1,1_9
3,3,1,50,8,3,0,0,0,0,0_0,1_7
1,1,1,28,6,3,0,0,0,0,0_0,2_10
1,1,2,57,9,2,0,0,0,1,1_3,1_5
2,3,2,80,11,3,0,0,0,0,0_0,1_5
1,1,1,9,2,2,0,0,0,1,1_3,1_8
1,2,1,28,6,3,0,0,0,0,0_0,1_1
1,1,2,33,6,2,0,0,0,1,5_1,1_8
1,2,2,4,1,3,0,0,0,1,5_1,1_8
1,1,2,89,11,3,0,0,0,1,6_9,2_5
3,1,2,69,10,3,0,0,0,0,0_0,3_7
1,1,1,69,10,3,0,0,0,0,0_0,3_8
2,2,2,29,6,3,0,0,0,0,0_0,2_10
1,1,2,88,11,3,0,0,0,0,0_0,1_10
1,2,2,77,11,3,0,0,0,0,0_0,1_6
1,1,2,64,9,3,0,0,0,0,0_0,2_8
1,1,2,10,2,3,0,0,0,1,10_1,1_10
1,1,1,90,11,2,0,0,0,0,0_0,2_10
2,2,1,39,7,2,0,0,0,0,0_0,1_6
2,3,2,37,7,3,0,0,0,1,0_0,1_6
3,1,1,44,7,3,0,0,0,0,0_0,1_7
1,1,1,55,8,2,0,0,0,0,0_0,1_9
1,1,1,89,11,3,0,0,0,0,0_0,3_7
1,1,1,22,5,2,0,0,0,0,0_0,1_10
1,1,1,29,6,2,0,0,0,0,0_0,1_10
2,3,1,30,6,3,0,0,0,0,0_0,1_4
2,1,1,27,6,3,0,0,0,0,0_0,3_10
1,1,2,13,3,3,0,0,0,1,5_2,-1_-1
1,1,1,71,10,2,0,0,0,1,1_3,1_10
2,1,1,86,11,2,0,0,0,0,0_0,3_9
1,1,1,15,3,3,0,0,0,1,5_4,2_8
3,2,1,28,6,3,0,0,0,0,0_0,1_2
2,2,2,28,6,3,0,0,0,0,0_0,3_10
1,1,2,33,6,3,0,0,0,0,0_0,1_-1
2,1,2,48,8,3,0,0,0,0,0_0,1_10
2,1,1,57,9,3,0,0,0,0,0_0,1_10
1,1,1,47,8,3,0,0,0,1,1_1,1_1
1,1,1,7,2,3,0,0,0,1,9_6,1_2
1,1,2,63,9,2,0,0,0,1,5_1,-1_-1
1,1,1,89,11,2,0,0,0,1,8_2,1_2
1,1,2,31,6,3,0,0,0,1,5_1,1_4
1,1,2,44,7,2,0,0,0,0,0_0,1_8
1,2,1,84,11,2,0,0,0,1,5_3,1_6
2,1,2,18,4,3,0,0,0,0,0_0,1_7
2,1,1,5,1,3,0,0,0,0,0_0,1_5
1,3,1,38,7,3,0,0,0,0,0_0,1_5
2,2,1,48,8,3,0,0,0,0,0_0,2_9
2,2,1,30,6,3,0,0,0,0,0_0,2_8
2,2,2,61,9,2,0,0,0,0,0_0,1_4
2,3,1,52,8,3,0,0,0,0,0_0,1_7
3,1,1,35,6,3,0,0,0,0,0_0,1_1
1,1,2,11,3,2,0,0,0,1,5_1,1_4
1,1,1,58,9,2,0,0,0,0,0_0,-1_-1
1,1,1,12,3,3,0,0,0,1,9_9,1_1
3,2,2,54,8,3,0,0,0,0,0_0,1_9
1,1,2,71,10,1,0,0,0,1,6_9,2_2
1,1,1,85,11,2,0,0,0,0,0_0,1_7
2,2,2,18,4,3,0,0,0,0,0_0,1_2
2,1,1,43,7,2,0,0,0,0,0_0,3_5
1,2,1,17,4,2,0,0,0,0,0_0,1_7
2,1,1,34,6,3,0,0,0,0,0_0,2_7
1,1,2,80,11,3,0,0,0,0,0_0,3_4
1,1,1,24,5,3,0,0,0,1,10_9,1_2
3,1,2,87,11,2,0,0,0,1,0_0,2_9
3,2,2,81,11,3,0,0,0,1,0_0,2_10
3,3,2,77,11,3,0,0,0,1,0_0,2_8
1,1,1,65,9,2,0,0,0,1,10_9,3_8
1,1,1,45,7,2,0,0,0,1,1_1,-1_-1
1,1,1,65,9,3,0,0,0,0,0_0,1_5
2,2,2,20,4,3,0,0,0,0,0_0,1_9
3,1,2,24,5,3,0,0,0,0,0_0,3_8
1,1,1,2,1,3,0,0,0,1,10_9,3_9
1,1,2,51,8,3,0,0,0,1,9_5,2_10
1,1,2,13,3,3,0,0,0,1,1_1,1_10
2,1,1,42,7,2,0,0,0,0,0_0,1_8
1,1,1,10,2,2,0,0,0,1,5_1,3_6
1,1,2,50,8,3,0,0,0,1,10_9,3_8
1,1,2,51,8,2,0,0,0,0,0_0,3_8
1,1,2,17,4,3,0,0,0,0,0_0,2_6
1,1,2,17,4,3,0,0,0,1,10_1,1_3
1,1,2,28,6,2,0,0,0,1,4_3,3_5
1,1,1,84,11,2,0,0,0,1,5_4,1_5
1,1,2,79,11,3,0,0,0,0,0_0,3_8
2,2,2,57,9,3,0,0,0,0,0_0,3_8
1,1,2,81,11,2,0,0,0,0,0_0,3_9
2,1,1,70,10,2,0,0,0,0,0_0,1_4
1,1,2,17,4,2,0,0,0,1,4_2,1_9
1,2,1,65,9,3,0,0,0,0,0_0,1_7
1,1,1,61,9,3,0,0,0,1,10_1,2_9
2,1,1,55,8,2,0,0,0,0,0_0,1_8
1,2,1,23,5,3,0,0,0,1,0_0,1_3
1,2,1,86,11,3,0,0,0,0,0_0,2_9
2,1,1,58,9,2,0,0,0,0,0_0,1_3
2,2,2,58,9,3,0,0,0,1,0_0,1_3
1,1,1,68,10,2,0,0,0,0,0_0,2_6
1,1,1,49,8,3,0,0,0,0,0_0,3_4
1,1,2,19,4,2,0,0,0,0,0_0,2_9
1,1,1,48,8,3,0,0,0,1,6_9,1_7
2,1,1,33,6,3,0,0,0,0,0_0,3_9
1,1,1,12,3,3,0,0,0,1,8_3,3_5
1,1,1,43,7,3,0,0,0,1,1_1,1_1
1,1,1,20,4,2,0,0,0,0,0_0,2_2
1,1,2,18,4,2,0,0,0,0,0_0,-1_-1
1,1,1,59,9,3,0,0,0,0,0_0,3_4
1,1,1,19,4,2,0,0,0,0,0_0,3_5
1,1,1,39,7,3,0,0,0,1,8_7,1_3
1,1,1,8,2,3,0,0,0,1,5_3,1_2
2,3,1,66,10,2,0,0,0,0,0_0,2_8
1,2,1,55,8,2,0,0,0,0,0_0,3_6
2,1,1,27,6,3,0,0,0,0,0_0,3_3
2,1,1,9,2,3,0,0,0,0,0_0,1_5
2,1,1,57,9,3,0,0,0,0,0_0,2_7
1,1,2,72,10,3,0,0,0,0,0_0,1_10
2,3,2,32,6,3,0,0,0,0,0_0,2_10
2,1,2,40,7,3,0,0,0,0,0_0,3_9
2,1,1,4,1,3,0,0,0,0,0_0,1_6
1,1,2,31,6,2,0,0,0,0,0_0,1_5
1,1,1,39,7,3,0,0,0,0,0_0,2_7
2,1,2,36,7,3,0,0,0,0,0_0,3_10
2,1,1,52,8,2,0,0,0,0,0_0,1_3
1,1,1,26,6,3,0,0,0,0,0_0,2_10
1,1,2,42,7,3,0,0,0,0,0_0,1_10
2,1,2,50,8,3,0,0,0,0,0_0,1_10
1,2,2,39,7,3,0,0,0,0,0_0,1_9
2,1,2,45,7,2,0,0,0,1,6_9,1_6
3,2,2,42,7,3,0,0,0,0,0_0,1_8
1,1,1,56,9,1,0,0,0,1,8_9,1_10
1,2,1,75,10,2,0,0,0,0,0_0,1_9
1,1,2,45,7,3,0,0,0,0,0_0,1_1
1,1,2,82,11,2,0,0,0,1,5_4,1_4
1,1,1,75,10,3,0,0,0,1,1_4,1_2
1,1,1,8,2,2,0,0,0,1,1_3,-1_-1
2,1,1,22,5,2,0,0,0,0,0_0,1_9
1,1,1,11,3,2,0,0,0,1,5_1,1_8
1,1,1,29,6,1,0,0,0,0,0_0,1_10
1,1,1,16,4,2,0,0,0,0,0_0,1_7
2,1,2,23,5,3,0,0,0,0,0_0,1_6
1,1,2,45,7,3,0,0,0,0,0_0,3_6
2,2,2,29,6,2,0,0,0,0,0_0,1_7
2,1,1,38,7,2,0,0,0,0,0_0,1_7
2,1,1,51,8,3,0,0,0,0,0_0,2_9
1,1,1,7,2,2,0,0,0,1,1_3,1_7
1,1,1,62,9,2,0,0,0,0,0_0,1_8
2,1,2,45,7,3,0,0,0,0,0_0,2_10
2,2,1,19,4,3,0,0,0,0,0_0,1_7
1,1,2,29,6,2,0,0,0,1,5_3,1_6
1,1,1,3,1,3,0,0,0,1,10_9,1_6
1,1,2,37,7,3,0,0,0,0,0_0,1_10
2,2,1,23,5,3,0,0,0,0,0_0,1_9
3,3,2,23,5,3,0,0,0,0,0_0,1_3
1,1,2,11,3,3,0,0,0,1,10_1,3_10
1,2,1,63,9,3,0,0,0,0,0_0,1_10
1,1,2,38,7,3,0,0,0,0,0_0,1_10
2,1,1,79,11,3,0,0,0,0,0_0,3_5
1,1,2,42,7,3,0,0,0,0,0_0,3_7
2,1,2,20,4,2,0,0,0,0,0_0,2_7
1,1,2,21,5,2,0,0,0,0,0_0,3_9
1,1,1,46,8,3,0,0,0,1,5_1,1_8
1,1,1,42,7,3,0,0,0,0,0_0,3_8
1,1,1,63,9,3,0,0,0,0,0_0,1_10
1,1,1,70,10,3,0,0,0,1,5_1,1_4
1,2,1,26,6,3,0,0,0,0,0_0,1_5
2,1,1,72,10,3,0,0,0,0,0_0,1_8
1,1,2,57,9,3,0,0,0,0,0_0,1_6
2,1,1,52,8,2,0,0,0,0,0_0,2_10
1,1,2,28,6,2,0,0,0,0,0_0,1_5
2,2,2,68,10,3,0,0,0,0,0_0,1_10
2,1,1,42,7,1,0,0,0,0,0_0,1_5
2,1,2,18,4,3,0,0,0,0,0_0,3_8
1,1,2,42,7,3,0,0,0,1,10_9,1_2
2,2,1,60,9,3,0,0,0,0,0_0,3_6
1,1,2,28,6,2,0,0,0,1,5_1,1_4
2,1,1,31,6,3,0,0,0,0,0_0,2_6
2,1,1,31,6,3,0,0,0,0,0_0,3_8
3,2,1,42,7,3,0,0,0,0,0_0,-1_-1
2,2,1,22,5,3,0,0,0,0,0_0,3_8
1,1,1,42,7,3,0,0,0,0,0_0,2_7
1,2,1,11,3,2,0,0,0,1,10_9,1_7
1,1,2,58,9,3,0,0,0,1,1_1,1_5
1,1,2,28,6,3,0,0,0,1,9_6,2_6
2,2,1,38,7,3,0,0,0,0,0_0,1_8
1,1,1,30,6,2,0,0,0,1,8_3,1_9
1,1,2,85,11,2,0,0,0,1,5_3,1_10
1,1,1,6,2,3,0,0,0,1,5_2,1_9
1,1,2,67,10,3,0,0,0,0,0_0,2_9
2,1,1,70,10,3,0,0,0,0,0_0,1_5
1,1,2,15,3,3,0,0,0,1,5_1,1_5
2,1,1,37,7,3,0,0,0,0,0_0,2_5
1,1,2,12,3,3,0,0,0,1,3_2,-1_-1
1,1,2,40,7,3,0,0,0,1,6_9,1_5
2,2,2,34,6,3,0,0,0,0,0_0,1_9
1,1,2,49,8,2,0,0,0,0,0_0,1_9
2,1,1,30,6,3,0,0,0,0,0_0,1_10
2,1,1,59,9,2,0,0,0,0,0_0,1_10
1,1,2,35,6,3,0,0,0,1,1_3,1_3
1,1,1,49,8,3,0,0,0,1,5_3,1_4
1,1,1,66,10,3,0,0,0,1,5_3,1_8
1,1,1,11,3,3,0,0,0,1,5_4,1_10
1,1,1,28,6,2,0,0,0,0,0_0,-1_-1
2,1,1,18,4,2,0,0,0,0,0_0,2_-1
1,1,2,86,11,3,0,0,0,0,0_0,3_9
1,1,1,64,9,2,0,0,0,0,0_0,1_9
2,1,1,50,8,2,0,0,0,0,0_0,1_2
3,1,1,47,8,3,0,0,0,0,0_0,1_9
1,1,2,95,11,3,0,0,0,0,0_0,1_9
2,2,2,73,10,2,0,0,0,0,0_0,1_6
1,1,1,37,7,3,0,0,0,0,0_0,3_7
2,2,2,34,6,3,0,0,0,0,0_0,3_-1
2,1,1,54,8,3,0,0,0,1,9_5,1_6
1,1,2,7,2,3,0,0,0,1,3_1,2_3
1,1,1,30,6,2,0,0,0,0,0_0,3_9
1,1,2,14,3,3,0,0,0,1,5_1,1_4
1,1,1,21,5,3,0,0,0,1,1_1,1_3
1,1,1,52,8,2,0,0,0,1,9_5,2_8
1,1,1,46,8,1,0,0,0,0,0_0,1_4
1,1,1,41,7,3,0,0,0,0,0_0,3_7
2,1,1,30,6,3,0,0,0,0,0_0,2_6
1,1,2,10,2,3,0,0,0,0,0_0,1_10
1,1,2,13,3,1,0,0,0,1,9_5,1_6
2,1,2,23,5,2,0,0,0,0,0_0,1_1
2,1,1,75,10,2,0,0,0,0,0_0,2_8
1,1,1,55,8,3,0,0,0,1,5_2,1_10
1,1,1,68,10,3,0,0,0,1,1_1,1_8
2,1,1,18,4,3,0,0,0,1,0_0,1_3
1,3,1,41,7,2,0,0,0,0,0_0,3_7
2,2,2,48,8,2,0,0,0,0,0_0,1_1
1,1,1,48,8,3,0,0,0,0,0_0,2_8
1,1,2,81,11,3,0,0,0,0,0_0,-1_-1
2,1,1,75,10,3,0,0,0,0,0_0,2_10
1,1,1,41,7,2,0,0,0,1,9_7,-1_-1
1,1,1,59,9,2,0,0,0,0,0_0,1_1
2,1,1,12,3,3,0,0,0,0,0_0,-1_-1
2,2,2,34,6,3,0,0,0,0,0_0,1_5
2,1,2,88,11,2,0,0,0,0,0_0,1_7
1,1,2,45,7,3,0,0,0,1,5_1,1_9
1,1,1,7,2,2,0,0,0,1,10_2,1_4
1,1,1,16,4,3,0,0,0,1,5_3,-1_-1
2,1,2,36,7,2,0,0,0,0,0_0,-1_-1
2,1,1,33,6,2,0,0,0,0,0_0,3_10
1,1,1,17,4,3,0,0,0,0,0_0,2_10
1,1,2,57,9,3,0,0,0,1,7_1,1_3
2,2,1,17,4,2,0,0,0,0,0_0,1_7
1,1,2,44,7,3,0,0,0,0,0_0,2_6
2,3,1,76,11,3,0,0,0,0,0_0,3_-1
3,2,1,37,7,3,0,0,0,0,0_0,2_6
2,1,1,72,10,3,0,0,0,0,0_0,1_10
1,1,2,30,6,3,0,0,0,1,9_8,3_8
2,1,1,56,9,2,0,0,0,0,0_0,1_1
2,2,1,79,11,2,0,0,0,0,0_0,1_9
3,3,1,67,10,3,0,0,0,0,0_0,3_8
1,1,1,45,7,3,0,0,0,1,5_1,1_5
2,1,2,78,11,3,0,0,0,0,0_0,1_9
2,1,1,67,10,3,0,0,0,0,0_0,3_8
2,2,1,56,9,3,0,0,0,0,0_0,1_10
1,1,2,58,9,3,0,0,0,0,0_0,3_7
1,1,2,3,1,3,0,0,0,1,1_3,2_7
1,1,1,38,7,2,0,0,0,1,7_3,-1_-1
1,2,1,46,8,2,0,0,0,1,7_3,1_5
1,1,1,76,11,2,0,0,0,0,0_0,1_3
3,2,1,76,11,3,0,0,0,0,0_0,1_10
1,1,1,66,10,3,0,0,0,0,0_0,3_9
1,1,2,82,11,2,0,0,0,1,4_2,1_10
1,1,2,55,8,2,0,0,0,1,5_9,1_10
1,2,1,22,5,2,0,0,0,0,0_0,3_6
2,1,1,44,7,3,0,0,0,0,0_0,3_7
2,3,2,56,9,3,0,0,0,0,0_0,3_8
1,1,2,15,3,3,0,0,0,1,6_9,1_10
2,1,2,56,9,2,0,0,0,0,0_0,1_9
1,1,1,79,11,2,0,0,0,0,0_0,1_8
1,1,1,52,8,2,0,0,0,0,0_0,2_10
3,2,1,42,7,3,0,0,0,0,0_0,1_6
1,1,2,57,9,3,0,0,0,1,10_2,1_2
1,1,2,78,11,3,0,0,0,0,0_0,1_7
1,1,1,12,3,3,0,0,0,1,5_9,1_3
1,1,1,46,8,2,0,0,0,0,0_0,1_10
1,2,1,25,5,3,0,0,0,0,0_0,1_1
3,1,1,54,8,3,0,0,0,0,0_0,1_3
3,3,1,57,9,3,0,0,0,0,0_0,1_8
2,2,1,64,9,2,0,0,0,0,0_0,1_8
2,2,1,46,8,3,0,0,0,0,0_0,1_3
2,2,1,25,5,3,0,0,0,0,0_0,1_7
1,1,1,18,4,3,0,0,0,0,0_0,2_10
2,2,1,18,4,3,0,0,0,0,0_0,1_3
2,2,2,28,6,3,0,0,0,0,0_0,3_7
1,1,1,14,3,3,0,0,0,1,5_9,2_6
2,1,1,9,2,3,0,0,0,0,0_0,1_6
2,2,1,40,7,3,0,0,0,0,0_0,2_7
2,1,1,50,8,3,0,0,0,0,0_0,3_1
2,2,2,57,9,3,0,0,0,0,0_0,1_2
1,1,1,24,5,3,0,0,0,1,6_5,1_1
1,3,1,17,4,3,0,0,0,0,0_0,1_7
1,1,2,11,3,3,0,0,0,1,10_1,1_6
1,1,1,19,4,3,0,0,0,0,0_0,3_9
2,1,2,35,6,2,0,0,0,0,0_0,2_5
3,2,1,35,6,3,0,0,0,0,0_0,1_6
2,1,1,63,9,3,0,0,0,0,0_0,2_6
2,1,2,26,6,2,0,0,0,0,0_0,1_9
1,1,1,34,6,2,0,0,0,0,0_0,3_7
1,1,2,25,5,3,0,0,0,0,0_0,1_10
1,1,1,79,11,3,0,0,0,0,0_0,1_6
1,1,2,64,9,2,0,0,0,1,10_5,1_3
2,1,1,10,2,3,0,0,0,0,0_0,1_2
2,1,1,18,4,3,0,0,0,0,0_0,1_10
1,1,1,14,3,2,0,0,0,1,9_8,-1_-1
1,1,1,75,10,3,0,0,0,1,9_5,1_10
1,1,1,73,10,2,0,0,0,0,0_0,3_7
3,1,1,37,7,3,0,0,0,0,0_0,1_6
2,3,1,57,9,3,0,0,0,0,0_0,3_8
1,2,1,37,7,3,0,0,0,0,0_0,1_10
2,1,2,78,11,2,0,0,0,0,0_0,-1_-1
2,1,2,16,4,3,0,0,0,0,0_0,1_8
2,1,1,47,8,3,0,0,0,0,0_0,3_9
1,1,1,32,6,3,0,0,0,1,4_3,1_4
2,3,2,30,6,3,0,0,0,0,0_0,1_9
3,1,2,29,6,3,0,0,0,0,0_0,1_6
2,2,2,42,7,3,0,0,0,0,0_0,1_7
1,1,1,51,8,3,0,0,0,1,5_1,1_-1
1,1,2,37,7,1,0,0,0,1,9_5,1_10
1,1,2,13,3,3,0,0,0,1,4_2,1_2
1,1,2,12,3,3,0,0,0,1,6_7,1_6
1,2,2,12,3,3,0,0,0,1,6_7,1_2
1,3,1,12,3,3,0,0,0,1,6_7,1_2
1,1,2,45,7,3,0,0,0,0,0_0,1_10
2,1,1,63,9,2,0,0,0,0,0_0,1_5
1,1,2,68,10,3,0,0,0,0,0_0,2_9
1,1,1,26,6,2,0,0,0,0,0_0,3_8
2,1,2,64,9,3,0,0,0,0,0_0,3_9
1,1,2,3,1,2,0,0,0,1,1_3,2_10
3,3,1,65,9,3,0,0,0,0,0_0,1_4
2,2,1,41,7,3,0,0,0,0,0_0,1_10
1,1,2,42,7,3,0,0,0,0,0_0,3_8
1,1,2,37,7,3,0,0,0,1,5_1,1_3
2,1,1,52,8,3,0,0,0,0,0_0,1_-1
2,3,2,26,6,3,0,0,0,0,0_0,1_2
1,1,1,76,11,3,0,0,0,1,5_1,3_10
1,1,1,62,9,2,0,0,0,1,5_3,1_6
1,1,2,21,5,3,0,0,0,0,0_0,3_9
2,1,1,52,8,3,0,0,0,0,0_0,2_3
2,2,1,28,6,3,0,0,0,1,0_0,1_2
3,3,1,67,10,2,0,0,0,0,0_0,1_8
1,1,1,20,4,3,0,0,0,1,1_3,1_9
1,1,1,4,1,2,0,0,0,1,10_1,-1_-1
1,1,1,11,3,3,0,0,0,1,5_4,1_4
1,1,1,54,8,3,0,0,0,1,5_3,1_2
1,1,1,17,4,2,0,0,0,1,1_1,1_2
1,1,2,23,5,2,0,0,0,1,1_3,1_8
1,1,2,17,4,3,0,0,0,1,9_5,1_4
1,1,1,73,10,2,0,0,0,0,0_0,1_9
2,2,1,78,11,3,0,0,0,0,0_0,-1_-1
2,3,2,76,11,2,0,0,0,1,0_0,-1_-1
1,1,2,27,6,2,0,0,0,1,5_1,1_7
1,1,2,37,7,3,0,0,0,1,6_9,1_5
1,1,1,77,11,2,0,0,0,0,0_0,1_4
1,1,1,64,9,2,0,0,0,0,0_0,2_6
1,1,1,24,5,3,0,0,0,0,0_0,3_10
2,2,1,51,8,2,0,0,0,0,0_0,3_9
1,1,1,9,2,2,0,0,0,1,0_0,1_1
1,2,1,11,3,3,0,0,0,0,0_0,1_1
1,1,1,67,10,2,0,0,0,0,0_0,1_3
1,1,2,38,7,3,0,0,0,0,0_0,3_4
1,1,1,44,7,3,0,0,0,0,0_0,1_7
1,2,2,42,7,3,0,0,0,0,0_0,1_7
1,1,2,20,4,2,0,0,0,0,0_0,1_9
1,2,2,38,7,3,0,0,0,0,0_0,2_7
1,1,1,88,11,1,0,0,0,0,0_0,1_3
1,1,2,49,8,3,0,0,0,0,0_0,3_4
1,1,2,22,5,3,0,0,0,1,5_1,1_7
1,1,1,58,9,2,0,0,0,0,0_0,3_4
1,1,2,56,9,3,0,0,0,0,0_0,3_3
1,2,2,64,9,2,0,0,0,0,0_0,3_9
2,1,1,53,8,2,0,0,0,0,0_0,3_3
1,1,1,36,7,3,0,0,0,1,6_9,3_5
1,1,2,52,8,3,0,0,0,1,8_1,2_5
2,1,1,25,5,2,0,0,0,0,0_0,1_9
2,1,2,30,6,3,0,0,0,0,0_0,2_5
1,1,1,8,2,3,0,0,0,1,6_9,1_6
1,1,2,64,9,3,0,0,0,0,0_0,3_8
2,2,2,35,6,3,0,0,0,0,0_0,3_6
2,1,1,55,8,3,0,0,0,0,0_0,3_-1
3,1,1,29,6,1,0,0,0,0,0_0,1_5
2,2,2,47,8,3,0,0,0,0,0_0,1_8
2,1,2,26,6,3,0,0,0,0,0_0,3_8
1,2,1,18,4,3,0,0,0,0,0_0,1_6
1,1,1,41,7,3,0,0,0,1,9_7,1_10
1,1,2,16,4,2,0,0,0,1,1_1,1_10
2,2,1,27,6,3,0,0,0,0,0_0,2_7
2,1,2,62,9,3,0,0,0,0,0_0,1_2
1,1,2,40,7,3,0,0,0,0,0_0,1_10
2,2,2,30,6,3,0,0,0,0,0_0,3_8
1,1,2,63,9,2,0,0,0,1,5_1,1_1
1,1,2,17,4,3,0,0,0,1,1_3,1_8
2,1,1,60,9,2,0,0,0,0,0_0,2_10
1,1,1,15,3,3,0,0,0,1,6_9,1_5
1,3,1,20,4,3,0,0,0,0,0_0,1_7
1,1,1,14,3,2,0,0,0,0,0_0,3_8
1,1,1,33,6,2,0,0,0,1,6_9,-1_-1
3,3,1,61,9,3,0,0,0,0,0_0,1_3
2,1,1,49,8,2,0,0,0,0,0_0,1_9
2,2,2,44,7,2,0,0,0,1,0_0,2_8
2,1,1,43,7,2,0,0,0,0,0_0,1_10
1,2,1,21,5,3,0,0,0,0,0_0,1_10
1,1,1,22,5,3,0,0,0,0,0_0,2_6
2,2,1,52,8,3,0,0,0,0,0_0,1_10
1,1,1,51,8,3,0,0,0,0,0_0,3_8
1,1,2,69,10,3,0,0,0,0,0_0,1_10
1,1,1,19,4,3,0,0,0,1,1_1,3_5
2,2,1,66,10,3,0,0,0,0,0_0,3_9
1,1,1,40,7,3,0,0,0,1,9_5,1_5
1,1,1,71,10,2,0,0,0,0,0_0,3_5
1,1,1,75,10,2,0,0,0,0,0_0,1_5
2,3,2,52,8,3,0,0,0,0,0_0,1_5
2,1,1,15,3,3,0,0,0,0,0_0,3_5
1,1,1,15,3,2,0,0,0,1,9_9,1_5
1,1,2,53,8,3,0,0,0,1,4_1,3_9
2,1,1,40,7,3,0,0,0,0,0_0,1_10
1,1,1,83,11,3,0,0,0,0,0_0,3_7
2,1,1,59,9,2,0,0,0,0,0_0,2_9
1,1,1,50,8,2,0,0,0,0,0_0,1_10
1,1,2,69,10,3,0,0,0,0,0_0,3_9
3,1,1,16,4,3,0,0,0,0,0_0,1_8
2,1,1,49,8,2,0,0,0,0,0_0,1_10
2,2,2,89,11,3,0,0,0,0,0_0,1_5
1,1,1,71,10,3,0,0,0,1,10_1,1_3
1,1,2,9,2,3,0,0,0,1,5_1,3_6
1,1,2,67,10,3,0,0,0,1,10_1,1_10
1,1,1,94,11,3,0,0,0,0,0_0,3_8
1,1,2,54,8,2,0,0,0,0,0_0,3_8
1,1,1,49,8,3,0,0,0,0,0_0,3_7
2,1,1,56,9,3,0,0,0,0,0_0,2_7
1,1,1,64,9,2,0,0,0,0,0_0,3_8
1,2,1,25,5,3,0,0,0,0,0_0,1_6
1,2,1,35,6,3,0,0,0,0,0_0,1_9
2,1,1,38,7,2,0,0,0,0,0_0,2_7
3,2,1,72,10,2,0,0,0,0,0_0,2_5
1,1,1,17,4,3,0,0,0,1,1_1,1_1
2,2,1,60,9,3,0,0,0,0,0_0,1_7
2,1,2,52,8,3,0,0,0,0,0_0,3_9
1,2,2,54,8,3,0,0,0,0,0_0,3_4
2,1,2,36,7,3,0,0,0,0,0_0,3_5
1,1,1,78,11,3,0,0,0,1,1_1,1_3
1,1,2,29,6,3,0,0,0,1,5_1,-1_-1
2,1,1,33,6,2,0,0,0,0,0_0,2_3
1,3,2,23,5,3,0,0,0,0,0_0,2_6
2,2,1,21,5,3,0,0,0,0,0_0,1_7
1,2,1,73,10,2,0,0,0,0,0_0,-1_-1
2,1,2,53,8,3,0,0,0,0,0_0,2_4
2,1,1,77,11,3,0,0,0,0,0_0,3_5
1,1,2,11,3,2,0,0,0,1,10_1,1_2
1,3,2,47,8,3,0,0,0,0,0_0,1_7
2,1,2,34,6,3,0,0,0,0,0_0,3_7
1,1,2,87,11,3,0,0,0,0,0_0,2_5
1,1,1,72,10,2,0,0,0,1,7_3,1_1
1,1,2,12,3,2,0,0,0,1,5_1,1_7
1,1,2,39,7,3,0,0,0,0,0_0,3_7
2,2,2,50,8,3,0,0,0,0,0_0,1_4
1,1,2,57,9,3,0,0,0,1,1_1,2_7
1,1,1,82,11,2,0,0,0,0,0_0,1_5
2,2,2,80,11,3,0,0,0,0,0_0,3_5
1,1,2,21,5,3,0,0,0,0,0_0,3_4
1,1,1,32,6,3,0,0,0,0,0_0,2_3
2,2,1,44,7,3,0,0,0,0,0_0,2_7
1,1,2,54,8,3,0,0,0,1,5_1,1_5
1,1,2,31,6,2,0,0,0,0,0_0,2_3
2,2,2,42,7,3,0,0,0,0,0_0,2_-1
1,1,1,60,9,2,0,0,0,0,0_0,3_6
1,1,1,20,4,2,0,0,0,1,5_1,1_9
1,1,2,38,7,3,0,0,0,1,7_1,1_3
1,1,1,63,9,3,0,0,0,0,0_0,3_5
1,1,1,33,6,3,0,0,0,1,1_1,1_3
1,2,2,21,5,3,0,0,0,1,1_1,1_3
2,1,2,48,8,3,0,0,0,0,0_0,3_9
1,1,1,6,2,3,0,0,0,1,5_2,1_1
1,1,1,58,9,3,0,0,0,0,0_0,3_7
1,1,1,47,8,2,0,0,0,1,5_1,1_6
1,1,1,22,5,3,0,0,0,1,7_1,1_6
2,1,1,16,4,2,0,0,0,0,0_0,2_10
2,2,2,55,8,3,0,0,0,0,0_0,1_2
1,1,2,31,6,3,0,0,0,0,0_0,3_4
1,1,2,60,9,2,0,0,0,0,0_0,1_2
2,2,1,50,8,3,0,0,0,0,0_0,1_3
2,1,1,18,4,2,0,0,0,0,0_0,3_2
2,1,1,74,10,3,0,0,0,0,0_0,2_4
1,1,1,46,8,2,0,0,0,0,0_0,3_4
1,1,1,6,2,3,0,0,0,1,9_5,2_6
1,1,1,36,7,2,0,0,0,0,0_0,2_4
2,1,2,19,4,3,0,0,0,0,0_0,2_8
1,1,1,57,9,2,0,0,0,0,0_0,3_5
2,1,1,26,6,3,0,0,0,0,0_0,2_5
1,1,1,75,10,3,0,0,0,0,0_0,1_7
2,2,2,71,10,3,0,0,0,0,0_0,2_8
1,1,2,32,6,3,0,0,0,1,9_5,-1_-1
1,1,1,49,8,3,0,0,0,1,6_9,-1_-1
1,1,1,65,9,3,0,0,0,1,6_9,-1_-1
1,1,1,6,2,2,0,0,0,1,5_4,-1_-1
1,1,1,12,3,3,0,0,0,1,1_1,1_6
1,1,2,61,9,3,0,0,0,1,5_1,2_2
2,1,1,69,10,3,0,0,0,0,0_0,1_2
2,1,1,22,5,3,0,0,0,0,0_0,2_6
1,1,1,70,10,2,0,0,0,0,0_0,3_5
1,1,1,4,1,3,0,0,0,1,5_1,2_1
1,1,1,74,10,2,0,0,0,0,0_0,1_10
2,1,1,86,11,3,0,0,0,0,0_0,2_10
1,1,2,59,9,3,0,0,0,0,0_0,2_5
2,2,1,51,8,3,0,0,0,0,0_0,3_4
1,1,2,72,10,3,0,0,0,0,0_0,3_8
1,1,2,19,4,3,0,0,0,0,0_0,1_-1
1,1,1,2,1,2,0,0,0,1,1_1,1_9
2,1,1,42,7,2,0,0,0,0,0_0,2_6
1,1,1,13,3,3,0,0,0,0,0_0,2_8
2,2,2,39,7,3,0,0,0,0,0_0,1_1
3,2,1,34,6,3,0,0,0,0,0_0,1_7
1,1,2,58,9,2,0,0,0,0,0_0,3_6
1,1,2,72,10,2,0,0,0,1,9_5,2_3
1,1,1,79,11,3,0,0,0,1,5_9,1_8
1,1,1,40,7,1,0,0,0,1,8_3,3_6
2,1,1,41,7,3,0,0,0,0,0_0,2_3
1,1,2,52,8,3,0,0,0,1,1_1,1_2
1,2,1,54,8,3,0,0,0,0,0_0,1_8
1,1,1,13,3,3,0,0,0,1,1_2,3_7
1,1,1,59,9,2,0,0,0,0,0_0,1_5
1,1,2,76,11,3,0,0,0,0,0_0,-1_-1
1,1,2,51,8,2,0,0,0,1,5_4,-1_-1
1,1,1,24,5,3,0,0,0,0,0_0,3_3
1,1,1,33,6,1,0,0,0,1,9_8,-1_-1
1,1,2,23,5,2,0,0,0,1,6_9,1_10
1,1,1,25,5,2,0,0,0,0,0_0,2_4
1,1,1,57,9,2,0,0,0,0,0_0,3_9
1,1,1,44,7,2,0,0,0,0,0_0,2_7
1,3,1,20,4,3,0,0,0,0,0_0,1_2
1,1,1,25,5,3,0,0,0,1,5_1,-1_-1
1,1,2,59,9,3,0,0,0,1,5_1,1_2
1,1,1,84,11,3,0,0,0,1,5_3,2_5
1,1,2,37,7,3,0,0,0,0,0_0,2_5
1,1,2,74,10,2,0,0,0,0,0_0,3_5
1,1,1,31,6,2,0,0,0,0,0_0,2_7
2,1,2,70,10,2,0,0,0,0,0_0,1_4
1,1,2,13,3,2,0,0,0,1,5_2,-1_-1
1,1,1,33,6,2,0,0,0,1,5_1,1_4
1,1,1,58,9,1,0,0,0,0,0_0,3_5
1,2,1,43,7,3,0,0,0,0,0_0,1_10
1,1,2,32,6,3,0,0,0,1,5_1,1_4
1,3,1,19,4,3,0,0,0,0,0_0,1_2
2,1,1,46,8,3,0,0,0,0,0_0,3_4
2,1,2,18,4,3,0,0,0,0,0_0,2_5
1,1,1,54,8,3,0,0,0,1,10_9,1_3
1,1,1,84,11,2,0,0,0,0,0_0,2_5
2,2,2,43,7,2,0,0,0,0,0_0,1_7
2,2,2,29,6,3,0,0,0,0,0_0,1_6
2,1,1,19,4,3,0,0,0,0,0_0,2_3
1,1,1,28,6,3,0,0,0,0,0_0,3_5
1,1,1,30,6,3,0,0,0,0,0_0,3_6
1,1,1,12,3,2,0,0,0,1,4_1,1_3
1,1,2,14,3,3,0,0,0,1,9_5,1_1
1,1,1,13,3,3,0,0,0,1,5_3,1_3
1,1,1,52,8,3,0,0,0,0,0_0,2_6
1,1,1,56,9,2,0,0,0,0,0_0,1_9
1,1,1,59,9,1,0,0,0,0,0_0,-1_-1
1,1,1,68,10,2,0,0,0,1,4_1,1_6
1,1,1,39,7,3,0,0,0,1,5_1,1_1
1,1,2,20,4,2,0,0,0,0,0_0,-1_-1
2,1,1,53,8,2,0,0,0,0,0_0,2_1
1,1,1,31,6,1,0,0,0,0,0_0,1_3
2,3,2,21,5,3,0,0,0,0,0_0,2_5
1,1,1,79,11,2,0,0,0,1,1_3,2_8
1,1,1,11,3,2,0,0,0,1,5_1,1_2
2,1,2,59,9,3,0,0,0,0,0_0,1_7
1,1,1,48,8,3,0,0,0,0,0_0,1_8
2,2,2,36,7,3,0,0,0,0,0_0,2_7
3,2,2,38,7,2,0,0,0,0,0_0,3_9
1,1,2,13,3,2,0,0,0,1,5_4,1_4
1,1,1,36,7,3,0,0,0,1,1_4,1_2
1,1,1,67,10,3,0,0,0,1,1_1,1_5
2,2,2,28,6,2,0,0,0,0,0_0,1_7
3,2,2,26,6,3,0,0,0,0,0_0,1_2
1,3,1,27,6,2,0,0,0,1,0_0,1_3
1,1,1,36,7,3,0,0,0,0,0_0,2_2
1,1,2,51,8,3,0,0,0,1,10_9,1_8
2,1,1,30,6,3,0,0,0,0,0_0,3_8
2,1,1,56,9,2,0,0,0,0,0_0,3_6
2,2,1,52,8,2,0,0,0,0,0_0,1_5
2,2,2,24,5,3,0,0,0,0,0_0,3_5
1,1,1,30,6,2,0,0,0,0,0_0,3_6
2,2,1,19,4,3,0,0,0,0,0_0,2_8
1,1,1,42,7,3,0,0,0,1,5_1,2_4
2,2,1,22,5,2,0,0,0,0,0_0,-1_-1
1,1,2,42,7,3,0,0,0,0,0_0,2_5
2,2,1,67,10,3,0,0,0,0,0_0,1_9
1,1,2,7,2,3,0,0,0,0,0_0,1_2
1,1,1,82,11,2,0,0,0,0,0_0,3_6
2,2,2,23,5,3,0,0,0,0,0_0,2_1
1,1,2,51,8,3,0,0,0,1,5_3,1_5
1,1,1,42,7,2,0,0,0,0,0_0,1_1
1,1,2,54,8,2,0,0,0,0,0_0,3_9
2,2,2,35,6,2,0,0,0,0,0_0,-1_-1
2,1,1,63,9,3,0,0,0,0,0_0,3_1
1,1,1,10,2,3,0,0,0,0,0_0,3_7
1,1,2,15,3,3,0,0,0,1,5_2,2_6
2,1,2,61,9,3,0,0,0,0,0_0,2_7
1,1,2,10,2,3,0,0,0,1,5_3,1_10
1,1,2,7,2,2,0,0,0,0,0_0,1_1
2,1,2,44,7,3,0,0,0,0,0_0,2_5
1,1,2,29,6,2,0,0,0,0,0_0,1_5
1,1,2,12,3,3,0,0,0,1,1_1,1_2
1,1,1,13,3,2,0,0,0,1,5_1,1_1
1,1,1,57,9,2,0,0,0,0,0_0,1_10
1,1,2,83,11,2,0,0,0,1,5_1,3_7
2,2,1,56,9,3,0,0,0,0,0_0,3_4
1,1,2,24,5,3,0,0,0,0,0_0,3_10
2,2,2,48,8,3,0,0,0,0,0_0,3_10
1,2,2,32,6,3,0,0,0,0,0_0,1_7
1,1,1,18,4,2,0,0,0,1,9_5,2_8
1,1,1,23,5,3,0,0,0,0,0_0,3_6
2,2,2,46,8,3,0,0,0,0,0_0,3_8
1,1,1,45,7,2,0,0,0,0,0_0,1_10
1,1,2,69,10,1,0,0,0,1,9_9,1_5
2,1,1,11,3,2,0,0,0,0,0_0,1_2
2,2,1,10,2,2,0,0,0,1,0_0,1_2
1,1,1,31,6,2,0,0,0,0,0_0,3_2
2,2,1,32,6,3,0,0,0,0,0_0,-1_-1
1,1,1,12,3,2,0,0,0,1,5_2,-1_-1
1,1,1,14,3,3,0,0,0,1,5_3,-1_-1
1,1,1,40,7,2,0,0,0,1,4_4,1_2
1,1,1,35,6,3,0,0,0,1,5_3,1_1
1,1,2,38,7,3,0,0,0,1,6_8,3_7
2,2,2,32,6,3,0,0,0,0,0_0,3_8
1,1,1,39,7,2,0,0,0,1,6_5,1_1
2,1,1,13,3,3,0,0,0,0,0_0,3_6
1,1,2,11,3,3,0,0,0,1,4_1,1_3
1,1,2,15,3,2,0,0,0,1,5_3,1_10
1,2,1,4,1,3,0,0,0,1,0_0,1_1
1,1,1,57,9,2,0,0,0,0,0_0,1_7
1,3,2,42,7,2,0,0,0,1,0_0,1_7
2,2,1,35,6,2,0,0,0,0,0_0,1_4
1,1,1,23,5,3,0,0,0,0,0_0,3_7
1,1,1,78,11,1,0,0,0,0,0_0,3_7
1,1,1,31,6,3,0,0,0,1,5_9,2_2
1,1,1,13,3,3,0,0,0,1,5_3,-1_-1
1,1,1,42,7,2,0,0,0,0,0_0,3_4
1,1,1,58,9,2,0,0,0,0,0_0,1_8
1,1,1,15,3,3,0,0,0,1,6_9,-1_-1
2,2,1,59,9,2,0,0,0,0,0_0,-1_-1
1,1,1,6,2,2,0,0,0,1,5_2,-1_-1
2,1,1,30,6,3,0,0,0,0,0_0,3_10
2,2,2,31,6,3,0,0,0,1,0_0,3_10
2,1,1,36,7,2,0,0,0,0,0_0,-1_-1
2,1,1,54,8,3,0,0,0,0,0_0,3_8
1,1,2,52,8,3,0,0,0,0,0_0,2_9
1,1,1,53,8,2,0,0,0,0,0_0,1_4
1,1,2,25,5,3,0,0,0,1,5_3,1_4
1,1,1,46,8,3,0,0,0,0,0_0,2_10
1,1,1,21,5,2,0,0,0,1,9_8,1_10
2,2,1,61,9,3,0,0,0,0,0_0,2_2
2,1,2,62,9,3,0,0,0,0,0_0,1_5
1,1,1,26,6,3,0,0,0,0,0_0,3_1
2,2,1,42,7,3,0,0,0,0,0_0,1_2
1,1,2,70,10,2,0,0,0,1,1_3,-1_-1
1,2,2,60,9,3,0,0,0,1,1_3,3_6
1,1,1,34,6,3,0,0,0,0,0_0,2_4
1,1,1,61,9,1,0,0,0,1,9_9,3_3
1,1,1,39,7,3,0,0,0,0,0_0,3_7
1,1,2,91,11,2,0,0,0,1,6_8,2_4
1,1,1,41,7,2,0,0,0,1,5_1,1_4
1,1,1,55,8,2,0,0,0,0,0_0,1_6
1,1,2,58,9,3,0,0,0,0,0_0,3_5
1,3,1,76,11,3,0,0,0,0,0_0,3_8
1,1,2,12,3,2,0,0,0,1,5_1,1_5
2,2,1,83,11,3,0,0,0,0,0_0,3_6
1,1,2,60,9,3,0,0,0,1,8_3,1_2
1,2,1,20,4,3,0,0,0,0,0_0,1_4
1,2,1,58,9,2,0,0,0,0,0_0,3_5
1,1,2,79,11,2,0,0,0,0,0_0,2_8
2,1,1,16,4,3,0,0,0,0,0_0,2_9
1,1,1,33,6,2,0,0,0,1,5_1,1_6
1,1,2,47,8,3,0,0,0,0,0_0,2_1
1,1,2,26,6,3,0,0,0,0,0_0,3_8
2,2,1,35,6,2,0,0,0,0,0_0,3_8
1,1,2,17,4,3,0,0,0,1,4_3,1_3
1,2,2,17,4,3,0,0,0,1,4_3,1_3
3,2,2,75,10,2,0,0,0,0,0_0,3_6
1,1,2,60,9,2,0,0,0,1,5_1,1_8
1,1,1,43,7,2,0,0,0,0,0_0,1_9
2,1,2,52,8,3,0,0,0,0,0_0,3_5
1,1,2,58,9,2,0,0,0,0,0_0,2_9
1,1,2,22,5,3,0,0,0,0,0_0,2_9
1,1,2,30,6,3,0,0,0,0,0_0,2_7
1,1,1,28,6,3,0,0,0,0,0_0,2_6
1,3,1,56,9,3,0,0,0,0,0_0,1_4
2,1,1,24,5,2,0,0,0,0,0_0,1_7
1,1,1,66,10,2,0,0,0,0,0_0,1_8
1,1,2,9,2,2,0,0,0,1,0_0,1_8
2,2,2,46,8,3,0,0,0,0,0_0,1_10
1,1,1,21,5,3,0,0,0,1,8_5,1_3
1,2,2,28,6,3,0,0,0,0,0_0,-1_-1
3,1,1,71,10,3,0,0,0,0,0_0,1_4
2,1,1,44,7,3,0,0,0,0,0_0,2_2
2,3,1,40,7,3,0,0,0,1,0_0,1_9
1,1,2,19,4,3,0,0,0,1,8_1,1_7
1,1,2,16,4,3,0,0,0,1,5_1,2_4
1,1,2,11,3,2,0,0,0,1,2_4,1_8
1,1,1,61,9,3,0,0,0,1,5_3,1_8
1,1,2,73,10,2,0,0,0,1,8_3,1_6
2,1,1,76,11,2,0,0,0,0,0_0,2_6
2,1,2,63,9,3,0,0,0,0,0_0,1_9
1,1,2,11,3,3,0,0,0,1,4_3,2_7
1,1,2,31,6,3,0,0,0,1,5_9,-1_-1
2,1,1,52,8,1,0,0,0,0,0_0,-1_-1
1,1,1,56,9,3,0,0,0,0,0_0,3_8
1,1,1,64,9,3,0,0,0,0,0_0,1_5
1,1,1,31,6,2,0,0,0,0,0_0,3_7
1,1,1,58,9,2,0,0,0,0,0_0,3_7
2,2,2,19,4,2,0,0,0,0,0_0,3_7
2,3,2,26,6,3,0,0,0,0,0_0,3_8
2,1,1,17,4,2,0,0,0,0,0_0,3_8
2,1,1,38,7,2,0,0,0,0,0_0,1_8
1,1,1,80,11,3,0,0,0,0,0_0,2_9
1,2,2,38,7,3,0,0,0,0,0_0,3_6
2,1,2,29,6,3,0,0,0,0,0_0,2_7
1,3,1,20,4,3,0,0,0,0,0_0,3_8
2,2,2,25,5,3,0,0,0,0,0_0,3_5
1,2,1,18,4,3,0,0,0,0,0_0,3_9
1,1,2,40,7,3,0,0,0,0,0_0,2_3
2,2,2,29,6,3,0,0,0,0,0_0,2_4
2,1,1,31,6,3,0,0,0,0,0_0,3_5
1,1,1,75,10,2,0,0,0,0,0_0,1_1
1,1,1,38,7,2,0,0,0,0,0_0,3_7
2,2,2,39,7,2,0,0,0,0,0_0,2_10
1,1,2,55,8,1,0,0,0,1,5_3,1_2
1,1,2,44,7,2,0,0,0,0,0_0,1_10
3,2,2,26,6,3,0,0,0,1,6_9,1_5
1,1,2,12,3,2,0,0,0,1,5_1,1_3
1,1,1,55,8,3,0,0,0,1,4_1,1_4
1,1,2,72,10,3,0,0,0,0,0_0,3_9
2,2,1,30,6,3,0,0,0,0,0_0,3_5
1,1,1,74,10,2,0,0,0,1,5_1,1_2
1,1,1,35,6,2,0,0,0,0,0_0,1_7
1,1,1,40,7,3,0,0,0,1,6_9,-1_-1
1,2,1,21,5,3,0,0,0,0,0_0,3_7
1,1,2,83,11,2,0,0,0,1,5_3,3_4
3,1,2,82,11,2,0,0,0,0,0_0,2_9
1,1,2,51,8,3,0,0,0,1,5_3,2_5
2,2,2,58,9,2,0,0,0,0,0_0,1_5
1,1,2,38,7,2,0,0,0,1,5_3,3_4
2,1,2,87,11,3,0,0,0,0,0_0,3_8
1,1,2,43,7,3,0,0,0,0,0_0,3_4
2,2,2,61,9,3,0,0,0,0,0_0,3_4
1,1,2,84,11,2,0,0,0,1,5_1,1_5
2,1,2,68,10,2,0,0,0,0,0_0,1_9
3,2,1,39,7,2,0,0,0,0,0_0,-1_-1
1,2,1,29,6,3,0,0,0,0,0_0,-1_-1
2,1,1,34,6,2,0,0,0,0,0_0,-1_-1
2,1,2,85,11,3,0,0,0,0,0_0,-1_-1
1,1,1,15,3,3,0,0,0,1,8_3,-1_-1
1,1,2,23,5,3,0,0,0,1,1_9,-1_-1
1,1,1,41,7,3,0,0,0,1,9_8,-1_-1
1,1,2,58,9,2,0,0,0,0,0_0,-1_-1
1,1,1,23,5,3,0,0,0,1,5_3,-1_-1
2,2,2,51,8,2,0,0,0,0,0_0,-1_-1
1,1,1,34,6,1,0,0,0,0,0_0,-1_-1
1,1,1,60,9,3,0,0,0,0,0_0,-1_-1
1,1,1,19,4,1,0,0,0,0,0_0,-1_-1
1,1,1,25,5,2,0,0,0,0,0_0,-1_-1
1,1,1,46,8,3,0,0,0,1,9_8,-1_-1
1,1,2,15,3,2,0,0,0,1,5_3,-1_-1
2,3,2,72,10,1,0,0,0,0,0_0,1_3
1,1,2,16,4,3,0,0,0,1,5_1,-1_-1
1,2,1,59,9,3,0,0,0,1,0_0,1_1
2,3,1,71,10,3,0,0,0,0,0_0,3_3
1,1,2,77,11,1,0,0,0,1,5_3,1_4
1,1,1,35,6,1,0,0,0,0,0_0,3_8
1,1,1,68,10,3,0,0,0,0,0_0,2_7
1,1,1,35,6,3,0,0,0,0,0_0,3_5
1,1,2,15,3,2,0,0,0,1,6_9,1_2
3,1,1,40,7,3,0,0,0,0,0_0,1_5
2,2,2,50,8,3,0,0,0,0,0_0,1_2
1,1,1,27,6,1,0,0,0,0,0_0,3_7
1,1,2,22,5,3,0,0,0,0,0_0,1_10
2,1,2,22,5,2,0,0,0,0,0_0,1_7
2,1,2,45,7,3,0,0,0,0,0_0,2_2
1,1,1,51,8,2,0,0,0,1,6_7,3_5
1,1,2,44,7,3,0,0,0,0,0_0,3_8
1,2,1,57,9,3,0,0,0,0,0_0,1_1
2,1,1,39,7,2,0,0,0,0,0_0,-1_-1
2,1,1,65,9,2,0,0,0,0,0_0,1_5
1,2,1,30,6,3,0,0,0,1,0_0,-1_-1
1,1,1,31,6,2,0,0,0,0,0_0,2_2
1,1,2,0,1,3,0,0,0,1,5_3,1_1
1,1,2,30,6,3,0,0,0,1,1_3,-1_-1
1,1,2,55,8,3,0,0,0,1,4_3,1_1
1,1,1,14,3,2,0,0,0,0,0_0,-1_-1
1,1,1,9,2,2,0,0,0,1,5_3,1_3
2,2,1,23,5,2,0,0,0,0,0_0,1_4
1,1,2,17,4,2,0,0,0,1,5_3,1_-1
2,2,1,34,6,3,0,0,0,1,0_0,-1_-1
1,1,1,69,10,1,0,0,0,1,8_1,1_9
2,1,1,15,3,1,0,0,0,1,9_8,3_2
1,1,1,25,5,3,0,0,0,1,6_8,1_5
2,1,1,70,10,3,0,0,0,0,0_0,2_10
1,3,1,78,11,3,0,0,0,0,0_0,1_5
2,2,1,50,8,3,0,0,0,0,0_0,2_2
1,1,2,32,6,3,0,0,0,0,0_0,3_9
2,3,1,68,10,2,0,0,0,0,0_0,3_8
2,1,2,32,6,3,0,0,0,0,0_0,1_8
1,2,2,25,5,3,0,0,0,1,0_0,1_8
2,3,2,53,8,3,0,0,0,0,0_0,2_9
1,1,2,56,9,3,0,0,0,1,4_3,1_3
2,2,1,25,5,3,0,0,0,0,0_0,2_5
1,1,2,71,10,3,0,0,0,0,0_0,2_-1
1,1,1,75,10,3,0,0,0,1,6_8,1_7
1,1,1,30,6,3,0,0,0,1,1_1,1_2
1,3,2,50,8,3,0,0,0,0,0_0,1_5
3,2,2,30,6,3,0,0,0,0,0_0,1_8
1,1,2,91,11,2,0,0,0,1,5_1,1_6
2,1,1,45,7,2,0,0,0,0,0_0,2_5
1,1,2,22,5,3,0,0,0,1,9_9,1_5
2,1,1,52,8,2,0,0,0,0,0_0,3_6
1,1,2,22,5,3,0,0,0,0,0_0,3_5
2,2,2,52,8,3,0,0,0,0,0_0,2_6
1,1,2,27,6,3,0,0,0,1,9_5,1_2
3,3,2,40,7,3,0,0,0,0,0_0,-1_-1
1,3,1,22,5,3,0,0,0,0,0_0,-1_-1
2,1,2,36,7,3,0,0,0,0,0_0,-1_-1
2,1,2,54,8,2,0,0,0,0,0_0,-1_-1
1,1,2,74,10,3,0,0,0,1,5_3,-1_-1
2,1,1,95,11,3,0,0,0,0,0_0,1_2
1,1,1,57,9,3,0,0,0,1,5_1,1_6
1,1,1,12,3,2,0,0,0,1,1_1,1_6
1,1,2,27,6,3,0,0,0,1,9_9,1_9
1,1,1,62,9,2,0,0,0,0,0_0,2_5
1,1,1,30,6,1,0,0,0,0,0_0,2_4
1,1,2,67,10,3,0,0,0,0,0_0,1_4
2,2,1,43,7,3,0,0,0,0,0_0,2_5
2,1,1,69,10,3,0,0,0,0,0_0,3_5
1,1,1,73,10,2,0,0,0,0,0_0,1_5
1,1,1,27,6,3,0,0,0,0,0_0,2_7
2,1,2,24,5,3,0,0,0,0,0_0,2_4
2,1,1,53,8,3,0,0,0,0,0_0,3_6
1,1,1,24,5,3,0,0,0,1,1_3,1_3
2,1,2,35,6,3,0,0,0,0,0_0,3_5
3,1,1,79,11,2,0,0,0,0,0_0,1_4
1,1,2,50,8,3,0,0,0,0,0_0,2_3
2,3,2,79,11,3,0,0,0,0,0_0,1_6
1,1,2,53,8,3,0,0,0,0,0_0,2_4
1,1,1,37,7,3,0,0,0,0,0_0,2_2
2,2,1,47,8,3,0,0,0,0,0_0,1_4
2,2,1,61,9,3,0,0,0,0,0_0,1_5
1,1,1,29,6,3,0,0,0,1,1_1,1_1
2,2,2,51,8,3,0,0,0,0,0_0,2_10
2,2,2,21,5,3,0,0,0,0,0_0,1_9
3,2,2,83,11,3,0,0,0,0,0_0,1_3
1,1,1,37,7,2,0,0,0,0,0_0,1_9
2,2,1,71,10,3,0,0,0,0,0_0,1_10
1,1,2,49,8,3,0,0,0,1,9_5,1_8
1,1,1,25,5,3,0,0,0,1,5_3,1_2
2,2,2,21,5,3,0,0,0,0,0_0,2_3
1,1,1,7,2,3,0,0,0,1,0_0,1_1
1,1,1,24,5,2,0,0,0,0,0_0,3_4
1,1,1,31,6,3,0,0,0,0,0_0,3_4
2,1,2,33,6,3,0,0,0,1,9_5,1_5
1,1,1,24,5,2,0,0,0,0,0_0,3_9
2,1,1,19,4,2,0,0,0,0,0_0,3_5
2,1,1,61,9,3,0,0,0,0,0_0,2_1
2,1,2,61,9,3,0,0,0,0,0_0,3_10
1,1,1,58,9,1,0,0,0,0,0_0,2_4
2,3,1,29,6,3,0,0,0,1,0_0,1_1
1,1,2,75,10,3,0,0,0,1,10_8,3_6
2,1,1,52,8,3,0,0,0,0,0_0,3_7
1,1,1,28,6,3,0,0,0,0,0_0,3_7
1,1,2,30,6,3,0,0,0,0,0_0,1_10
1,1,1,83,11,2,0,0,0,0,0_0,3_9
1,1,2,19,4,3,0,0,0,1,6_8,3_6
1,1,2,18,4,3,0,0,0,0,0_0,2_6
1,1,1,74,10,2,0,0,0,1,4_3,-1_-1
1,1,2,32,6,3,0,0,0,1,6_9,2_6
1,1,2,72,10,3,0,0,0,0,0_0,1_9
1,1,2,46,8,3,0,0,0,1,8_1,1_6
1,2,1,35,6,3,0,0,0,1,5_1,1_2
1,1,1,16,4,3,0,0,0,0,0_0,2_10
2,1,2,42,7,3,0,0,0,0,0_0,3_9
2,2,1,59,9,3,0,0,0,0,0_0,1_7
1,1,1,68,10,3,0,0,0,1,6_9,1_6
2,1,1,51,8,2,0,0,0,0,0_0,1_3
1,1,2,18,4,3,0,0,0,0,0_0,2_5
1,2,2,20,4,3,0,0,0,0,0_0,1_6
1,1,1,13,3,2,0,0,0,1,1_3,1_9
1,2,1,13,3,3,0,0,0,1,1_3,1_9
2,1,2,59,9,3,0,0,0,0,0_0,1_9
2,2,2,53,8,3,0,0,0,0,0_0,1_8
1,1,1,44,7,2,0,0,0,0,0_0,2_6
2,1,2,50,8,2,0,0,0,0,0_0,1_4
1,1,1,67,10,2,0,0,0,0,0_0,2_7
2,1,2,60,9,2,0,0,0,0,0_0,1_7
2,2,1,36,7,3,0,0,0,0,0_0,2_10
2,1,1,65,9,2,0,0,0,0,0_0,3_6
1,1,1,71,10,3,0,0,0,0,0_0,3_6
1,1,2,38,7,3,0,0,0,0,0_0,3_8
2,2,1,13,3,3,0,0,0,0,0_0,1_7
2,1,2,13,3,3,0,0,0,1,5_3,1_4
2,2,1,44,7,3,0,0,0,0,0_0,3_6
2,1,2,34,6,3,0,0,0,0,0_0,2_6
2,2,2,25,5,3,0,0,0,0,0_0,2_1
1,1,1,70,10,3,0,0,0,1,6_9,3_7
1,1,2,56,9,2,0,0,0,1,9_9,2_8
2,2,1,20,4,3,0,0,0,0,0_0,2_6
1,1,1,10,2,3,0,0,0,1,5_1,1_3
1,1,2,54,8,3,0,0,0,0,0_0,3_7
2,1,2,19,4,3,0,0,0,0,0_0,2_5
1,1,2,68,10,3,0,0,0,0,0_0,3_7
1,1,1,61,9,3,0,0,0,0,0_0,3_7
1,1,2,37,7,3,0,0,0,1,5_1,3_9
1,2,1,44,7,3,0,0,0,1,5_1,3_9
2,2,2,33,6,3,0,0,0,0,0_0,2_7
1,1,1,46,8,3,0,0,0,0,0_0,2_3
2,2,1,67,10,3,0,0,0,0,0_0,3_5
1,1,1,78,11,2,0,0,0,0,0_0,1_6
2,2,1,21,5,3,0,0,0,0,0_0,3_5
1,1,1,65,9,2,0,0,0,1,5_1,3_5
1,1,1,55,8,2,0,0,0,0,0_0,1_3
1,1,1,16,4,3,0,0,0,1,6_9,1_2
1,1,1,17,4,3,0,0,0,1,8_9,1_4
1,1,2,69,10,3,0,0,0,0,0_0,1_6
1,1,1,80,11,2,0,0,0,1,1_3,1_7
1,2,2,26,6,3,0,0,0,0,0_0,3_10
2,1,2,26,6,3,0,0,0,0,0_0,2_6
1,1,1,34,6,2,0,0,0,0,0_0,1_8
1,1,2,89,11,3,0,0,0,1,9_9,2_6
2,1,2,77,11,3,0,0,0,0,0_0,3_9
1,1,1,74,10,3,0,0,0,0,0_0,1_8
1,1,1,88,11,3,0,0,0,0,0_0,1_9
2,2,1,21,5,3,0,0,0,0,0_0,-1_-1
1,1,1,15,3,2,0,0,0,1,5_2,-1_-1
1,1,1,62,9,3,0,0,0,1,5_3,-1_-1
2,1,1,48,8,2,0,0,0,0,0_0,-1_-1
1,2,1,23,5,3,0,0,0,1,1_1,-1_-1
1,1,1,12,3,2,0,0,0,1,5_1,1_1
1,2,1,15,3,3,0,0,0,0,0_0,1_4
1,1,2,12,3,2,0,0,0,1,5_3,1_10
2,2,1,91,11,3,0,0,0,0,0_0,3_8
1,2,2,77,11,3,0,0,0,1,0_0,1_10
1,1,1,17,4,3,0,0,0,1,5_1,1_10
1,1,2,83,11,3,0,0,0,1,4_1,1_1
1,1,1,60,9,2,0,0,0,1,5_3,1_10
3,1,1,30,6,3,0,0,0,0,0_0,3_8
1,2,1,23,5,3,0,0,0,0,0_0,3_5
1,1,2,16,4,3,0,0,0,1,5_1,1_2
1,1,2,19,4,3,0,0,0,1,1_1,1_9
2,2,2,57,9,3,0,0,0,1,0_0,1_6
2,2,1,66,10,3,0,0,0,0,0_0,3_7
1,1,1,6,2,3,0,0,0,1,9_5,2_3
2,1,1,22,5,3,0,0,0,1,0_0,3_8
2,2,1,49,8,3,0,0,0,0,0_0,3_8
2,3,1,11,3,3,0,0,0,1,0_0,3_8
1,1,1,48,8,1,0,0,0,0,0_0,-1_-1
1,1,2,56,9,3,0,0,0,1,6_5,1_4
2,1,2,41,7,3,0,0,0,0,0_0,2_5
1,1,2,4,1,2,0,0,0,1,6_9,1_3
1,1,1,65,9,1,0,0,0,0,0_0,3_9
1,1,2,63,9,3,0,0,0,0,0_0,3_8
2,2,1,41,7,2,0,0,0,0,0_0,1_8
1,1,1,32,6,1,0,0,0,0,0_0,1_1
2,3,1,38,7,3,0,0,0,0,0_0,1_3
1,1,1,83,11,3,0,0,0,1,1_3,1_5
1,1,2,33,6,3,0,0,0,0,0_0,2_2
1,1,2,75,10,2,0,0,0,1,8_3,1_4
1,1,2,13,3,3,0,0,0,1,5_2,1_1
2,1,1,27,6,2,0,0,0,1,0_0,1_8
2,3,1,32,6,3,0,0,0,0,0_0,1_5
2,2,2,51,8,3,0,0,0,0,0_0,1_3
1,1,1,10,2,3,0,0,0,1,1_3,1_4
1,1,2,21,5,1,0,0,0,0,0_0,1_1
1,1,2,23,5,3,0,0,0,1,0_0,1_1
1,1,2,15,3,2,0,0,0,1,5_1,1_3
1,1,1,57,9,2,0,0,0,0,0_0,3_1
2,3,2,22,5,3,0,0,0,0,0_0,3_6
1,1,1,15,3,2,0,0,0,1,5_4,1_3
1,1,1,61,9,2,0,0,0,1,5_3,1_9
2,1,2,48,8,2,0,0,0,0,0_0,1_10
3,1,1,28,6,3,0,0,0,0,0_0,-1_-1
1,1,2,24,5,2,0,0,0,0,0_0,-1_-1
1,3,1,54,8,3,0,0,0,0,0_0,-1_-1
2,1,2,65,9,1,0,0,0,0,0_0,-1_-1
3,2,1,51,8,3,0,0,0,0,0_0,-1_-1
2,1,2,46,8,2,0,0,0,0,0_0,-1_-1
1,1,2,67,10,3,0,0,0,1,5_9,-1_-1
1,1,2,11,3,2,0,0,0,1,5_2,-1_-1
1,1,2,14,3,2,0,0,0,1,1_3,-1_-1
1,1,2,64,9,1,0,0,0,1,6_9,-1_-1
1,1,1,47,8,2,0,0,0,1,9_9,-1_-1
2,1,1,15,3,3,0,0,0,0,0_0,-1_-1
1,1,1,48,8,2,0,0,0,1,5_1,-1_-1
1,1,2,91,11,3,0,0,0,1,6_9,-1_-1
2,1,2,27,6,3,0,0,0,0,0_0,-1_-1
1,1,1,33,6,3,0,0,0,1,9_9,1_1
1,1,2,6,2,3,0,0,0,1,1_3,1_3
1,1,2,48,8,2,0,0,0,0,0_0,2_3
1,1,1,65,9,3,0,0,0,1,5_3,1_2
1,1,2,41,7,3,0,0,0,1,6_9,1_1
1,1,2,51,8,2,0,0,0,0,0_0,2_5
1,1,2,17,4,3,0,0,0,1,4_4,1_2
2,2,1,42,7,3,0,0,0,0,0_0,1_6
1,1,1,73,10,3,0,0,0,0,0_0,3_5
1,2,1,41,7,3,0,0,0,1,0_0,1_1
1,1,2,50,8,2,0,0,0,0,0_0,1_10
2,1,2,57,9,2,0,0,0,0,0_0,1_4
1,1,1,60,9,2,0,0,0,0,0_0,2_5
3,1,2,39,7,3,0,0,0,0,0_0,1_6
1,1,1,44,7,3,0,0,0,1,3_1,1_1
2,2,1,44,7,3,0,0,0,0,0_0,2_2
1,1,1,36,7,1,0,0,0,1,9_8,1_6
1,2,2,28,6,2,0,0,0,0,0_0,-1_-1
1,1,1,63,9,3,0,0,0,0,0_0,2_5
1,1,1,56,9,1,0,0,0,0,0_0,2_4
2,2,2,45,7,2,0,0,0,0,0_0,2_8
1,1,2,88,11,2,0,0,0,0,0_0,3_6
2,2,1,65,9,2,0,0,0,0,0_0,3_4
2,3,1,53,8,3,0,0,0,1,0_0,1_2
1,1,1,28,6,2,0,0,0,0,0_0,1_8
2,2,1,79,11,2,0,0,0,0,0_0,3_7
1,1,1,70,10,3,0,0,0,0,0_0,2_4
1,1,1,57,9,3,0,0,0,0,0_0,3_4
1,1,2,61,9,2,0,0,0,0,0_0,2_5
2,1,2,38,7,3,0,0,0,0,0_0,2_-1
1,1,2,18,4,3,0,0,0,1,1_3,1_4
1,2,1,40,7,3,0,0,0,0,0_0,1_6
2,1,1,45,7,3,0,0,0,0,0_0,3_6
2,1,2,41,7,3,0,0,0,0,0_0,3_3
1,1,1,28,6,3,0,0,0,0,0_0,2_4
2,2,1,24,5,3,0,0,0,0,0_0,2_8
1,1,2,18,4,2,0,0,0,0,0_0,1_1
1,1,2,90,11,1,0,0,0,1,5_3,3_5
1,1,2,71,10,3,0,0,0,0,0_0,3_3
2,2,2,73,10,3,0,0,0,0,0_0,1_1
1,1,2,83,11,2,0,0,0,0,0_0,2_5
2,1,2,32,6,3,0,0,0,0,0_0,3_3
2,2,1,57,9,2,0,0,0,0,0_0,1_4
1,1,1,51,8,3,0,0,0,0,0_0,2_6
1,1,1,12,3,2,0,0,0,1,5_1,3_6
1,1,2,56,9,2,0,0,0,1,1_3,1_2
2,2,1,19,4,1,0,0,0,0,0_0,1_2
1,1,1,46,8,3,0,0,0,1,5_1,1_3
3,1,2,44,7,3,0,0,0,0,0_0,1_3
1,1,1,68,10,3,0,0,0,1,1_3,1_6
1,1,2,46,8,3,0,0,0,1,5_2,1_3
1,2,1,43,7,3,0,0,0,0,0_0,1_7
3,1,1,64,9,3,0,0,0,0,0_0,1_4
1,1,1,57,9,2,0,0,0,0,0_0,1_6
1,1,2,18,4,2,0,0,0,1,0_0,1_5
1,1,2,27,6,3,0,0,0,1,1_1,1_3
1,2,2,33,6,3,0,0,0,1,1_1,1_3
2,1,1,40,7,2,0,0,0,0,0_0,1_5
1,1,1,12,3,3,0,0,0,1,4_1,1_8
1,1,1,25,5,2,0,0,0,1,10_9,1_1
1,1,1,85,11,3,0,0,0,0,0_0,1_10
1,1,1,18,4,3,0,0,0,1,5_3,1_8
1,1,2,25,5,3,0,0,0,1,6_9,1_3
1,1,1,35,6,3,0,0,0,1,10_9,1_2
1,2,1,18,4,3,0,0,0,1,1_9,1_2
1,1,2,74,10,2,0,0,0,1,5_1,1_2
1,1,2,52,8,3,0,0,0,0,0_0,1_8
1,1,2,22,5,2,0,0,0,1,5_9,1_3
1,1,2,26,6,3,0,0,0,1,5_1,1_2
1,1,1,24,5,3,0,0,0,1,5_2,-1_-1
1,2,1,45,7,2,0,0,0,0,0_0,1_2
1,1,1,23,5,3,0,0,0,1,9_9,1_5
1,1,1,27,6,3,0,0,0,0,0_0,1_-1
1,1,2,71,10,3,0,0,0,0,0_0,1_5
2,2,1,47,8,3,0,0,0,0,0_0,1_3
1,1,2,66,10,3,0,0,0,1,1_9,1_3
1,1,1,5,1,3,0,0,0,1,5_1,1_6
1,1,1,53,8,3,0,0,0,1,5_1,1_2
1,1,1,35,6,2,0,0,0,1,1_9,1_9
1,1,1,27,6,3,0,0,0,1,5_2,3_8
1,1,2,23,5,3,0,0,0,1,1_1,1_2
1,1,2,67,10,2,0,0,0,1,1_3,1_7
1,1,1,72,10,3,0,0,0,0,0_0,-1_-1
2,2,1,87,11,3,0,0,0,0,0_0,1_3
1,1,2,24,5,3,0,0,0,1,1_1,1_5
1,1,1,81,11,2,0,0,0,1,5_1,1_2
1,1,1,22,5,3,0,0,0,1,9_5,1_7
1,1,1,17,4,3,0,0,0,1,1_3,1_3
1,1,2,61,9,2,0,0,0,1,5_3,1_7
1,1,2,51,8,3,0,0,0,1,1_3,1_6
1,1,2,55,8,3,0,0,0,1,1_3,1_2
1,1,2,83,11,3,0,0,0,1,5_3,1_6
1,1,1,25,5,3,0,0,0,1,5_3,1_3
1,1,2,49,8,3,0,0,0,1,8_3,1_3
1,1,2,51,8,3,0,0,0,1,1_1,1_6
1,1,1,13,3,3,0,0,0,1,5_1,1_7
1,1,2,70,10,2,0,0,0,1,4_1,1_2
1,1,1,32,6,2,0,0,0,0,0_0,1_8
1,1,1,35,6,2,0,0,0,1,1_9,1_2
1,1,2,30,6,3,0,0,0,1,1_3,1_2
2,1,2,34,6,3,0,0,0,1,9_5,1_4
1,1,2,7,2,3,0,0,0,1,5_1,1_4
1,2,2,39,7,3,0,0,0,1,5_1,1_4
1,1,1,39,7,3,0,0,0,1,9_5,1_7
1,1,1,72,10,3,0,0,0,1,5_3,1_4
2,1,2,17,4,3,0,0,0,0,0_0,1_1
2,1,2,42,7,3,0,0,0,0,0_0,1_4
1,1,1,65,9,3,0,0,0,1,4_1,1_1
3,2,2,54,8,3,0,0,0,0,0_0,1_5
1,2,2,22,5,3,0,0,0,0,0_0,1_5
1,2,2,50,8,2,0,0,0,1,5_2,1_1
1,1,2,44,7,2,0,0,0,0,0_0,1_3
1,1,2,52,8,3,0,0,0,1,4_3,-1_-1
1,1,2,22,5,3,0,0,0,1,1_3,1_7
1,1,1,15,3,2,0,0,0,1,5_3,1_4
1,1,1,49,8,3,0,0,0,1,10_9,1_2
1,1,2,32,6,3,0,0,0,1,5_1,1_10
1,1,2,38,7,3,0,0,0,1,1_1,1_2
1,2,2,69,10,3,0,0,0,1,10_9,1_7
1,1,1,63,9,3,0,0,0,1,5_1,1_9
1,1,1,14,3,2,0,0,0,1,8_1,1_1
1,1,1,47,8,3,0,0,0,1,1_1,1_3
2,1,1,39,7,2,0,0,0,0,0_0,1_8
1,1,1,49,8,1,0,0,0,0,0_0,1_4
1,1,1,13,3,3,0,0,0,1,9_7,1_2
1,1,1,74,10,3,0,0,0,0,0_0,1_3
2,1,2,65,9,3,0,0,0,0,0_0,2_10
3,2,2,29,6,3,0,0,0,0,0_0,1_3
1,1,1,64,9,3,0,0,0,1,5_4,1_4
1,1,1,30,6,3,0,0,0,1,10_7,1_1
1,2,2,30,6,3,0,0,0,1,10_7,1_1
3,3,1,58,9,2,0,0,0,0,0_0,1_4
1,1,2,45,7,3,0,0,0,1,4_1,1_1
1,1,1,13,3,2,0,0,0,1,5_9,1_9
1,1,1,43,7,2,0,0,0,1,5_9,1_10
1,1,1,56,9,3,0,0,0,0,0_0,1_8
1,2,2,15,3,3,0,0,0,1,5_3,1_3
1,1,2,15,3,2,0,0,0,1,3_1,1_2
1,1,2,32,6,2,0,0,0,1,5_3,1_2
1,1,1,49,8,3,0,0,0,1,4_1,1_2
1,1,1,11,3,2,0,0,0,1,8_1,1_3
2,1,1,46,8,3,0,0,0,0,0_0,1_6
1,1,2,30,6,2,0,0,0,1,5_3,1_7
1,1,2,24,5,3,0,0,0,1,1_1,1_1
1,1,1,15,3,3,0,0,0,1,5_4,1_1
1,1,1,15,3,2,0,0,0,1,10_9,1_3
1,1,2,67,10,3,0,0,0,1,8_1,1_2
1,1,2,31,6,2,0,0,0,1,5_1,1_2
1,1,1,18,4,1,0,0,0,1,5_9,1_5
2,1,2,38,7,3,0,0,0,0,0_0,-1_-1
1,1,2,47,8,2,0,0,0,1,9_7,1_1
2,2,1,29,6,3,0,0,0,0,0_0,1_3
1,1,1,74,10,3,0,0,0,1,5_1,-1_-1
1,1,2,12,3,3,0,0,0,0,0_0,3_9
1,2,1,91,11,3,0,0,0,0,0_0,1_4
2,1,1,65,9,3,0,0,0,0,0_0,1_4
1,1,2,72,10,1,0,0,0,1,8_5,1_4
2,2,2,33,6,2,0,0,0,0,0_0,1_9
1,1,2,18,4,2,0,0,0,0,0_0,2_7
1,1,2,34,6,3,0,0,0,0,0_0,2_7
2,2,2,24,5,3,0,0,0,0,0_0,2_3
1,1,2,48,8,2,0,0,0,0,0_0,1_1
2,3,2,38,7,3,0,0,0,0,0_0,1_2
3,1,2,41,7,3,0,0,0,0,0_0,1_3
1,1,2,47,8,3,0,0,0,1,5_3,-1_-1
1,1,1,80,11,1,0,0,0,1,5_1,2_9
1,2,1,80,11,3,0,0,0,0,0_0,1_8
1,1,1,50,8,3,0,0,0,1,5_9,1_7
1,1,1,15,3,2,0,0,0,1,8_8,-1_-1
1,2,1,15,3,3,0,0,0,1,8_8,-1_-1
1,1,1,71,10,3,0,0,0,0,0_0,1_1
2,2,1,29,6,2,0,0,0,0,0_0,1_2
3,3,1,51,8,2,0,0,0,0,0_0,1_6
1,1,2,61,9,2,0,0,0,1,5_9,1_1
2,1,1,16,4,2,0,0,0,0,0_0,1_2
1,1,1,61,9,3,0,0,0,1,6_9,1_6
2,2,1,20,4,2,0,0,0,0,0_0,1_1
2,1,2,54,8,3,0,0,0,0,0_0,1_6
1,1,2,43,7,3,0,0,0,1,1_9,1_7
1,1,1,14,3,3,0,0,0,1,1_1,1_1
2,1,2,41,7,2,0,0,0,0,0_0,1_2
3,2,2,29,6,3,0,0,0,0,0_0,1_4
1,1,2,33,6,2,0,0,0,0,0_0,1_3
1,1,1,10,2,3,0,0,0,1,5_3,1_3
1,1,1,55,8,3,0,0,0,1,6_9,1_4
1,1,2,53,8,3,0,0,0,1,5_1,1_6
1,1,1,5,1,3,0,0,0,1,5_3,1_2
1,1,2,25,5,3,0,0,0,1,4_1,1_4
2,3,1,38,7,3,0,0,0,0,0_0,1_2
1,2,2,72,10,3,0,0,0,0,0_0,1_5
1,1,2,32,6,2,0,0,0,0,0_0,1_1
1,1,2,33,6,2,0,0,0,0,0_0,3_8
2,2,2,49,8,3,0,0,0,0,0_0,1_3
3,1,1,27,6,3,0,0,0,0,0_0,1_5
1,1,1,40,7,3,0,0,0,1,6_9,1_8
1,1,1,32,6,3,0,0,0,1,9_5,1_4
2,1,1,81,11,2,0,0,0,0,0_0,1_7
1,1,1,24,5,3,0,0,0,1,1_1,1_1
1,1,1,83,11,3,0,0,0,0,0_0,1_4
1,1,2,83,11,3,0,0,0,1,5_1,1_8
1,1,1,11,3,3,0,0,0,1,4_1,1_2
1,1,1,33,6,2,0,0,0,1,9_8,1_2
1,1,1,83,11,3,0,0,0,1,5_1,1_4
1,1,1,87,11,2,0,0,0,0,0_0,1_6
2,2,2,58,9,2,0,0,0,0,0_0,1_7
2,1,1,65,9,2,0,0,0,0,0_0,1_9
1,1,2,24,5,3,0,0,0,1,8_3,1_3
1,1,1,11,3,3,0,0,0,1,4_9,1_6
1,1,2,50,8,3,0,0,0,1,6_9,1_7
1,1,1,38,7,3,0,0,0,0,0_0,3_6
2,1,1,46,8,2,0,0,0,0,0_0,1_7
1,2,2,21,5,1,0,0,0,1,6_9,1_1
1,1,2,20,4,3,0,0,0,1,10_9,1_1
2,1,1,31,6,2,0,0,0,0,0_0,1_6
1,1,1,79,11,3,0,0,0,1,4_9,1_10
1,1,2,12,3,2,0,0,0,1,5_3,1_3
1,1,1,55,8,2,0,0,0,0,0_0,3_3
1,1,2,36,7,3,0,0,0,1,1_3,1_5
1,1,1,48,8,3,0,0,0,1,3_1,1_3
1,1,1,11,3,2,0,0,0,1,5_4,1_5
2,2,2,56,9,3,0,0,0,0,0_0,1_4
1,1,2,87,11,2,0,0,0,1,6_9,1_7
1,1,2,20,4,3,0,0,0,1,10_9,1_4
1,1,2,79,11,1,0,0,0,1,1_1,1_3
1,2,1,61,9,3,0,0,0,0,0_0,1_3
1,1,2,29,6,3,0,0,0,0,0_0,1_-1
1,1,1,24,5,3,0,0,0,1,9_8,1_3
2,1,1,36,7,3,0,0,0,0,0_0,2_6
3,2,1,68,10,3,0,0,0,0,0_0,2_7
1,1,2,63,9,2,0,0,0,1,10_7,1_1
1,1,1,73,10,3,0,0,0,1,1_1,1_7
1,1,2,82,11,2,0,0,0,0,0_0,3_8
2,2,2,26,6,2,0,0,0,0,0_0,1_3
2,3,2,38,7,3,0,0,0,0,0_0,1_8
1,1,2,63,9,2,0,0,0,0,0_0,2_7
3,3,1,17,4,3,0,0,0,0,0_0,3_7
1,1,1,43,7,3,0,0,0,1,1_3,2_4
2,2,1,44,7,3,0,0,0,0,0_0,1_1
1,1,1,11,3,2,0,0,0,1,1_1,1_1
2,2,2,52,8,3,0,0,0,0,0_0,3_8
1,1,1,46,8,2,0,0,0,1,8_7,1_4
1,2,1,45,7,2,0,0,0,1,0_0,1_1
1,1,2,72,10,3,0,0,0,1,1_1,1_5
1,1,2,68,10,3,0,0,0,1,1_1,1_2
1,1,2,18,4,3,0,0,0,0,0_0,-1_-1
1,2,1,17,4,2,0,0,0,1,4_9,1_10
1,1,1,51,8,3,0,0,0,1,5_9,1_6
1,1,2,83,11,3,0,0,0,0,0_0,1_7
1,1,1,25,5,2,0,0,0,1,6_9,-1_-1
1,1,1,46,8,2,0,0,0,0,0_0,1_1
1,1,2,21,5,3,0,0,0,1,5_2,1_3
1,1,1,25,5,3,0,0,0,1,1_3,1_5
1,1,1,62,9,3,0,0,0,1,9_9,1_4
2,3,1,41,7,3,0,0,0,0,0_0,1_6
1,1,2,15,3,3,0,0,0,1,6_9,1_8
1,1,1,8,2,3,0,0,0,1,10_7,1_1
1,2,1,50,8,3,0,0,0,0,0_0,1_8
1,1,1,35,6,3,0,0,0,1,9_7,1_9
1,1,1,75,10,2,0,0,0,0,0_0,1_9
1,1,2,13,3,3,0,0,0,1,4_1,-1_-1
1,1,2,52,8,2,0,0,0,1,1_1,2_4
2,1,2,64,9,2,0,0,0,0,0_0,1_5
1,1,2,34,6,2,0,0,0,1,1_1,2_3
1,1,1,48,8,2,0,0,0,1,5_3,1_1
2,1,2,82,11,3,0,0,0,0,0_0,1_4
1,2,2,34,6,3,0,0,0,0,0_0,1_4
1,3,1,18,4,3,0,0,0,0,0_0,3_8
2,3,2,56,9,3,0,0,0,0,0_0,1_4
1,1,1,58,9,2,0,0,0,0,0_0,1_6
1,2,2,52,8,2,0,0,0,1,5_3,3_3
1,1,1,34,6,1,0,0,0,1,9_7,1_6
2,1,1,18,4,2,0,0,0,1,0_0,1_4
2,2,1,18,4,2,0,0,0,1,0_0,1_1
2,3,1,21,5,2,0,0,0,1,0_0,1_1
1,1,2,58,9,3,0,0,0,1,5_1,1_6
1,1,2,75,10,2,0,0,0,1,5_3,1_1
1,1,1,65,9,2,0,0,0,1,9_6,-1_-1
1,1,2,14,3,2,0,0,0,1,5_1,1_5
1,1,1,9,2,2,0,0,0,1,9_5,-1_-1
1,2,1,88,11,3,0,0,0,0,0_0,-1_-1
1,1,1,24,5,2,0,0,0,1,9_5,-1_-1
3,1,2,62,9,3,0,0,0,0,0_0,-1_-1
1,1,2,71,10,1,0,0,0,1,10_9,1_6
1,2,1,64,9,1,0,0,0,1,10_9,1_6
1,1,2,30,6,3,0,0,0,1,1_3,1_1
1,1,1,51,8,3,0,0,0,1,9_9,1_1
1,1,2,79,11,3,0,0,0,0,0_0,1_4
1,1,1,27,6,3,0,0,0,1,5_3,1_4
1,1,1,59,9,3,0,0,0,1,9_5,1_10
1,1,1,54,8,2,0,0,0,0,0_0,1_5
2,1,2,41,7,2,0,0,0,0,0_0,1_3
1,1,2,56,9,3,0,0,0,0,0_0,3_5
2,1,2,6,2,3,0,0,0,0,0_0,1_8
1,1,1,13,3,3,0,0,0,1,10_9,1_2
1,1,2,28,6,2,0,0,0,1,6_9,1_2
1,2,1,7,2,3,0,0,0,1,6_9,1_2
1,3,2,4,1,3,0,0,0,1,6_9,1_2
1,1,1,36,7,3,0,0,0,1,5_3,1_4
1,1,1,30,6,3,0,0,0,1,5_2,1_6
1,2,2,52,8,3,0,0,0,0,0_0,-1_-1
1,1,2,88,11,3,0,0,0,1,6_9,1_8
2,2,1,28,6,2,0,0,0,0,0_0,1_5
1,1,2,31,6,3,0,0,0,1,1_9,1_3
1,1,1,34,6,2,0,0,0,1,1_3,1_8
1,2,1,11,3,3,0,0,0,1,1_3,1_3
1,3,2,7,2,3,0,0,0,1,1_3,1_3
1,1,1,29,6,2,0,0,0,1,9_7,1_9
1,1,1,53,8,3,0,0,0,1,5_9,1_2
1,1,2,17,4,3,0,0,0,1,5_9,1_4
1,1,1,20,4,2,0,0,0,0,0_0,-1_-1
1,1,2,41,7,3,0,0,0,1,6_9,1_2
1,1,1,11,3,3,0,0,0,1,1_3,1_3
1,1,2,37,7,3,0,0,0,0,0_0,1_-1
1,1,1,8,2,3,0,0,0,1,9_6,1_1
1,1,2,42,7,2,0,0,0,1,5_2,1_3
1,1,2,41,7,2,0,0,0,1,1_1,1_7
3,2,1,38,7,3,0,0,0,0,0_0,1_4
1,1,1,31,6,3,0,0,0,0,0_0,2_5
1,1,1,15,3,3,0,0,0,1,6_9,1_4
1,1,2,29,6,3,0,0,0,1,2_3,1_3
2,1,2,47,8,3,0,0,0,1,0_0,1_8
1,1,2,58,9,3,0,0,0,1,10_9,1_5
1,2,1,18,4,3,0,0,0,1,0_0,-1_-1
2,2,2,0,1,3,0,0,0,1,10_9,1_6
1,1,2,20,4,3,0,0,0,1,5_1,1_6
2,1,2,16,4,3,0,0,0,0,0_0,1_2
1,1,1,36,7,3,0,0,0,1,1_1,1_2
1,1,2,48,8,3,0,0,0,1,6_9,1_2
1,1,1,80,11,2,0,0,0,1,9_9,1_5
2,2,2,37,7,3,0,0,0,0,0_0,1_8
1,1,1,51,8,3,0,0,0,1,4_9,1_3
1,1,2,26,6,3,0,0,0,1,1_4,1_2
1,1,2,21,5,3,0,0,0,1,5_9,1_3
1,1,2,30,6,3,0,0,0,1,1_9,1_6
3,3,1,32,6,3,0,0,0,0,0_0,1_4
1,1,2,60,9,3,0,0,0,1,1_3,1_6
1,1,2,71,10,3,0,0,0,1,5_3,1_8
1,1,1,35,6,3,0,0,0,1,5_4,-1_-1
1,1,2,35,6,3,0,0,0,0,0_0,1_9
1,1,2,20,4,3,0,0,0,1,5_1,2_3
2,1,1,48,8,3,0,0,0,0,0_0,1_4
2,1,2,26,6,2,0,0,0,0,0_0,1_10
1,1,1,40,7,2,0,0,0,1,7_9,1_1
1,2,1,15,3,3,0,0,0,1,0_0,1_1
1,1,2,47,8,3,0,0,0,1,5_3,1_4
1,1,2,31,6,3,0,0,0,0,0_0,1_-1
1,1,2,64,9,2,0,0,0,1,9_9,1_3
1,1,2,75,10,2,0,0,0,1,5_1,1_4
2,2,2,41,7,3,0,0,0,0,0_0,1_10
2,1,1,79,11,3,0,0,0,0,0_0,1_1
2,1,2,62,9,2,0,0,0,0,0_0,-1_-1
1,1,1,11,3,3,0,0,0,1,5_4,1_2
1,1,2,11,3,2,0,0,0,1,10_9,-1_-1
2,1,1,51,8,3,0,0,0,0,0_0,2_1
1,1,1,51,8,2,0,0,0,0,0_0,1_9
3,2,2,61,9,3,0,0,0,0,0_0,-1_-1
1,1,1,26,6,3,0,0,0,1,10_9,1_4
2,2,1,46,8,3,0,0,0,0,0_0,1_8
1,1,1,18,4,3,0,0,0,1,1_3,1_7
1,1,2,36,7,3,0,0,0,1,5_3,1_2
1,1,1,12,3,2,0,0,0,1,9_9,1_2
1,1,1,29,6,2,0,0,0,1,1_1,1_6
1,1,1,20,4,2,0,0,0,0,0_0,1_4
2,2,2,48,8,3,0,0,0,0,0_0,1_9
2,1,2,23,5,2,0,0,0,0,0_0,1_7
1,1,2,32,6,2,0,0,0,1,4_4,-1_-1
1,1,1,38,7,2,0,0,0,1,6_9,1_2
1,1,2,53,8,2,0,0,0,0,0_0,1_5
1,1,1,19,4,3,0,0,0,0,0_0,3_8
2,1,1,32,6,3,0,0,0,0,0_0,2_4
1,1,1,66,10,2,0,0,0,0,0_0,2_9
1,1,2,41,7,2,0,0,0,0,0_0,1_3
2,2,2,68,10,3,0,0,0,0,0_0,1_5
2,3,2,33,6,3,0,0,0,0,0_0,3_8
3,3,1,25,5,3,0,0,0,0,0_0,1_9
1,1,1,76,11,3,0,0,0,1,5_1,1_1
2,1,1,19,4,3,0,0,0,0,0_0,3_8
1,1,1,46,8,2,0,0,0,0,0_0,3_8
1,1,2,81,11,2,0,0,0,1,4_1,1_8
1,1,1,60,9,2,0,0,0,1,5_1,1_2
1,1,2,58,9,3,0,0,0,0,0_0,1_1
2,2,2,67,10,3,0,0,0,0,0_0,1_7
1,1,1,21,5,2,0,0,0,1,1_1,-1_-1
1,1,2,84,11,3,0,0,0,1,5_1,1_4
1,1,1,60,9,3,0,0,0,1,1_1,1_2
1,1,2,13,3,3,0,0,0,1,5_4,1_3
2,1,1,53,8,3,0,0,0,0,0_0,1_9
1,1,1,85,11,3,0,0,0,0,0_0,1_6
1,1,2,17,4,3,0,0,0,1,1_1,1_4
1,2,2,17,4,3,0,0,0,1,1_1,1_2
1,1,2,51,8,3,0,0,0,1,5_3,-1_-1
1,1,2,50,8,3,0,0,0,1,4_1,1_6
3,1,1,26,6,3,0,0,0,0,0_0,1_2
2,1,1,62,9,3,0,0,0,0,0_0,2_8
1,1,2,84,11,2,0,0,0,1,8_1,1_4
3,1,1,32,6,3,0,0,0,0,0_0,1_5
1,1,1,19,4,1,0,0,0,0,0_0,1_1
1,1,1,32,6,2,0,0,0,0,0_0,1_5
1,1,2,15,3,3,0,0,0,1,4_2,1_1
1,1,1,33,6,2,0,0,0,0,0_0,1_8
1,1,1,55,8,3,0,0,0,1,5_2,2_10
1,1,1,79,11,2,0,0,0,1,5_1,1_6
1,1,2,22,5,3,0,0,0,1,6_9,1_3
1,1,2,12,3,3,0,0,0,1,10_9,1_4
1,2,2,54,8,3,0,0,0,0,0_0,1_8
1,1,2,12,3,3,0,0,0,1,5_2,1_6
3,1,2,35,6,3,0,0,0,0,0_0,1_4
1,1,1,67,10,3,0,0,0,1,1_2,1_2
1,2,2,26,6,3,0,0,0,1,5_1,1_10
1,1,1,39,7,3,0,0,0,1,10_9,1_3
1,1,2,48,8,3,0,0,0,0,0_0,1_4
1,1,1,65,9,2,0,0,0,1,4_1,1_9
1,1,2,59,9,2,0,0,0,1,0_0,1_4
2,3,2,40,7,2,0,0,0,0,0_0,1_4
1,1,1,29,6,2,0,0,0,1,2_1,1_2
1,1,2,18,4,3,0,0,0,1,1_1,1_9
1,1,2,6,2,3,0,0,0,1,5_3,1_4
1,1,2,38,7,3,0,0,0,1,5_3,1_5
1,2,1,4,1,3,0,0,0,1,5_3,1_5
1,3,1,5,1,3,0,0,0,1,5_3,1_5
2,2,1,64,9,2,0,0,0,0,0_0,1_1
2,2,2,83,11,3,0,0,0,0,0_0,1_10
1,1,2,13,3,3,0,0,0,1,5_3,1_2
1,1,1,23,5,2,0,0,0,1,5_1,-1_-1
2,1,1,53,8,2,0,0,0,0,0_0,2_9
2,2,1,19,4,3,0,0,0,0,0_0,1_4
1,1,1,28,6,3,0,0,0,1,8_1,2_8
1,1,1,17,4,2,0,0,0,0,0_0,3_7
1,1,1,6,2,3,0,0,0,1,6_5,1_1
1,2,1,33,6,3,0,0,0,0,0_0,1_1
2,1,2,34,6,2,0,0,0,0,0_0,1_3
1,1,2,8,2,3,0,0,0,1,10_1,1_4
1,1,2,67,10,2,0,0,0,0,0_0,1_8
2,2,1,42,7,2,0,0,0,0,0_0,1_7
3,1,1,52,8,3,0,0,0,0,0_0,-1_-1
2,1,2,17,4,3,0,0,0,0,0_0,3_8
1,1,1,13,3,2,0,0,0,1,10_3,1_3
1,1,2,46,8,2,0,0,0,1,8_3,1_2
1,2,2,47,8,2,0,0,0,1,8_3,1_2
1,1,1,17,4,3,0,0,0,1,5_1,1_4
1,1,1,44,7,3,0,0,0,1,1_3,1_5
1,1,2,54,8,3,0,0,0,1,6_9,1_5
1,1,2,75,10,3,0,0,0,0,0_0,1_5
1,1,1,41,7,3,0,0,0,0,0_0,2_10
1,1,1,6,2,3,0,0,0,1,5_1,1_4
1,1,2,20,4,3,0,0,0,1,1_3,1_6
1,1,1,18,4,3,0,0,0,1,1_1,1_5
1,2,2,28,6,2,0,0,0,1,0_0,1_4
2,3,1,67,10,3,0,0,0,0,0_0,1_5
1,1,2,31,6,2,0,0,0,1,1_3,1_7
1,1,1,13,3,3,0,0,0,1,5_3,1_1
1,1,1,14,3,3,0,0,0,1,1_3,1_3
1,1,1,41,7,2,0,0,0,1,8_5,1_4
1,2,1,29,6,3,0,0,0,1,5_1,1_2
1,1,2,10,2,3,0,0,0,1,4_4,1_8
3,3,1,33,6,3,0,0,0,0,0_0,-1_-1
1,1,1,9,2,3,0,0,0,1,5_4,-1_-1
1,1,1,28,6,1,0,0,0,0,0_0,-1_-1
2,1,1,53,8,3,0,0,0,0,0_0,2_5
1,1,2,70,10,2,0,0,0,1,8_1,1_3
1,1,1,3,1,2,0,0,0,1,5_1,1_2
1,1,2,67,10,2,0,0,0,1,5_9,1_1
1,1,2,63,9,3,0,0,0,1,1_2,1_2
2,2,1,51,8,3,0,0,0,0,0_0,1_3
1,1,1,20,4,3,0,0,0,1,6_9,1_8
1,2,2,19,4,3,0,0,0,1,6_9,1_4
1,3,1,20,4,3,0,0,0,1,6_9,1_4
1,1,1,48,8,2,0,0,0,1,5_1,1_5
1,1,2,55,8,3,0,0,0,0,0_0,1_7
3,1,1,86,11,3,0,0,0,0,0_0,1_7
1,1,2,61,9,3,0,0,0,0,0_0,1_2
1,1,1,47,8,3,0,0,0,1,10_9,1_10
1,1,2,26,6,3,0,0,0,1,1_9,1_3
3,1,1,43,7,3,0,0,0,0,0_0,-1_-1
1,1,2,23,5,3,0,0,0,1,1_1,1_3
1,2,2,5,1,3,0,0,0,1,1_9,1_3
1,1,2,29,6,3,0,0,0,1,0_0,1_1
1,1,1,55,8,2,0,0,0,1,5_1,1_3
2,2,2,23,5,3,0,0,0,0,0_0,1_8
1,1,1,59,9,2,0,0,0,1,8_5,1_3
1,1,2,34,6,2,0,0,0,1,1_1,1_1
1,1,1,36,7,3,0,0,0,1,5_1,1_2
1,1,1,23,5,3,0,0,0,1,4_3,1_1
1,1,2,43,7,2,0,0,0,1,4_9,1_6
1,1,1,69,10,2,0,0,0,0,0_0,1_4
1,1,2,21,5,2,0,0,0,1,4_2,1_3
1,1,1,61,9,3,0,0,0,1,6_9,1_9
1,1,1,78,11,2,0,0,0,1,5_1,1_5
1,1,2,51,8,3,0,0,0,1,5_1,1_2
2,1,1,63,9,3,0,0,0,0,0_0,-1_-1
1,1,1,35,6,3,0,0,0,1,0_0,-1_-1
1,2,1,25,5,3,0,0,0,1,0_0,1_1
1,1,2,24,5,3,0,0,0,1,4_2,1_2
1,1,2,34,6,2,0,0,0,0,0_0,1_3
1,1,2,89,11,2,0,0,0,1,8_3,1_6
1,1,2,26,6,2,0,0,0,1,1_9,1_8
1,1,1,84,11,2,0,0,0,1,10_9,1_4
1,1,1,15,3,3,0,0,0,1,1_4,1_3
1,1,2,57,9,2,0,0,0,0,0_0,1_7
1,1,1,53,8,3,0,0,0,0,0_0,1_9
1,1,2,52,8,3,0,0,0,0,0_0,3_8
1,1,2,80,11,1,0,0,0,0,0_0,2_8
2,2,2,35,6,3,0,0,0,0,0_0,2_10
2,1,1,80,11,3,0,0,0,0,0_0,1_1
1,1,2,63,9,2,0,0,0,1,8_3,1_7
1,1,2,49,8,3,0,0,0,1,10_3,1_5
1,1,1,17,4,2,0,0,0,1,5_1,1_2
1,3,2,25,5,2,0,0,0,0,0_0,1_1
2,1,2,19,4,2,0,0,0,0,0_0,2_8
1,1,2,31,6,3,0,0,0,1,10_7,1_6
1,2,2,32,6,3,0,0,0,0,0_0,3_6
2,2,1,50,8,3,0,0,0,1,0_0,1_10
1,1,2,14,3,3,0,0,0,1,4_4,1_3
1,1,2,17,4,3,0,0,0,1,5_3,1_5
2,2,2,81,11,3,0,0,0,0,0_0,1_8
2,1,1,14,3,2,0,0,0,1,0_0,-1_-1
1,1,1,24,5,3,0,0,0,1,9_9,1_3
1,1,1,79,11,2,0,0,0,1,5_3,1_3
1,1,1,72,10,3,0,0,0,0,0_0,1_2
1,1,2,33,6,2,0,0,0,1,5_3,1_7
1,1,2,17,4,3,0,0,0,1,1_1,1_5
2,2,2,34,6,3,0,0,0,0,0_0,1_2
2,1,2,39,7,1,0,0,0,0,0_0,1_9
1,1,2,33,6,3,0,0,0,1,9_9,1_6
1,1,2,49,8,3,0,0,0,1,1_1,1_3
1,1,1,16,4,3,0,0,0,1,1_1,1_3
1,1,1,57,9,2,0,0,0,1,1_1,1_3
1,1,1,31,6,3,0,0,0,1,9_5,1_6
1,1,2,67,10,2,0,0,0,1,10_9,1_2
2,1,1,65,9,2,0,0,0,0,0_0,1_7
1,1,2,13,3,3,0,0,0,1,5_1,1_2
1,1,1,33,6,2,0,0,0,0,0_0,1_6
1,1,1,17,4,3,0,0,0,0,0_0,1_7
1,1,2,74,10,3,0,0,0,1,5_1,1_5
1,1,1,40,7,2,0,0,0,0,0_0,1_6
2,1,1,30,6,3,0,0,0,0,0_0,2_9
1,1,2,52,8,2,0,0,0,1,10_5,1_8
2,1,2,61,9,2,0,0,0,0,0_0,2_4
1,1,2,60,9,3,0,0,0,0,0_0,2_7
2,2,2,24,5,2,0,0,0,0,0_0,1_5
1,1,2,45,7,2,0,0,0,0,0_0,1_2
2,2,2,53,8,3,0,0,0,0,0_0,1_1
1,1,2,70,10,3,0,0,0,0,0_0,3_7
1,1,2,36,7,2,0,0,0,0,0_0,2_5
1,1,1,16,4,3,0,0,0,1,5_1,1_3
1,2,1,35,6,3,0,0,0,1,10_9,1_1
1,1,2,50,8,2,0,0,0,1,5_1,1_1
2,2,2,53,8,3,0,0,0,0,0_0,1_9
3,3,2,25,5,3,0,0,0,0,0_0,1_7
1,1,2,39,7,2,0,0,0,0,0_0,1_1
1,1,1,48,8,1,0,0,0,1,5_4,-1_-1
1,1,2,56,9,2,0,0,0,1,5_3,2_10
2,1,1,42,7,2,0,0,0,0,0_0,1_2
1,3,1,55,8,3,0,0,0,1,0_0,1_3
1,1,1,69,10,2,0,0,0,1,5_9,1_7
1,1,2,20,4,3,0,0,0,1,5_3,-1_-1
2,1,2,31,6,2,0,0,0,0,0_0,1_6
1,2,1,52,8,2,0,0,0,0,0_0,1_1
1,2,2,25,5,2,0,0,0,0,0_0,1_5
2,3,1,35,6,3,0,0,0,1,0_0,1_1
1,1,2,10,2,2,0,0,0,1,5_3,1_1
3,2,2,31,6,3,0,0,0,0,0_0,1_4
2,1,1,50,8,2,0,0,0,0,0_0,1_8
1,1,2,30,6,3,0,0,0,1,5_4,-1_-1
2,1,1,61,9,3,0,0,0,0,0_0,2_4
1,1,2,71,10,3,0,0,0,0,0_0,2_1
1,3,2,80,11,3,0,0,0,1,5_9,-1_-1
2,2,1,66,10,3,0,0,0,0,0_0,-1_-1
2,1,2,27,6,3,0,0,0,0,0_0,2_2
1,1,1,87,11,3,0,0,0,1,5_1,1_1
1,1,2,10,2,2,0,0,0,1,4_2,1_2
1,1,2,11,3,3,0,0,0,1,5_1,1_8
1,1,2,20,4,3,0,0,0,1,10_9,1_10
1,1,1,89,11,3,0,0,0,0,0_0,3_9
1,2,1,32,6,3,0,0,0,0,0_0,-1_-1
2,3,1,20,4,1,0,0,0,0,0_0,-1_-1
3,1,1,17,4,3,0,0,0,0,0_0,2_10
1,1,2,62,9,3,0,0,0,1,1_1,1_5
1,1,2,11,3,3,0,0,0,1,5_1,1_9
1,1,1,15,3,3,0,0,0,1,1_2,1_2
1,1,1,92,11,3,0,0,0,1,0_0,2_4
1,1,1,20,4,3,0,0,0,1,1_3,1_2
2,2,1,1,1,3,0,0,0,1,0_0,1_1
1,1,2,0,1,3,0,0,0,1,1_9,1_7
1,1,1,27,6,3,0,0,0,1,8_5,1_3
1,1,1,10,2,2,0,0,0,1,5_1,1_5
1,1,1,40,7,3,0,0,0,1,6_9,1_4
2,2,1,22,5,2,0,0,0,0,0_0,1_2
1,2,1,38,7,3,0,0,0,0,0_0,1_6
1,1,1,65,9,2,0,0,0,0,0_0,2_9
2,1,1,28,6,3,0,0,0,0,0_0,2_6
1,3,2,19,4,3,0,0,0,0,0_0,1_8
2,1,1,84,11,3,0,0,0,0,0_0,1_6
1,1,1,71,10,2,0,0,0,0,0_0,1_5
1,1,2,48,8,2,0,0,0,0,0_0,3_6
2,1,2,19,4,3,0,0,0,0,0_0,1_8
1,1,1,36,7,1,0,0,0,0,0_0,1_1
1,1,1,67,10,3,0,0,0,0,0_0,3_3
1,1,1,22,5,2,0,0,0,1,0_0,1_2
1,2,1,24,5,2,0,0,0,0,0_0,1_4
2,1,1,76,11,3,0,0,0,0,0_0,1_3
1,1,1,18,4,2,0,0,0,1,9_7,1_5
1,1,1,30,6,3,0,0,0,1,1_1,1_8
1,1,1,12,3,3,0,0,0,1,9_9,1_6
1,1,1,53,8,2,0,0,0,0,0_0,1_9
1,1,1,87,11,1,0,0,0,1,5_3,1_7
1,1,2,35,6,2,0,0,0,1,6_9,1_5
1,1,1,35,6,3,0,0,0,1,9_8,1_5
1,1,1,21,5,3,0,0,0,1,2_2,1_6
1,1,2,9,2,2,0,0,0,1,9_9,1_2
2,1,1,68,10,2,0,0,0,1,6_9,1_3
1,1,2,36,7,3,0,0,0,1,1_1,1_4
1,1,1,54,8,2,0,0,0,1,9_9,-1_-1
1,1,2,9,2,3,0,0,0,1,5_2,1_3
1,1,1,10,2,3,0,0,0,1,5_9,1_2
1,1,2,27,6,2,0,0,0,0,0_0,1_6
1,1,2,49,8,3,0,0,0,1,8_7,1_6
1,2,1,52,8,2,0,0,0,1,5_9,1_6
2,2,1,10,2,3,0,0,0,1,0_0,1_1
1,1,2,30,6,2,0,0,0,1,5_1,1_3
1,1,2,25,5,3,0,0,0,1,6_9,2_4
1,1,2,16,4,2,0,0,0,1,5_2,1_1
1,1,2,24,5,3,0,0,0,1,6_6,-1_-1
2,1,2,66,10,3,0,0,0,0,0_0,2_6
2,3,2,28,6,3,0,0,0,0,0_0,-1_-1
3,2,1,56,9,3,0,0,0,0,0_0,1_4
1,1,1,40,7,3,0,0,0,0,0_0,3_5
1,1,1,4,1,3,0,0,0,1,5_3,1_2
3,3,2,45,7,3,0,0,0,0,0_0,1_3
1,1,2,14,3,3,0,0,0,1,1_1,1_1
1,1,1,81,11,2,0,0,0,0,0_0,2_6
2,2,1,56,9,3,0,0,0,0,0_0,1_3
2,1,2,57,9,2,0,0,0,0,0_0,-1_-1
2,1,1,81,11,3,0,0,0,0,0_0,1_3
2,1,1,56,9,3,0,0,0,0,0_0,-1_-1
1,1,1,90,11,2,0,0,0,0,0_0,1_5
1,1,1,51,8,3,0,0,0,0,0_0,2_9
3,2,2,25,5,3,0,0,0,0,0_0,1_9
1,2,2,48,8,3,0,0,0,0,0_0,1_4
3,3,1,35,6,3,0,0,0,0,0_0,1_2
1,1,1,38,7,3,0,0,0,1,5_9,1_3
1,1,1,82,11,3,0,0,0,1,6_9,-1_-1
1,1,1,47,8,3,0,0,0,1,1_1,1_5
2,2,1,49,8,3,0,0,0,0,0_0,1_4
3,1,2,74,10,3,0,0,0,0,0_0,1_6
1,1,1,31,6,3,0,0,0,1,1_1,1_2
1,2,1,45,7,3,0,0,0,1,4_3,1_6
2,2,1,66,10,3,0,0,0,0,0_0,1_4
1,1,2,14,3,3,0,0,0,1,5_1,1_7
3,1,1,13,3,2,0,0,0,0,0_0,1_4
1,1,1,26,6,3,0,0,0,1,5_2,1_5
1,1,2,43,7,3,0,0,0,1,8_3,1_9
2,1,2,16,4,3,0,0,0,0,0_0,1_1
1,1,2,64,9,3,0,0,0,1,1_1,1_8
1,1,1,38,7,3,0,0,0,1,9_5,1_7
1,2,1,55,8,3,0,0,0,1,5_1,1_2
2,1,2,12,3,3,0,0,0,0,0_0,1_2
1,1,1,60,9,3,0,0,0,1,5_3,1_4
1,2,1,31,6,3,0,0,0,1,0_0,-1_-1
1,3,1,36,7,2,0,0,0,1,5_1,1_8
3,2,1,42,7,3,0,0,0,0,0_0,1_10
1,1,2,37,7,3,0,0,0,1,1_3,1_8
1,1,2,15,3,3,0,0,0,1,4_3,1_8
1,1,1,20,4,3,0,0,0,1,5_1,-1_-1
2,1,1,37,7,3,0,0,0,0,0_0,3_8
1,1,2,47,8,3,0,0,0,1,6_9,1_3
1,1,1,46,8,3,0,0,0,1,9_5,1_8
1,1,1,24,5,3,0,0,0,1,1_3,1_9
1,1,1,18,4,3,0,0,0,1,1_3,1_4
3,2,2,33,6,3,0,0,0,0,0_0,1_4
1,1,2,23,5,3,0,0,0,1,5_1,1_2
2,2,1,21,5,2,0,0,0,0,0_0,-1_-1
2,1,1,20,4,2,0,0,0,0,0_0,1_2
1,1,1,40,7,2,0,0,0,0,0_0,-1_-1
3,1,2,64,9,3,0,0,0,0,0_0,1_2
1,1,1,62,9,3,0,0,0,0,0_0,2_2
2,1,2,55,8,3,0,0,0,0,0_0,1_2
2,2,2,37,7,3,0,0,0,0,0_0,2_9
1,1,1,33,6,3,0,0,0,0,0_0,2_2
1,1,1,61,9,2,0,0,0,0,0_0,2_2
2,1,2,62,9,3,0,0,0,0,0_0,1_10
1,1,1,65,9,2,0,0,0,0,0_0,3_4
1,1,1,3,1,2,0,0,0,1,5_1,-1_-1
1,1,1,14,3,3,0,0,0,1,5_2,1_1
1,1,1,19,4,3,0,0,0,1,5_1,1_3
3,1,2,24,5,3,0,0,0,0,0_0,2_1
2,1,1,19,4,3,0,0,0,0,0_0,2_4
1,1,1,33,6,3,0,0,0,1,6_9,1_5
1,1,1,49,8,3,0,0,0,1,5_1,1_1
1,1,2,46,8,3,0,0,0,1,9_5,1_2
2,1,1,45,7,3,0,0,0,0,0_0,2_8
1,1,2,78,11,3,0,0,0,0,0_0,1_2
2,2,2,24,5,3,0,0,0,0,0_0,2_2
1,1,2,20,4,3,0,0,0,1,3_4,3_10
1,1,2,45,7,3,0,0,0,0,0_0,2_9
1,1,1,94,11,3,0,0,0,0,0_0,1_10
2,1,1,17,4,3,0,0,0,0,0_0,2_5
1,2,1,49,8,1,0,0,0,0,0_0,2_1
1,1,1,77,11,3,0,0,0,0,0_0,2_7
1,1,1,61,9,2,0,0,0,0,0_0,3_9
2,1,2,26,6,3,0,0,0,0,0_0,3_7
1,1,1,61,9,3,0,0,0,1,9_8,1_8
2,1,2,28,6,3,0,0,0,0,0_0,1_-1
1,1,1,27,6,1,0,0,0,0,0_0,1_5
1,1,2,63,9,3,0,0,0,1,5_1,-1_-1
1,1,1,78,11,3,0,0,0,0,0_0,1_9
2,2,2,22,5,3,0,0,0,0,0_0,1_2
1,1,2,25,5,2,0,0,0,0,0_0,2_8
2,2,2,50,8,3,0,0,0,0,0_0,1_10
1,1,1,29,6,2,0,0,0,1,6_9,1_2
1,1,2,59,9,2,0,0,0,1,8_7,1_10
2,1,1,34,6,2,0,0,0,0,0_0,1_8
1,1,2,76,11,2,0,0,0,0,0_0,3_5
2,1,1,86,11,3,0,0,0,0,0_0,1_8
3,1,1,61,9,2,0,0,0,0,0_0,1_4
1,1,1,3,1,2,0,0,0,1,10_3,1_2
2,1,1,69,10,3,0,0,0,0,0_0,1_10
2,1,1,38,7,2,0,0,0,0,0_0,1_6
2,1,2,70,10,3,0,0,0,1,0_0,1_2
2,2,1,59,9,3,0,0,0,0,0_0,1_6
1,1,2,53,8,2,0,0,0,0,0_0,2_3
2,1,1,54,8,3,0,0,0,0,0_0,2_6
2,2,2,54,8,3,0,0,0,0,0_0,1_4
1,1,2,87,11,2,0,0,0,0,0_0,1_7
2,1,1,68,10,3,0,0,0,0,0_0,2_2
1,1,1,20,4,3,0,0,0,0,0_0,3_7
2,1,1,21,5,2,0,0,0,0,0_0,1_-1
2,1,1,48,8,2,0,0,0,0,0_0,2_8
2,1,2,57,9,3,0,0,0,0,0_0,1_1
3,2,1,21,5,3,0,0,0,0,0_0,1_5
2,1,1,60,9,2,0,0,0,0,0_0,3_5
2,1,1,45,7,3,0,0,0,0,0_0,2_2
2,1,1,72,10,2,0,0,0,0,0_0,-1_-1
2,2,1,30,6,2,0,0,0,1,0_0,-1_-1
1,1,1,22,5,2,0,0,0,0,0_0,2_2
1,1,1,59,9,2,0,0,0,0,0_0,3_5
1,1,2,60,9,2,0,0,0,0,0_0,1_4
2,1,1,26,6,3,0,0,0,0,0_0,2_1
1,1,1,68,10,2,0,0,0,0,0_0,3_10
2,1,1,54,8,3,0,0,0,0,0_0,3_9
2,2,1,67,10,3,0,0,0,0,0_0,2_6
1,1,1,56,9,3,0,0,0,1,5_1,1_8
2,2,1,54,8,2,0,0,0,0,0_0,1_7
2,1,2,58,9,3,0,0,0,1,0_0,1_10
1,1,2,2,1,3,0,0,0,1,5_3,2_4
2,1,2,20,4,3,0,0,0,0,0_0,3_9
1,1,2,33,6,3,0,0,0,0,0_0,2_3
1,1,1,39,7,3,0,0,0,1,4_1,-1_-1
1,1,1,29,6,3,0,0,0,1,5_1,1_2
1,1,2,17,4,3,0,0,0,1,1_1,1_6
2,2,1,35,6,2,0,0,0,0,0_0,1_5
1,1,2,46,8,3,0,0,0,1,6_9,1_2
1,2,2,26,6,3,0,0,0,1,6_9,1_3
1,1,2,75,10,2,0,0,0,0,0_0,1_6
1,1,2,25,5,3,0,0,0,1,4_1,1_2
3,1,1,23,5,2,0,0,0,0,0_0,1_1
1,1,2,17,4,3,0,0,0,1,10_9,1_3
1,1,2,12,3,2,0,0,0,1,8_4,1_2
2,2,1,20,4,3,0,0,0,0,0_0,1_9
1,1,1,28,6,2,0,0,0,1,5_3,-1_-1
1,1,2,10,2,3,0,0,0,1,5_9,1_3
1,1,1,71,10,1,0,0,0,1,5_9,2_7
2,2,1,65,9,2,0,0,0,0,0_0,1_1
1,2,1,58,9,2,0,0,0,0,0_0,1_1
2,1,2,30,6,3,0,0,0,0,0_0,3_5
2,1,1,41,7,2,0,0,0,0,0_0,3_9
1,1,2,55,8,3,0,0,0,1,1_1,1_8
1,1,1,77,11,2,0,0,0,1,1_1,1_4
1,1,2,15,3,3,0,0,0,1,1_9,1_2
1,1,1,13,3,3,0,0,0,1,5_9,1_3
1,1,2,12,3,3,0,0,0,1,1_3,1_4
1,1,2,62,9,3,0,0,0,1,1_3,1_6
2,1,1,15,3,2,0,0,0,0,0_0,1_3
1,2,2,33,6,3,0,0,0,1,6_9,1_5
1,3,2,0,1,3,0,0,0,1,6_9,1_5
1,1,2,16,4,3,0,0,0,1,6_9,1_3
1,1,1,10,2,2,0,0,0,1,5_2,1_2
1,1,1,12,3,2,0,0,0,1,5_2,1_10
1,1,2,42,7,2,0,0,0,0,0_0,1_8
1,1,1,23,5,2,0,0,0,1,9_5,1_2
1,1,2,38,7,2,0,0,0,0,0_0,1_4
1,1,2,54,8,2,0,0,0,0,0_0,1_9
1,1,2,74,10,3,0,0,0,1,5_3,1_5
1,1,2,12,3,3,0,0,0,1,5_4,1_7
1,1,2,68,10,2,0,0,0,1,6_9,1_2
1,1,2,51,8,2,0,0,0,1,4_4,1_3
2,2,1,14,3,3,0,0,0,1,0_0,1_2
2,2,1,17,4,3,0,0,0,0,0_0,1_5
1,1,2,4,1,3,0,0,0,1,4_2,1_8
1,2,2,36,7,3,0,0,0,1,4_2,1_2
1,1,1,85,11,3,0,0,0,1,5_9,1_5
2,1,1,29,6,3,0,0,0,1,9_8,1_3
1,1,2,41,7,3,0,0,0,0,0_0,1_10
2,2,1,18,4,2,0,0,0,0,0_0,1_7
1,2,1,35,6,3,0,0,0,1,9_9,1_3
1,1,2,24,5,3,0,0,0,1,4_1,1_1
1,1,1,46,8,3,0,0,0,1,6_9,1_2
2,1,1,64,9,2,0,0,0,0,0_0,-1_-1
1,1,2,35,6,3,0,0,0,0,0_0,3_8
2,1,1,77,11,3,0,0,0,0,0_0,1_4
1,1,2,34,6,2,0,0,0,1,2_1,1_3
1,1,2,57,9,3,0,0,0,1,1_1,1_2
1,2,1,16,4,3,0,0,0,1,6_9,1_3
1,3,1,16,4,3,0,0,0,1,8_2,1_2
1,1,1,13,3,3,0,0,0,1,1_1,1_5
1,1,1,85,11,2,0,0,0,1,5_1,1_2
1,1,1,46,8,3,0,0,0,1,1_1,1_7
1,1,1,63,9,3,0,0,0,1,4_2,1_8
1,1,1,30,6,2,0,0,0,0,0_0,1_6
1,1,1,31,6,3,0,0,0,1,5_1,1_5
2,3,1,48,8,3,0,0,0,0,0_0,1_1
2,1,1,68,10,3,0,0,0,0,0_0,1_5
1,1,1,34,6,2,0,0,0,1,9_5,-1_-1
1,1,2,36,7,3,0,0,0,1,5_3,1_1
2,2,1,22,5,3,0,0,0,0,0_0,1_8
1,1,2,14,3,2,0,0,0,1,3_9,1_1
1,1,1,6,2,2,0,0,0,1,5_1,1_3
1,1,2,89,11,3,0,0,0,1,10_9,1_1
2,2,2,22,5,2,0,0,0,0,0_0,1_8
3,3,1,36,7,3,0,0,0,0,0_0,1_1
1,1,1,77,11,2,0,0,0,0,0_0,1_5
2,2,1,34,6,3,0,0,0,0,0_0,3_9
1,1,2,4,1,2,0,0,0,1,1_1,3_1
2,2,2,23,5,3,0,0,0,0,0_0,1_4
1,1,1,10,2,2,0,0,0,1,5_4,-1_-1
1,2,1,10,2,2,0,0,0,1,5_4,-1_-1
2,2,1,53,8,2,0,0,0,0,0_0,1_3
2,2,1,60,9,3,0,0,0,0,0_0,1_8
2,2,2,82,11,3,0,0,0,0,0_0,1_6
1,1,1,86,11,3,0,0,0,0,0_0,1_4
1,1,2,39,7,3,0,0,0,1,5_1,1_1
1,1,2,66,10,3,0,0,0,0,0_0,1_8
1,1,1,17,4,2,0,0,0,0,0_0,1_7
1,3,1,16,4,3,0,0,0,1,0_0,1_1
1,1,1,12,3,2,0,0,0,1,5_1,2_8
2,2,2,72,10,3,0,0,0,0,0_0,3_8
1,1,2,32,6,2,0,0,0,0,0_0,1_4
1,1,1,24,5,3,0,0,0,1,5_3,1_4
2,1,1,12,3,2,0,0,0,0,0_0,1_3
1,2,1,25,5,3,0,0,0,0,0_0,1_3
1,1,2,25,5,2,0,0,0,0,0_0,1_1
1,1,1,36,7,2,0,0,0,1,5_1,1_1
1,1,2,65,9,3,0,0,0,0,0_0,1_7
3,3,1,55,8,3,0,0,0,0,0_0,1_6
1,1,1,7,2,3,0,0,0,1,5_9,1_6
1,2,1,36,7,3,0,0,0,1,5_9,3_9
1,1,1,17,4,2,0,0,0,0,0_0,2_7
1,1,1,11,3,3,0,0,0,1,10_9,1_2
1,1,2,12,3,2,0,0,0,1,5_9,1_1
2,1,1,43,7,3,0,0,0,0,0_0,2_9
1,1,1,69,10,3,0,0,0,1,6_9,1_10
1,1,2,52,8,3,0,0,0,1,5_1,1_7
1,1,2,33,6,3,0,0,0,1,4_1,1_3
1,1,1,44,7,2,0,0,0,1,1_1,1_2
1,1,1,30,6,1,0,0,0,0,0_0,1_6
2,2,1,56,9,2,0,0,0,0,0_0,1_3
1,1,1,13,3,3,0,0,0,1,5_1,1_9
2,2,1,57,9,3,0,0,0,0,0_0,3_9
1,1,1,49,8,1,0,0,0,0,0_0,1_1
1,1,1,63,9,2,0,0,0,0,0_0,1_1
1,1,2,69,10,3,0,0,0,1,1_1,1_7
1,1,2,14,3,3,0,0,0,1,5_4,1_2
1,1,1,80,11,3,0,0,0,0,0_0,1_5
1,1,1,11,3,3,0,0,0,1,1_1,1_1
1,1,2,80,11,1,0,0,0,1,5_1,-1_-1
1,1,2,18,4,3,0,0,0,1,5_9,1_2
2,2,2,34,6,3,0,0,0,0,0_0,-1_-1
2,2,2,72,10,3,0,0,0,0,0_0,1_1
1,1,1,21,5,3,0,0,0,1,0_0,1_2
2,2,1,20,4,3,0,0,0,0,0_0,1_3
1,1,2,24,5,3,0,0,0,0,0_0,2_3
2,3,2,58,9,3,0,0,0,0,0_0,3_5
1,1,2,38,7,3,0,0,0,1,1_1,2_10
2,1,2,30,6,3,0,0,0,0,0_0,1_5
2,3,1,38,7,2,0,0,0,0,0_0,-1_-1
1,1,2,14,3,2,0,0,0,1,1_1,1_5
1,2,2,10,2,3,0,0,0,1,1_1,1_5
1,1,2,30,6,2,0,0,0,0,0_0,1_8
1,1,1,43,7,3,0,0,0,1,10_9,1_4
2,2,2,71,10,3,0,0,0,0,0_0,1_5
3,1,2,42,7,3,0,0,0,0,0_0,1_1
1,1,2,14,3,3,0,0,0,1,0_0,1_1
1,2,1,75,10,3,0,0,0,0,0_0,3_10
2,1,1,57,9,3,0,0,0,0,0_0,3_6
2,1,1,11,3,2,0,0,0,0,0_0,1_5
1,1,2,37,7,3,0,0,0,1,9_5,1_3
1,1,1,57,9,1,0,0,0,0,0_0,1_9
2,2,1,57,9,2,0,0,0,0,0_0,1_3
1,1,1,28,6,2,0,0,0,0,0_0,2_10
3,1,1,22,5,3,0,0,0,0,0_0,1_8
2,1,1,80,11,2,0,0,0,0,0_0,2_8
2,1,2,19,4,3,0,0,0,0,0_0,3_10
1,1,1,66,10,2,0,0,0,1,1_1,1_9
1,1,1,53,8,2,0,0,0,0,0_0,1_8
2,1,1,65,9,2,0,0,0,0,0_0,2_8
2,2,2,27,6,2,0,0,0,0,0_0,1_7
2,2,2,72,10,3,0,0,0,1,0_0,1_5
1,2,2,37,7,3,0,0,0,0,0_0,-1_-1
2,1,2,36,7,3,0,0,0,0,0_0,3_6
1,1,2,43,7,3,0,0,0,0,0_0,2_5
1,1,1,56,9,3,0,0,0,1,9_9,3_6
2,1,2,83,11,3,0,0,0,0,0_0,1_1
2,1,1,75,10,3,0,0,0,0,0_0,1_9
1,1,2,18,4,2,0,0,0,0,0_0,3_7
2,1,2,47,8,3,0,0,0,0,0_0,2_5
2,1,1,14,3,2,0,0,0,0,0_0,1_3
1,1,2,38,7,3,0,0,0,1,9_9,2_5
1,1,2,4,1,2,0,0,0,1,9_9,1_6
1,2,2,77,11,2,0,0,0,0,0_0,3_7
2,1,2,68,10,3,0,0,0,0,0_0,3_6
1,2,1,60,9,3,0,0,0,0,0_0,1_9
2,1,1,79,11,2,0,0,0,0,0_0,3_6
2,1,1,20,4,3,0,0,0,0,0_0,2_5
1,1,2,74,10,3,0,0,0,1,9_9,3_5
1,1,2,9,2,3,0,0,0,1,5_1,1_8
2,1,1,20,4,1,0,0,0,0,0_0,1_1
1,1,1,77,11,3,0,0,0,1,5_1,-1_-1
1,1,1,45,7,2,0,0,0,1,5_2,1_2
2,3,2,38,7,3,0,0,0,0,0_0,1_5
3,1,1,41,7,3,0,0,0,0,0_0,1_4
1,1,1,12,3,3,0,0,0,1,5_2,1_5
1,1,1,43,7,2,0,0,0,1,9_7,1_1
2,2,1,58,9,3,0,0,0,0,0_0,1_1
1,1,1,81,11,1,0,0,0,0,0_0,1_9
2,2,1,31,6,1,0,0,0,0,0_0,1_3
1,2,1,54,8,3,0,0,0,0,0_0,3_5
2,1,2,17,4,3,0,0,0,0,0_0,1_9
1,1,1,32,6,1,0,0,0,0,0_0,1_2
1,1,1,20,4,1,0,0,0,0,0_0,1_7
2,1,2,55,8,2,0,0,0,0,0_0,2_7
1,1,1,53,8,3,0,0,0,1,1_4,1_8
2,1,2,42,7,3,0,0,0,0,0_0,2_8
1,3,1,60,9,2,0,0,0,1,0_0,1_8
2,2,1,35,6,3,0,0,0,0,0_0,1_8
1,1,2,42,7,3,0,0,0,1,1_3,1_8
1,2,2,83,11,2,0,0,0,0,0_0,3_8
1,1,2,32,6,3,0,0,0,1,9_5,2_-1
1,1,1,30,6,3,0,0,0,1,9_5,1_8
1,1,2,16,4,3,0,0,0,0,0_0,2_8
2,2,2,56,9,3,0,0,0,0,0_0,3_6
2,1,1,37,7,3,0,0,0,0,0_0,2_6
2,2,2,36,7,3,0,0,0,0,0_0,3_5
1,1,2,51,8,3,0,0,0,0,0_0,2_6
1,1,1,48,8,3,0,0,0,0,0_0,3_6
2,1,1,70,10,3,0,0,0,0,0_0,2_6
1,1,1,51,8,3,0,0,0,0,0_0,3_6
1,2,1,44,7,3,0,0,0,0,0_0,2_9
2,1,1,22,5,2,0,0,0,0,0_0,3_9
1,1,1,6,2,3,0,0,0,1,5_1,2_5
2,1,2,25,5,3,0,0,0,0,0_0,3_6
2,2,1,61,9,3,0,0,0,0,0_0,3_6
1,1,1,65,9,1,0,0,0,0,0_0,3_6
1,1,2,66,10,3,0,0,0,0,0_0,1_9
1,1,2,12,3,3,0,0,0,1,8_3,1_6
1,1,1,49,8,2,0,0,0,1,5_3,1_9
2,2,2,61,9,3,0,0,0,0,0_0,1_9
1,2,1,9,2,3,0,0,0,1,0_0,1_7
1,3,1,4,1,3,0,0,0,1,0_0,1_7
1,3,2,19,4,3,0,0,0,0,0_0,3_5
1,1,2,32,6,2,0,0,0,0,0_0,1_5
1,2,1,67,10,3,0,0,0,0,0_0,3_9
1,1,1,20,4,1,0,0,0,0,0_0,1_5
1,1,2,29,6,2,0,0,0,0,0_0,1_3
1,1,1,32,6,3,0,0,0,1,5_1,1_2
3,1,2,33,6,2,0,0,0,1,10_9,1_6
2,1,1,66,10,3,0,0,0,0,0_0,1_9
1,1,2,66,10,3,0,0,0,1,6_9,1_6
2,1,2,58,9,2,0,0,0,1,9_5,1_9
1,1,1,86,11,3,0,0,0,0,0_0,-1_-1
1,1,2,15,3,2,0,0,0,1,1_9,1_10
1,1,2,65,9,3,0,0,0,0,0_0,1_9
1,1,1,10,2,3,0,0,0,1,5_1,1_2
1,1,1,43,7,3,0,0,0,1,5_3,1_6
1,1,2,7,2,2,0,0,0,1,5_1,1_4
3,1,2,31,6,3,0,0,0,0,0_0,-1_-1
1,1,1,8,2,3,0,0,0,1,1_2,1_2
2,2,1,20,4,2,0,0,0,0,0_0,1_8
1,1,2,36,7,3,0,0,0,1,5_3,1_3
1,3,2,21,5,2,0,0,0,0,0_0,1_1
2,2,2,23,5,3,0,0,0,0,0_0,1_2
2,2,2,54,8,3,0,0,0,1,0_0,1_8
3,1,1,18,4,3,0,0,0,0,0_0,1_5
2,1,1,61,9,1,0,0,0,0,0_0,1_9
2,1,2,35,6,3,0,0,0,0,0_0,2_7
1,1,2,72,10,3,0,0,0,0,0_0,1_6
2,1,1,29,6,2,0,0,0,0,0_0,2_2
1,2,1,38,7,2,0,0,0,0,0_0,1_2
2,1,1,54,8,2,0,0,0,0,0_0,2_8
1,1,2,75,10,3,0,0,0,1,10_9,1_6
1,1,1,76,11,3,0,0,0,1,5_1,1_8
1,1,1,52,8,2,0,0,0,1,6_9,1_1
1,1,2,55,8,3,0,0,0,1,1_3,1_3
2,2,1,22,5,3,0,0,0,1,0_0,1_1
2,3,1,36,7,3,0,0,0,1,0_0,1_1
1,1,1,34,6,3,0,0,0,1,10_9,1_1
1,2,2,54,8,3,0,0,0,0,0_0,1_1
1,1,1,36,7,3,0,0,0,1,9_5,1_1
1,2,1,19,4,2,0,0,0,1,0_0,1_2
3,2,2,51,8,3,0,0,0,0,0_0,1_4
1,1,1,22,5,3,0,0,0,1,4_1,1_10
1,1,1,49,8,2,0,0,0,1,5_3,1_4
1,2,2,48,8,3,0,0,0,1,5_3,1_4
1,2,1,74,10,2,0,0,0,0,0_0,2_1
1,1,1,69,10,2,0,0,0,0,0_0,1_7
3,1,1,30,6,2,0,0,0,0,0_0,1_4
1,1,2,42,7,3,0,0,0,0,0_0,-1_-1
1,1,2,10,2,3,0,0,0,1,5_4,1_9
3,3,1,59,9,3,0,0,0,0,0_0,-1_-1
1,2,1,42,7,3,0,0,0,0,0_0,1_7
2,1,1,68,10,2,0,0,0,0,0_0,-1_-1
1,1,2,49,8,3,0,0,0,1,9_6,-1_-1
1,1,1,9,2,2,0,0,0,1,6_9,1_7
2,2,1,28,6,2,0,0,0,0,0_0,-1_-1
1,1,1,25,5,3,0,0,0,1,5_1,1_4
1,1,2,60,9,1,0,0,0,1,5_4,1_10
1,1,2,34,6,3,0,0,0,1,6_9,1_2
1,1,1,53,8,3,0,0,0,1,5_9,1_5
1,1,1,80,11,3,0,0,0,1,4_1,1_6
2,1,2,55,8,2,0,0,0,0,0_0,1_7
1,1,2,27,6,3,0,0,0,1,10_9,1_1
1,2,1,27,6,3,0,0,0,0,0_0,1_1
1,1,1,24,5,3,0,0,0,1,1_9,1_4
1,1,1,31,6,3,0,0,0,1,8_3,1_9
1,2,2,29,6,3,0,0,0,1,8_3,1_9
1,1,1,62,9,2,0,0,0,1,5_3,1_5
1,1,2,39,7,3,0,0,0,1,7_1,1_7
1,2,1,50,8,3,0,0,0,1,7_1,1_7
1,1,2,22,5,2,0,0,0,0,0_0,1_4
2,2,2,24,5,3,0,0,0,0,0_0,-1_-1
2,1,1,88,11,3,0,0,0,0,0_0,1_6
1,1,1,23,5,3,0,0,0,1,10_1,1_2
1,1,1,49,8,3,0,0,0,1,6_9,1_7
2,2,2,42,7,3,0,0,0,0,0_0,1_2
1,1,2,39,7,3,0,0,0,1,8_1,1_1
1,1,2,48,8,3,0,0,0,1,4_3,1_3
1,1,1,90,11,3,0,0,0,1,5_1,3_10
2,1,2,57,9,2,0,0,0,0,0_0,1_1
1,1,1,54,8,3,0,0,0,1,5_1,1_4
1,2,1,23,5,3,0,0,0,1,0_0,1_-1
1,3,1,25,5,3,0,0,0,0,0_0,-1_-1
2,2,2,85,11,3,0,0,0,0,0_0,1_6
1,1,1,37,7,3,0,0,0,1,6_9,1_1
1,1,1,75,10,3,0,0,0,1,5_1,1_1
1,1,1,9,2,3,0,0,0,0,0_0,1_1
1,1,1,78,11,3,0,0,0,1,5_3,1_2
1,1,2,82,11,2,0,0,0,1,5_4,1_2
1,1,1,11,3,3,0,0,0,1,10_9,1_1
1,1,1,39,7,2,0,0,0,1,1_1,1_6
2,1,1,5,1,3,0,0,0,0,0_0,1_6
1,1,2,29,6,2,0,0,0,1,8_2,1_3
2,1,2,25,5,3,0,0,0,0,0_0,1_-1
3,1,2,30,6,3,0,0,0,0,0_0,1_7
1,1,2,34,6,3,0,0,0,1,1_2,1_3
1,1,1,90,11,3,0,0,0,0,0_0,2_4
1,1,2,83,11,3,0,0,0,0,0_0,2_10
1,1,2,16,4,3,0,0,0,1,10_1,1_2
2,2,1,52,8,3,0,0,0,0,0_0,1_6
1,1,1,55,8,3,0,0,0,0,0_0,2_8
2,1,1,77,11,3,0,0,0,0,0_0,2_5
1,1,2,53,8,3,0,0,0,0,0_0,2_8
2,2,1,82,11,3,0,0,0,0,0_0,1_10
1,1,1,49,8,3,0,0,0,1,6_9,2_7
1,1,2,18,4,3,0,0,0,1,5_1,2_5
1,1,1,51,8,2,0,0,0,0,0_0,2_6
1,2,2,50,8,3,0,0,0,1,0_0,1_2
1,1,1,38,7,2,0,0,0,1,5_3,1_4
1,1,1,65,9,2,0,0,0,0,0_0,-1_-1
1,1,1,45,7,3,0,0,0,0,0_0,3_6
1,1,1,23,5,3,0,0,0,0,0_0,2_7
2,1,1,69,10,3,0,0,0,0,0_0,3_7
1,1,1,62,9,3,0,0,0,0,0_0,-1_-1
1,1,1,16,4,3,0,0,0,0,0_0,2_4
2,1,1,32,6,3,0,0,0,0,0_0,2_5
1,1,2,28,6,3,0,0,0,1,2_1,1_1
1,1,2,39,7,3,0,0,0,1,8_3,1_1
1,1,1,40,7,3,0,0,0,1,5_1,1_1
2,1,1,18,4,2,0,0,0,1,0_0,1_1
1,1,1,24,5,2,0,0,0,1,5_1,-1_-1
1,1,1,83,11,2,0,0,0,1,5_3,1_10
1,1,1,20,4,2,0,0,0,1,8_1,-1_-1
1,1,1,57,9,3,0,0,0,1,6_9,3_9
1,2,2,58,9,3,0,0,0,0,0_0,1_1
2,2,1,35,6,3,0,0,0,0,0_0,1_1
1,1,1,22,5,3,0,0,0,1,8_1,-1_-1
1,1,2,27,6,3,0,0,0,1,5_1,1_1
1,1,2,47,8,3,0,0,0,1,10_9,1_1
1,1,2,23,5,3,0,0,0,1,9_5,1_4
2,1,2,55,8,3,0,0,0,0,0_0,-1_-1
1,1,2,78,11,3,0,0,0,1,5_9,1_1
1,1,1,73,10,3,0,0,0,1,5_3,1_1
2,1,2,64,9,3,0,0,0,0,0_0,1_1
1,1,2,17,4,3,0,0,0,0,0_0,1_3
1,1,1,63,9,3,0,0,0,1,10_9,1_6
2,2,2,52,8,2,0,0,0,0,0_0,1_9
1,1,1,11,3,2,0,0,0,1,5_9,3_5
2,2,1,74,10,3,0,0,0,0,0_0,3_6
1,1,2,53,8,2,0,0,0,0,0_0,1_8
3,2,2,76,11,2,0,0,0,0,0_0,1_1
1,1,2,13,3,3,0,0,0,1,0_0,1_4
2,1,1,45,7,2,0,0,0,0,0_0,3_6
1,1,1,36,7,3,0,0,0,1,5_9,1_1
1,1,1,33,6,3,0,0,0,1,0_0,1_1
1,1,1,6,2,3,0,0,0,1,5_1,1_1
1,1,1,54,8,2,0,0,0,0,0_0,3_3
2,1,1,94,11,3,0,0,0,0,0_0,1_6
1,1,2,56,9,3,0,0,0,1,5_1,1_4
1,1,1,40,7,2,0,0,0,0,0_0,3_6
1,2,1,14,3,2,0,0,0,1,0_0,3_6
2,1,2,36,7,3,0,0,0,0,0_0,3_9
2,2,2,45,7,3,0,0,0,0,0_0,1_9
1,1,2,8,2,3,0,0,0,1,6_9,-1_-1
1,1,1,19,4,3,0,0,0,1,5_3,1_1
1,1,2,13,3,3,0,0,0,1,5_1,1_10
1,1,2,27,6,2,0,0,0,1,1_1,1_8
1,1,2,67,10,3,0,0,0,1,6_9,-1_-1
1,1,2,77,11,3,0,0,0,1,5_3,1_9
1,1,1,11,3,3,0,0,0,1,1_3,1_9
1,1,1,28,6,2,0,0,0,1,6_9,1_3
1,1,2,27,6,2,0,0,0,1,8_3,1_6
1,1,2,32,6,3,0,0,0,1,9_9,1_4
1,1,1,60,9,3,0,0,0,1,9_5,1_4
2,1,2,49,8,2,0,0,0,0,0_0,1_8
3,3,1,25,5,3,0,0,0,0,0_0,1_3
1,1,1,13,3,3,0,0,0,1,5_2,1_3
1,1,1,7,2,3,0,0,0,1,9_7,1_1
1,1,1,78,11,2,0,0,0,1,5_2,1_1
1,1,1,4,1,2,0,0,0,1,9_5,1_1
1,2,1,32,6,2,0,0,0,1,5_1,1_3
1,1,1,13,3,3,0,0,0,1,6_9,1_2
1,1,1,13,3,3,0,0,0,1,5_4,1_1
1,1,1,11,3,3,0,0,0,1,4_1,1_1
1,1,1,81,11,3,0,0,0,0,0_0,1_1
1,1,2,65,9,3,0,0,0,1,5_1,1_10
2,2,2,29,6,3,0,0,0,1,0_0,1_1
1,1,2,50,8,3,0,0,0,0,0_0,1_7
3,2,1,46,8,3,0,0,0,0,0_0,1_1
1,1,1,13,3,3,0,0,0,1,5_9,1_2
1,1,2,42,7,3,0,0,0,1,4_4,-1_-1
1,1,1,70,10,3,0,0,0,0,0_0,1_9
1,1,1,19,4,3,0,0,0,1,5_3,1_2
1,1,2,31,6,2,0,0,0,1,6_9,1_1
3,1,1,19,4,3,0,0,0,0,0_0,1_3
1,1,2,51,8,3,0,0,0,1,7_9,-1_-1
1,1,1,75,10,3,0,0,0,1,9_5,1_8
1,1,1,7,2,3,0,0,0,1,1_3,1_1
1,2,1,35,6,3,0,0,0,0,0_0,1_2
2,1,1,39,7,3,0,0,0,0,0_0,3_10
3,2,1,48,8,3,0,0,0,0,0_0,2_5
1,1,1,70,10,3,0,0,0,1,5_1,1_5
1,1,1,10,2,3,0,0,0,1,1_1,1_5
1,1,1,24,5,2,0,0,0,0,0_0,2_8
1,1,1,4,1,2,0,0,0,1,5_2,1_5
1,1,2,52,8,3,0,0,0,0,0_0,3_6
1,1,2,55,8,2,0,0,0,0,0_0,2_10
3,2,1,27,6,3,0,0,0,0,0_0,1_3
1,1,1,78,11,3,0,0,0,0,0_0,1_4
2,3,2,26,6,3,0,0,0,0,0_0,1_5
1,1,2,20,4,3,0,0,0,0,0_0,3_9
1,1,2,19,4,2,0,0,0,1,5_3,1_2
3,2,2,43,7,3,0,0,0,0,0_0,2_8
2,2,1,77,11,3,0,0,0,0,0_0,2_10
1,1,2,71,10,2,0,0,0,1,5_4,2_7
2,1,1,28,6,3,0,0,0,0,0_0,2_9
1,1,1,13,3,2,0,0,0,0,0_0,3_8
2,1,2,50,8,3,0,0,0,0,0_0,3_5
1,1,1,90,11,3,0,0,0,0,0_0,1_6
1,1,2,81,11,2,0,0,0,0,0_0,1_8
2,2,1,41,7,3,0,0,0,0,0_0,3_9
1,1,1,26,6,3,0,0,0,1,6_9,1_-1
1,2,1,24,5,3,0,0,0,0,0_0,1_3
1,1,1,23,5,1,0,0,0,0,0_0,1_1
1,1,1,58,9,2,0,0,0,1,1_3,1_1
1,1,1,31,6,3,0,0,0,1,5_3,1_3
1,1,2,54,8,3,0,0,0,1,5_2,1_2
1,1,1,22,5,2,0,0,0,0,0_0,2_6
2,1,1,58,9,2,0,0,0,0,0_0,-1_-1
1,1,1,12,3,3,0,0,0,1,10_9,1_2
2,1,1,14,3,3,0,0,0,0,0_0,2_8
2,2,1,40,7,2,0,0,0,0,0_0,-1_-1
1,1,1,81,11,3,0,0,0,0,0_0,1_6
1,1,1,13,3,2,0,0,0,0,0_0,1_8
1,1,2,45,7,2,0,0,0,1,5_1,1_5
1,1,1,14,3,3,0,0,0,1,5_4,1_8
1,1,1,72,10,3,0,0,0,1,6_9,1_4
1,1,1,53,8,3,0,0,0,1,4_3,1_2
1,1,2,68,10,3,0,0,0,1,1_1,1_1
1,1,1,41,7,2,0,0,0,1,5_1,1_3
1,1,1,43,7,3,0,0,0,1,6_9,1_5
2,2,2,40,7,3,0,0,0,0,0_0,3_-1
2,2,1,28,6,2,0,0,0,1,9_5,1_5
1,1,1,62,9,2,0,0,0,1,9_5,2_3
1,1,1,25,5,2,0,0,0,1,9_5,1_1
3,1,1,23,5,3,0,0,0,0,0_0,1_2
1,1,1,11,3,2,0,0,0,1,4_1,2_7
1,1,2,61,9,2,0,0,0,1,9_5,3_9
1,1,1,23,5,3,0,0,0,1,1_1,1_6
1,2,1,38,7,3,0,0,0,1,1_1,1_4
1,1,2,85,11,2,0,0,0,0,0_0,1_9
1,1,1,71,10,2,0,0,0,0,0_0,1_9
1,1,2,49,8,2,0,0,0,0,0_0,1_3
1,1,2,16,4,3,0,0,0,0,0_0,1_1
1,2,1,40,7,3,0,0,0,1,8_1,1_8
2,1,2,19,4,3,0,0,0,0,0_0,3_2
1,1,1,63,9,3,0,0,0,1,9_9,1_7
1,1,2,30,6,3,0,0,0,1,1_9,1_4
1,1,2,48,8,3,0,0,0,0,0_0,1_-1
1,1,2,30,6,3,0,0,0,0,0_0,2_4
1,1,1,38,7,3,0,0,0,1,5_1,3_6
1,1,1,44,7,3,0,0,0,1,5_1,1_4
1,1,1,13,3,2,0,0,0,1,8_1,1_1
1,2,2,32,6,3,0,0,0,0,0_0,1_8
1,1,1,73,10,3,0,0,0,0,0_0,1_7
1,1,1,57,9,3,0,0,0,1,6_9,2_5
1,1,1,14,3,2,0,0,0,1,5_9,1_3
1,1,1,66,10,3,0,0,0,0,0_0,1_2
1,1,2,62,9,2,0,0,0,1,5_3,1_1
2,2,2,33,6,3,0,0,0,0,0_0,1_2
1,1,2,17,4,3,0,0,0,1,5_2,1_1
2,1,2,49,8,3,0,0,0,0,0_0,3_3
1,1,1,30,6,3,0,0,0,0,0_0,2_6
2,1,1,65,9,2,0,0,0,0,0_0,1_3
3,3,1,67,10,3,0,0,0,0,0_0,1_4
2,1,1,72,10,3,0,0,0,0,0_0,1_9
1,1,1,26,6,2,0,0,0,0,0_0,1_6
1,1,1,36,7,2,0,0,0,1,10_9,1_2
1,1,2,41,7,3,0,0,0,1,6_9,1_9
2,1,2,59,9,3,0,0,0,1,9_9,-1_-1
1,1,1,5,1,3,0,0,0,1,5_1,1_7
2,1,1,75,10,3,0,0,0,0,0_0,1_8
2,1,1,13,3,2,0,0,0,0,0_0,1_6
1,2,1,62,9,3,0,0,0,1,0_0,-1_-1
2,2,1,17,4,2,0,0,0,1,0_0,-1_-1
1,1,1,12,3,2,0,0,0,1,4_4,1_9
1,1,1,70,10,2,0,0,0,0,0_0,1_2
1,1,2,71,10,2,0,0,0,1,6_9,1_10
1,2,1,82,11,3,0,0,0,1,6_9,1_10
1,1,1,48,8,3,0,0,0,1,8_9,1_1
1,1,2,16,4,3,0,0,0,1,1_1,1_1
1,1,2,56,9,3,0,0,0,1,5_3,1_1
1,1,1,19,4,3,0,0,0,1,10_1,1_1
1,1,2,13,3,3,0,0,0,1,5_2,1_4
1,1,2,44,7,3,0,0,0,1,6_9,3_7
1,1,2,12,3,3,0,0,0,1,5_9,1_10
1,1,2,18,4,3,0,0,0,1,6_9,1_10
1,2,1,72,10,3,0,0,0,0,0_0,3_6
2,1,2,68,10,2,0,0,0,0,0_0,1_3
2,1,2,17,4,3,0,0,0,0,0_0,1_5
1,1,2,81,11,2,0,0,0,1,5_3,1_6
1,1,2,33,6,2,0,0,0,1,6_9,1_6
1,2,1,0,1,3,0,0,0,1,6_9,1_6
1,1,1,76,11,3,0,0,0,1,5_9,1_4
2,1,1,18,4,2,0,0,0,0,0_0,2_2
3,2,2,41,7,3,0,0,0,0,0_0,1_1
1,1,2,11,3,3,0,0,0,1,5_9,1_3
1,1,2,25,5,3,0,0,0,1,5_1,1_6
1,1,1,86,11,2,0,0,0,1,10_4,3_2
3,3,1,40,7,3,0,0,0,0,0_0,1_2
2,3,1,35,6,3,0,0,0,0,0_0,1_3
2,2,1,31,6,3,0,0,0,0,0_0,1_7
1,1,1,17,4,3,0,0,0,0,0_0,3_3
1,1,2,8,2,3,0,0,0,1,5_2,1_3
1,1,1,42,7,3,0,0,0,0,0_0,2_8
2,2,1,25,5,3,0,0,0,0,0_0,3_4
1,1,1,3,1,3,0,0,0,1,5_3,1_6
1,1,1,84,11,3,0,0,0,0,0_0,3_5
2,2,2,48,8,3,0,0,0,0,0_0,3_5
2,1,2,66,10,3,0,0,0,0,0_0,3_7
1,1,1,55,8,3,0,0,0,0,0_0,2_6
1,1,2,36,7,2,0,0,0,1,5_3,1_5
2,2,1,40,7,3,0,0,0,0,0_0,3_6
1,2,2,89,11,3,0,0,0,0,0_0,2_10
2,1,2,33,6,3,0,0,0,0,0_0,3_6
1,1,2,42,7,3,0,0,0,1,9_6,1_7
1,1,2,82,11,2,0,0,0,1,1_9,3_7
2,1,2,77,11,3,0,0,0,0,0_0,3_6
2,2,1,61,9,3,0,0,0,0,0_0,1_4
1,1,1,41,7,1,0,0,0,0,0_0,1_2
1,1,1,77,11,3,0,0,0,0,0_0,2_6
2,2,1,78,11,3,0,0,0,0,0_0,1_4
1,1,1,81,11,3,0,0,0,1,1_1,1_5
1,1,1,17,4,2,0,0,0,0,0_0,2_10
2,1,1,38,7,3,0,0,0,0,0_0,3_10
1,1,1,32,6,3,0,0,0,0,0_0,3_-1
3,1,2,64,9,3,0,0,0,0,0_0,1_4
1,1,1,45,7,3,0,0,0,0,0_0,2_6
2,1,2,48,8,3,0,0,0,0,0_0,3_7
1,1,2,41,7,3,0,0,0,0,0_0,3_8
1,1,1,19,4,3,0,0,0,1,1_1,1_4
2,1,2,20,4,3,0,0,0,0,0_0,2_8
3,2,2,72,10,3,0,0,0,0,0_0,2_7
2,1,1,42,7,2,0,0,0,0,0_0,2_10
2,1,1,71,10,3,0,0,0,0,0_0,3_7
1,1,1,79,11,2,0,0,0,1,5_4,2_5
1,1,2,37,7,3,0,0,0,0,0_0,2_8
2,2,1,26,6,3,0,0,0,0,0_0,1_1
1,2,2,80,11,2,0,0,0,0,0_0,1_9
2,1,2,26,6,3,0,0,0,0,0_0,1_-1
1,1,1,14,3,3,0,0,0,1,5_1,1_3
1,1,1,45,7,2,0,0,0,1,5_3,1_3
1,1,1,15,3,2,0,0,0,1,5_1,1_1
1,2,1,49,8,3,0,0,0,0,0_0,2_9
1,1,2,11,3,3,0,0,0,1,1_3,-1_-1
1,1,2,29,6,2,0,0,0,0,0_0,1_7
1,1,1,21,5,2,0,0,0,0,0_1,1_8
2,2,1,37,7,2,0,0,0,0,0_0,1_2
1,1,1,62,9,3,0,0,0,1,9_5,3_9
1,1,2,78,11,3,0,0,0,1,5_3,1_3
1,1,2,15,3,2,0,0,0,1,5_1,1_4
1,1,1,32,6,2,0,0,0,1,4_1,-1_-1
1,1,1,72,10,3,0,0,0,1,5_3,1_1
1,1,2,68,10,2,0,0,0,1,10_9,-1_-1
1,1,2,85,11,3,0,0,0,1,5_1,1_8
2,1,1,62,9,3,0,0,0,0,0_0,3_5
2,1,1,67,10,3,0,0,0,0,0_0,1_6
1,1,2,67,10,3,0,0,0,1,5_1,1_1
1,1,1,45,7,1,0,0,0,0,0_0,1_2
2,2,1,57,9,1,0,0,0,0,0_0,1_5
2,2,2,64,9,3,0,0,0,0,0_0,1_8
1,2,1,29,6,2,0,0,0,1,1_1,1_9
1,1,1,76,11,1,0,0,0,0,0_0,2_8
2,1,1,23,5,1,0,0,0,1,5_2,3_7
1,1,1,19,4,3,0,0,0,1,5_9,1_7
2,1,2,63,9,3,0,0,0,0,0_0,2_6
1,2,1,27,6,1,0,0,0,1,0_0,1_3
2,1,1,49,8,3,0,0,0,0,0_0,2_5
1,1,1,58,9,3,0,0,0,1,10_1,3_8
1,2,2,75,10,3,0,0,0,0,0_0,1_7
1,1,1,57,9,3,0,0,0,1,9_9,3_9
1,3,1,57,9,3,0,0,0,1,0_0,2_6
2,2,1,51,8,3,0,0,0,0,0_0,2_8
1,1,2,44,7,3,0,0,0,1,6_9,1_1
1,1,2,54,8,3,0,0,0,0,0_0,3_9
2,2,1,55,8,3,0,0,0,0,0_0,2_8
2,1,2,77,11,3,0,0,0,0,0_0,2_5
1,1,1,23,5,3,0,0,0,0,0_0,3_8
1,1,1,54,8,2,0,0,0,0,0_0,3_5
2,1,2,51,8,3,0,0,0,0,0_0,3_3
1,1,1,20,4,2,0,0,0,0,0_0,1_8
2,1,1,64,9,2,0,0,0,0,0_0,2_4
2,2,1,80,11,3,0,0,0,0,0_0,1_2
1,1,2,7,2,2,0,0,0,1,5_4,2_2
1,1,2,79,11,2,0,0,0,1,8_9,1_3
1,1,1,55,8,2,0,0,0,1,9_9,-1_-1
2,2,1,51,8,3,0,0,0,0,0_0,1_6
3,3,1,53,8,3,0,0,0,0,0_0,3_5
1,1,2,20,4,3,0,0,0,0,0_0,3_4
1,1,1,45,7,3,0,0,0,1,10_9,2_5
1,1,2,71,10,3,0,0,0,1,1_1,2_5
2,1,2,41,7,2,0,0,0,0,0_0,1_7
1,1,2,31,6,2,0,0,0,1,9_9,1_2
1,1,2,67,10,3,0,0,0,1,9_8,1_6
2,3,2,25,5,3,0,0,0,0,0_0,1_10
1,1,1,21,5,3,0,0,0,1,1_3,1_5
1,1,2,34,6,2,0,0,0,0,0_0,1_5
2,3,2,52,8,2,0,0,0,0,0_0,1_8
1,1,1,8,2,3,0,0,0,1,5_1,1_5
1,1,1,37,7,3,0,0,0,0,0_0,3_8
2,1,1,40,7,3,0,0,0,0,0_0,1_-1
2,2,1,24,5,3,0,0,0,0,0_0,1_9
2,2,1,48,8,3,0,0,0,1,9_5,1_4
1,2,1,54,8,3,0,0,0,0,0_0,1_10
2,3,1,17,4,3,0,0,0,0,0_0,3_8
1,1,2,71,10,3,0,0,0,1,1_3,-1_-1
1,1,1,32,6,2,0,0,0,0,0_0,3_7
2,1,1,58,9,2,0,0,0,0,0_0,3_5
1,1,1,7,2,3,0,0,0,1,1_1,2_8
1,1,2,13,3,3,0,0,0,1,6_9,1_3
1,1,1,15,3,3,0,0,0,1,1_3,1_3
1,1,1,36,7,2,0,0,0,1,8_5,1_4
1,2,2,32,6,3,0,0,0,1,8_5,1_4
1,1,1,45,7,3,0,0,0,1,5_3,1_5
2,1,1,34,6,3,0,0,0,0,0_0,1_8
1,1,2,29,6,3,0,0,0,0,0_0,2_6
2,2,1,50,8,3,0,0,0,0,0_0,3_6
2,1,1,25,5,3,0,0,0,0,0_0,2_9
2,2,1,26,6,3,0,0,0,0,0_0,3_6
1,1,1,64,9,3,0,0,0,1,9_5,1_2
2,1,1,33,6,2,0,0,0,0,0_0,1_9
1,1,1,14,3,3,0,0,0,1,4_2,1_2
2,1,2,43,7,2,0,0,0,0,0_0,2_8
1,1,2,54,8,3,0,0,0,1,9_1,2_9
2,2,2,30,6,3,0,0,0,0,0_0,3_7
1,1,1,37,7,1,0,0,0,0,0_0,1_10
2,1,1,33,6,2,0,0,0,0,0_0,2_10
1,1,1,25,5,3,0,0,0,1,10_9,1_6
3,3,1,79,11,3,0,0,0,0,0_0,1_1
1,1,2,34,6,3,0,0,0,1,1_1,1_3
3,1,1,49,8,3,0,0,0,0,0_0,1_2
1,1,2,10,2,3,0,0,0,1,6_9,3_9
2,1,1,72,10,2,0,0,0,0,0_0,2_7
1,1,1,42,7,3,0,0,0,0,0_0,2_6
2,2,1,44,7,3,0,0,0,0,0_0,1_8
1,1,1,20,4,3,0,0,0,1,5_1,1_6
2,1,1,11,3,2,0,0,0,0,0_0,1_6
2,1,2,80,11,3,0,0,0,0,0_0,1_9
1,1,1,28,6,3,0,0,0,1,5_3,1_7
1,1,1,86,11,2,0,0,0,1,1_1,1_10
1,1,2,28,6,2,0,0,0,1,9_7,3_7
1,1,1,80,11,3,0,0,0,0,0_0,1_4
3,3,1,26,6,3,0,0,0,0,0_0,1_5
1,1,1,18,4,2,0,0,0,0,0_0,3_-1
1,1,1,18,4,3,0,0,0,1,6_9,3_7
1,1,1,18,4,3,0,0,0,1,4_9,1_1
2,1,1,35,6,3,0,0,0,0,0_0,2_2
1,1,1,71,10,2,0,0,0,1,5_1,1_6
2,3,2,55,8,3,0,0,0,0,0_0,1_7
3,2,1,68,10,3,0,0,0,0,0_0,1_7
1,1,2,24,5,2,0,0,0,1,5_1,1_3
2,1,1,23,5,3,0,0,0,1,0_0,1_2
1,1,1,42,7,3,0,0,0,1,9_9,2_8
1,1,1,21,5,2,0,0,0,1,8_1,1_9
1,1,2,55,8,2,0,0,0,1,0_0,1_5
1,2,2,23,5,3,0,0,0,0,0_0,1_6
1,1,1,58,9,3,0,0,0,0,0_0,3_2
2,2,1,83,11,2,0,0,0,0,0_0,1_8
2,2,2,26,6,3,0,0,0,0,0_0,1_6
3,1,1,28,6,3,0,0,0,0,0_0,1_6
1,1,1,8,2,2,0,0,0,0,0_0,1_4
1,1,1,88,11,2,0,0,0,1,5_9,1_4
1,2,1,18,4,3,0,0,0,0,0_0,1_10
2,1,2,70,10,2,0,0,0,0,0_0,3_8
2,1,1,74,10,2,0,0,0,0,0_0,2_7
1,1,2,52,8,3,0,0,0,1,0_0,2_8
1,2,1,68,10,3,0,0,0,0,0_0,2_8
1,1,1,16,4,3,0,0,0,1,1_1,1_5
1,1,1,28,6,2,0,0,0,0,0_0,2_9
1,1,2,29,6,2,0,0,0,0,0_0,1_8
1,1,2,13,3,3,0,0,0,1,1_2,1_10
1,1,2,90,11,2,0,0,0,1,9_5,3_9
1,1,1,43,7,3,0,0,0,0,0_0,2_6
1,2,2,11,3,2,0,0,0,1,9_7,3_8
1,1,2,43,7,3,0,0,0,0,0_0,3_7
2,1,1,73,10,3,0,0,0,0,0_0,3_7
1,1,2,6,2,3,0,0,0,1,5_1,1_9
1,2,2,4,1,3,0,0,0,1,5_1,1_9
1,1,1,37,7,2,0,0,0,1,4_1,1_4
2,2,2,19,4,3,0,0,0,0,0_0,2_10
1,1,1,14,3,3,0,0,0,0,0_0,2_6
1,1,2,57,9,2,0,0,0,0,0_0,3_10
1,3,1,58,9,3,0,0,0,0,0_0,1_7
3,2,1,43,7,3,0,0,0,0,0_0,1_4
3,1,2,72,10,3,0,0,0,0,0_0,1_3
1,1,1,10,2,3,0,0,0,1,8_5,1_1
1,1,2,21,5,3,0,0,0,0,0_0,3_6
2,1,2,14,3,3,0,0,0,0,0_0,1_8
2,1,1,91,11,3,0,0,0,0,0_0,1_10
2,1,2,71,10,3,0,0,0,0,0_0,3_9
1,1,1,51,8,3,0,0,0,0,0_0,2_7
3,1,2,25,5,3,0,0,0,0,0_0,-1_-1
1,1,1,26,6,3,0,0,0,0,0_0,1_10
2,2,1,37,7,3,0,0,0,0,0_0,2_6
2,1,2,39,7,2,0,0,0,0,0_0,3_10
3,1,1,57,9,3,0,0,0,0,0_0,1_5
1,1,1,51,8,2,0,0,0,0,0_0,3_7
3,1,2,43,7,3,0,0,0,0,0_0,1_1
1,1,2,30,6,3,0,0,0,1,6_9,1_3
1,2,1,19,4,3,0,0,0,0,0_0,1_8
1,1,1,53,8,2,0,0,0,0,0_0,1_-1
1,2,2,39,7,2,0,0,0,0,0_0,3_4
2,1,1,69,10,2,0,0,0,0,0_0,2_10
2,1,1,62,9,3,0,0,0,0,0_0,2_10
2,1,1,42,7,2,0,0,0,0,0_0,3_6
2,1,2,38,7,3,0,0,0,1,0_0,3_6
1,1,2,9,2,3,0,0,0,1,10_9,2_4
2,2,2,20,4,2,0,0,0,0,0_0,3_9
1,1,2,8,2,2,0,0,0,1,0_0,1_1
1,1,1,87,11,2,0,0,0,0,0_0,2_6
2,1,1,32,6,2,0,0,0,0,0_0,3_7
2,2,2,63,9,3,0,0,0,0,0_0,1_8
1,1,1,48,8,2,0,0,0,1,9_7,1_7
2,1,1,33,6,2,0,0,0,0,0_0,2_7
2,1,1,68,10,3,0,0,0,0,0_0,3_6
1,1,1,24,5,3,0,0,0,1,6_9,1_3
1,1,2,45,7,3,0,0,0,1,9_9,1_9
2,1,2,76,11,3,0,0,0,0,0_0,1_2
2,2,1,20,4,3,0,0,0,0,0_0,3_1
2,3,1,18,4,3,0,0,0,1,0_0,3_1
2,2,2,55,8,3,0,0,0,0,0_0,1_7
1,1,1,7,2,2,0,0,0,1,5_1,1_10
1,2,1,17,4,2,0,0,0,1,0_0,1_10
1,1,1,36,7,2,0,0,0,0,0_0,2_9
1,1,2,31,6,3,0,0,0,0,0_0,3_9
1,1,2,53,8,3,0,0,0,1,10_9,-1_-1
1,1,1,20,4,3,0,0,0,1,10_9,1_10
1,1,1,74,10,3,0,0,0,0,0_0,1_6
2,2,1,83,11,2,0,0,0,0,0_0,3_6
2,1,2,63,9,2,0,0,0,0,0_0,2_10
1,1,2,12,3,2,0,0,0,1,4_1,1_3
2,2,2,43,7,3,0,0,0,0,0_0,1_6
1,1,2,17,4,3,0,0,0,0,0_0,1_2
3,2,1,65,9,2,0,0,0,0,0_0,1_6
1,1,1,39,7,3,0,0,0,0,0_0,1_-1
2,2,2,53,8,3,0,0,0,0,0_0,3_10
3,1,1,54,8,2,0,0,0,0,0_0,1_9
1,1,1,51,8,2,0,0,0,0,0_0,3_8
2,1,2,63,9,2,0,0,0,0,0_0,1_10
2,2,1,57,9,3,0,0,0,0,0_0,1_9
2,2,2,36,7,3,0,0,0,0,0_0,2_5
2,1,1,54,8,2,0,0,0,0,0_0,1_7
1,1,2,79,11,2,0,0,0,1,10_9,2_10
1,1,1,19,4,1,0,0,0,0,0_0,2_5
2,1,2,57,9,3,0,0,0,0,0_0,1_6
1,2,1,17,4,3,0,0,0,1,0_0,1_4
1,1,1,89,11,3,0,0,0,0,0_0,2_8
2,2,2,44,7,3,0,0,0,0,0_0,3_9
2,1,1,68,10,3,0,0,0,0,0_0,1_9
2,2,1,45,7,3,0,0,0,0,0_0,2_6
2,3,1,15,3,2,0,0,0,1,0_0,2_6
1,1,1,17,4,1,0,0,0,0,0_0,3_9
1,1,2,26,6,2,0,0,0,1,0_0,1_10
1,1,1,51,8,3,0,0,0,1,5_1,1_9
2,1,2,12,3,3,0,0,0,1,5_1,-1_-1
1,1,2,7,2,2,0,0,0,0,0_0,1_8
1,1,1,40,7,2,0,0,0,0,0_0,1_10
1,1,2,58,9,3,0,0,0,1,5_3,1_10
1,1,2,85,11,3,0,0,0,1,5_1,1_7
2,1,2,62,9,2,0,0,0,0,0_0,1_10
1,1,2,43,7,1,0,0,0,0,0_0,-1_-1
2,3,1,20,4,3,0,0,0,0,0_0,1_10
1,1,2,41,7,3,0,0,0,0,0_0,3_10
1,1,1,76,11,2,0,0,0,0,0_0,1_8
1,1,2,71,10,3,0,0,0,0,0_0,1_10
1,3,1,57,9,2,0,0,0,0,0_0,3_8
2,1,2,61,9,2,0,0,0,0,0_0,1_10
2,2,1,44,7,3,0,0,0,0,0_0,3_4
1,1,1,40,7,1,0,0,0,0,0_0,3_5
2,2,2,41,7,3,0,0,0,0,0_0,3_7
1,1,2,63,9,2,0,0,0,0,0_0,2_6
2,2,2,57,9,3,0,0,0,0,0_0,1_6
2,1,1,39,7,2,0,0,0,0,0_0,2_10
3,1,1,68,10,3,0,0,0,0,0_0,3_5
1,2,2,15,3,3,0,0,0,1,5_1,3_6
2,1,1,61,9,2,0,0,0,0,0_0,1_8
3,2,1,34,6,3,0,0,0,0,0_0,1_4
2,1,2,60,9,3,0,0,0,0,0_0,3_6
2,1,1,75,10,3,0,0,0,0,0_0,3_3
2,1,2,55,8,3,0,0,0,1,0_0,3_2
1,1,1,26,6,3,0,0,0,0,0_0,2_5
1,1,1,76,11,3,0,0,0,0,0_0,3_3
1,1,2,23,5,2,0,0,0,1,5_3,1_8
2,1,1,17,4,3,0,0,0,0,0_0,3_5
2,1,1,18,4,2,0,0,0,0,0_0,3_6
2,3,2,8,2,3,0,0,0,1,0_0,3_6
1,1,2,14,3,3,0,0,0,1,1_3,2_6
1,1,1,64,9,3,0,0,0,1,10_9,-1_-1
2,1,2,23,5,3,0,0,0,0,0_0,3_9
1,1,1,12,3,3,0,0,0,1,9_9,3_6
2,2,2,42,7,2,0,0,0,0,0_0,3_8
1,3,2,41,7,3,0,0,0,0,0_0,1_7
1,1,1,75,10,3,0,0,0,1,10_9,1_1
1,1,1,60,9,2,0,0,0,0,0_0,2_7
2,1,2,6,2,3,0,0,0,0,0_0,1_3
2,1,1,24,5,3,0,0,0,0,0_0,2_3
1,1,1,52,8,3,0,0,0,0,0_0,2_4
2,2,1,24,5,2,0,0,0,0,0_0,1_7
2,2,1,71,10,3,0,0,0,0,0_0,1_8
1,1,2,89,11,3,0,0,0,0,0_0,1_7
2,2,1,64,9,3,0,0,0,0,0_0,1_10
2,2,2,35,6,2,0,0,0,0,0_0,2_7
2,1,1,50,8,3,0,0,0,0,0_0,2_10
3,2,2,42,7,3,0,0,0,0,0_0,1_10
1,1,1,65,9,2,0,0,0,0,0_0,3_8
2,2,2,19,4,3,0,0,0,0,0_0,1_8
1,1,1,87,11,3,0,0,0,0,0_0,-1_-1
1,1,2,85,11,1,0,0,0,0,0_0,1_9
1,1,2,22,5,2,0,0,0,1,1_9,1_5
1,3,1,23,5,3,0,0,0,0,0_0,1_3
2,1,2,25,5,3,0,0,0,0,0_0,3_9
1,1,2,77,11,2,0,0,0,0,0_0,1_5
1,1,2,28,6,3,0,0,0,1,5_1,1_1
1,1,1,53,8,2,0,0,0,0,0_0,3_7
1,1,1,3,1,3,0,0,0,1,6_9,1_3
1,1,2,13,3,3,0,0,0,1,9_8,3_-1
1,1,2,31,6,3,0,0,0,0,0_0,2_9
1,1,1,29,6,3,0,0,0,0,0_0,2_4
1,1,2,11,3,2,0,0,0,1,5_3,3_6
2,2,2,60,9,3,0,0,0,0,0_0,3_6
1,2,1,58,9,3,0,0,0,0,0_0,1_9
2,1,1,42,7,3,0,0,0,0,0_0,3_7
2,1,2,24,5,3,0,0,0,0,0_0,2_10
2,1,1,16,4,3,0,0,0,0,0_0,3_10
1,1,2,47,8,3,0,0,0,1,6_9,1_7
2,1,1,69,10,3,0,0,0,0,0_0,2_7
2,1,1,29,6,3,0,0,0,0,0_0,2_10
2,1,2,36,7,2,0,0,0,0,0_0,1_4
1,2,1,53,8,3,0,0,0,1,4_1,1_4
1,1,2,25,5,3,0,0,0,0,0_0,2_8
2,1,2,53,8,3,0,0,0,0,0_0,1_8
3,2,1,28,6,3,0,0,0,0,0_0,1_6
3,3,2,30,6,3,0,0,0,1,0_0,1_6
1,1,2,80,11,3,0,0,0,0,0_0,2_5
2,3,2,63,9,3,0,0,0,0,0_0,3_8
1,1,2,39,7,2,0,0,0,1,9_9,1_1
1,1,1,45,7,3,0,0,0,1,9_8,1_10
1,1,1,59,9,2,0,0,0,0,0_0,1_8
1,3,2,64,9,3,0,0,0,0,0_0,1_9
1,2,1,35,6,3,0,0,0,1,0_0,1_1
2,1,1,27,6,2,0,0,0,0,0_0,1_7
1,1,2,46,8,3,0,0,0,0,0_0,3_4
2,2,1,71,10,3,0,0,0,0,0_0,2_4
1,1,2,74,10,3,0,0,0,1,8_5,2_4
1,3,1,44,7,3,0,0,0,0,0_0,1_9
1,1,1,39,7,2,0,0,0,0,0_0,3_6
2,2,1,64,9,2,0,0,0,0,0_0,2_2
3,1,2,34,6,3,0,0,0,0,0_0,1_1
2,1,2,53,8,3,0,0,0,0,0_0,2_7
1,1,2,17,4,3,0,0,0,0,0_0,3_2
1,2,2,22,5,3,0,0,0,0,0_0,2_9
1,1,1,35,6,3,0,0,0,0,0_0,2_6
1,1,1,18,4,3,0,0,0,0,0_0,3_3
1,1,2,41,7,2,0,0,0,0,0_0,2_8
1,1,1,48,8,3,0,0,0,0,0_0,3_3
1,1,1,61,9,3,0,0,0,0,0_0,2_9
1,2,2,33,6,3,0,0,0,0,0_0,2_4
3,1,2,47,8,3,0,0,0,0,0_0,2_6
1,1,1,17,4,2,0,0,0,0,0_0,3_2
1,1,1,76,11,3,0,0,0,0,0_0,3_4
2,1,1,42,7,2,0,0,0,0,0_0,1_10
1,1,2,38,7,3,0,0,0,1,5_3,-1_-1
1,1,2,13,3,2,0,0,0,1,1_1,3_7
1,2,1,77,11,3,0,0,0,1,10_9,1_2
1,1,2,75,10,3,0,0,0,0,0_0,1_2
2,2,2,24,5,3,0,0,0,0,0_0,2_1
2,2,2,56,9,3,0,0,0,0,0_0,1_9
2,1,2,51,8,3,0,0,0,0,0_0,3_8
1,1,1,74,10,3,0,0,0,0,0_0,2_7
2,2,2,36,7,2,0,0,0,0,0_0,3_5
2,1,2,33,6,3,0,0,0,0,0_0,-1_-1
1,1,2,80,11,3,0,0,0,0,0_0,3_2
1,3,2,35,6,3,0,0,0,0,0_0,1_10
2,2,2,27,6,3,0,0,0,0,0_0,2_8
2,1,1,60,9,2,0,0,0,0,0_0,3_6
2,1,1,49,8,3,0,0,0,0,0_0,3_5
1,1,2,53,8,3,0,0,0,0,0_0,-1_-1
2,1,1,91,11,2,0,0,0,0,0_0,3_4
3,3,1,59,9,3,0,0,0,0,0_0,1_4
1,1,1,85,11,2,0,0,0,0,0_0,1_10
1,1,1,38,7,3,0,0,0,0,0_0,2_3
2,2,2,59,9,3,0,0,0,0,0_0,1_7
1,1,1,12,3,3,0,0,0,0,0_0,1_6
1,2,2,3,1,2,0,0,0,1,10_9,1_3
1,1,1,31,6,3,0,0,0,0,0_0,2_8
2,2,2,35,6,3,0,0,0,0,0_0,1_8
3,1,2,18,4,3,0,0,0,0,0_0,1_7
1,1,2,77,11,3,0,0,0,0,0_0,2_2
1,1,1,33,6,3,0,0,0,1,0_0,1_9
1,1,1,51,8,2,0,0,0,0,0_0,3_6
1,1,2,26,6,3,0,0,0,0,0_0,3_4
1,1,1,24,5,2,0,0,0,1,5_9,1_5
1,1,1,73,10,2,0,0,0,0,0_0,3_5
1,1,1,89,11,3,0,0,0,0,0_0,3_4
1,1,1,70,10,3,0,0,0,0,0_0,2_8
2,1,1,41,7,3,0,0,0,0,0_0,3_8
1,1,1,62,9,3,0,0,0,1,9_9,3_7
1,1,1,38,7,2,0,0,0,0,0_0,1_6
1,1,2,38,7,3,0,0,0,1,9_9,1_10
1,1,2,80,11,3,0,0,0,1,9_8,3_4
2,1,2,53,8,3,0,0,0,0,0_0,3_2
2,2,1,50,8,2,0,0,0,0,0_0,1_7
2,1,2,80,11,2,0,0,0,0,0_0,2_7
1,1,2,64,9,2,0,0,0,1,6_9,1_2
2,1,2,60,9,2,0,0,0,0,0_0,3_3
1,1,2,86,11,2,0,0,0,0,0_0,2_4
2,2,2,58,9,3,0,0,0,1,0_0,3_4
2,2,2,37,7,3,0,0,0,0,0_0,1_3
1,1,1,29,6,3,0,0,0,0,0_0,2_6
1,1,1,77,11,2,0,0,0,0,0_0,1_8
2,3,2,93,11,2,0,0,0,0,0_0,1_5
1,1,2,55,8,3,0,0,0,1,9_9,1_4
2,1,2,62,9,2,0,0,0,1,0_0,1_10
2,2,1,66,10,3,0,0,0,0,0_0,1_10
2,1,1,46,8,3,0,0,0,0,0_0,2_4
1,2,2,62,9,3,0,0,0,0,0_0,1_10
1,1,1,76,11,3,0,0,0,0,0_0,3_7
1,1,1,42,7,3,0,0,0,1,10_2,1_9
1,1,2,76,11,2,0,0,0,1,5_3,2_10
2,1,2,9,2,3,0,0,0,0,0_0,1_7
3,1,2,25,5,3,0,0,0,0,0_0,1_8
1,1,2,15,3,3,0,0,0,0,0_0,1_10
2,1,2,59,9,2,0,0,0,0,0_0,1_10
2,2,1,32,6,2,0,0,0,0,0_0,1_4
1,1,2,85,11,2,0,0,0,1,5_1,1_10
1,1,1,12,3,2,0,0,0,1,9_9,1_4
2,2,1,37,7,3,0,0,0,0,0_0,1_10
2,1,1,25,5,3,0,0,0,0,0_0,3_7
1,2,2,26,6,3,0,0,0,0,0_0,1_4
1,1,1,52,8,3,0,0,0,0,0_0,1_8
2,2,1,18,4,3,0,0,0,0,0_0,1_1
1,1,2,29,6,1,0,0,0,0,0_0,3_7
2,1,2,40,7,3,0,0,0,0,0_0,1_8
1,1,2,66,10,2,0,0,0,1,4_3,1_1
1,1,2,70,10,2,0,0,0,1,6_9,1_3
1,1,1,31,6,3,0,0,0,1,6_9,1_6
1,1,1,3,1,3,0,0,0,1,4_1,1_4
2,2,1,60,9,2,0,0,0,0,0_0,1_7
2,1,1,24,5,2,0,0,0,0,0_0,2_6
1,1,1,54,8,2,0,0,0,0,0_0,1_8
1,1,2,71,10,3,0,0,0,1,5_1,1_4
1,1,2,90,11,3,0,0,0,0,0_0,3_10
2,2,1,49,8,3,0,0,0,0,0_0,3_6
1,1,1,41,7,3,0,0,0,1,5_4,1_6
2,2,1,84,11,3,0,0,0,0,0_0,1_9
1,1,1,17,4,2,0,0,0,1,1_3,1_8
3,1,2,18,4,3,0,0,0,0,0_0,3_8
1,1,1,75,10,3,0,0,0,1,8_8,1_6
1,1,1,24,5,3,0,0,0,1,10_9,3_4
1,1,1,90,11,2,0,0,0,0,0_0,3_8
2,2,2,60,9,3,0,0,0,0,0_0,1_2
2,1,2,32,6,3,0,0,0,0,0_0,2_10
1,1,1,55,8,2,0,0,0,1,9_9,3_4
1,1,2,27,6,2,0,0,0,1,9_8,1_3
1,2,2,51,8,2,0,0,0,1,9_8,3_5
3,1,2,43,7,3,0,0,0,0,0_0,2_3
2,1,2,76,11,3,0,0,0,0,0_0,1_6
2,1,2,72,10,2,0,0,0,0,0_0,1_9
2,2,1,53,8,2,0,0,0,0,0_0,1_6
1,1,2,37,7,2,0,0,0,0,0_0,2_6
2,3,1,45,7,3,0,0,0,0,0_0,3_7
2,3,1,24,5,3,0,0,0,0,0_0,1_1
1,1,1,67,10,2,0,0,0,1,5_1,1_2
1,1,1,12,3,2,0,0,0,1,0_0,1_4
1,2,1,15,3,3,0,0,0,0,0_0,3_6
2,1,1,29,6,2,0,0,0,0,0_0,3_6
1,1,2,5,1,2,0,0,0,1,10_5,1_7
2,2,2,61,9,3,0,0,0,0,0_0,1_7
1,1,1,32,6,2,0,0,0,0,0_0,1_7
1,1,2,22,5,3,0,0,0,1,0_0,1_4
1,2,1,27,6,3,0,0,0,0,0_0,1_10
1,1,2,14,3,2,0,0,0,1,5_1,1_1
2,1,1,59,9,3,0,0,0,0,0_0,2_4
1,1,2,21,5,3,0,0,0,0,0_0,3_7
1,2,1,58,9,3,0,0,0,0,0_0,3_6
1,1,2,50,8,3,0,0,0,0,0_0,3_4
1,1,1,26,6,3,0,0,0,1,8_1,1_2
1,1,1,50,8,2,0,0,0,0,0_0,2_9
2,1,1,30,6,3,0,0,0,0,0_0,3_4
1,1,2,55,8,3,0,0,0,1,5_1,2_4
1,1,1,66,10,3,0,0,0,0,0_0,3_5
1,3,1,39,7,3,0,0,0,0,0_0,1_1
2,2,2,41,7,3,0,0,0,0,0_0,2_9
3,1,2,54,8,3,0,0,0,0,0_0,3_8
2,1,1,50,8,3,0,0,0,0,0_0,3_4
1,1,2,30,6,2,0,0,0,0,0_0,3_3
1,1,1,28,6,1,0,0,0,0,0_0,3_6
1,1,1,34,6,3,0,0,0,0,0_0,3_5
2,2,2,52,8,3,0,0,0,0,0_0,1_8
1,1,1,14,3,3,0,0,0,1,4_1,1_10
2,1,2,21,5,2,0,0,0,0,0_0,1_2
3,1,2,29,6,3,0,0,0,0,0_0,2_3
1,1,1,62,9,3,0,0,0,1,5_1,1_4
1,1,2,37,7,3,0,0,0,0,0_0,2_7
1,1,2,70,10,3,0,0,0,0,0_0,3_8
2,2,2,53,8,3,0,0,0,0,0_0,2_6
1,1,1,8,2,3,0,0,0,1,5_4,1_2
1,1,2,55,8,3,0,0,0,0,0_0,1_-1
1,1,1,26,6,3,0,0,0,0,0_0,3_-1
1,1,1,16,4,2,0,0,0,0,0_0,3_9
1,1,1,40,7,3,0,0,0,1,4_1,1_6
1,1,2,37,7,3,0,0,0,0,0_0,1_8
1,1,1,84,11,3,0,0,0,0,0_0,1_8
2,2,1,41,7,3,0,0,0,1,6_9,1_2
2,2,2,22,5,3,0,0,0,0,0_0,1_10
3,3,2,33,6,2,0,0,0,0,0_0,1_9
1,1,2,23,5,2,0,0,0,1,1_1,1_2
1,1,1,80,11,1,0,0,0,0,0_0,3_8
2,1,2,74,10,2,0,0,0,0,0_0,1_8
2,1,2,62,9,3,0,0,0,0,0_0,2_8
1,3,1,84,11,3,0,0,0,0,0_0,3_8
1,1,2,41,7,3,0,0,0,1,10_1,3_7
1,1,2,25,5,2,0,0,0,1,5_3,1_5
1,1,1,51,8,3,0,0,0,1,6_8,3_6
1,2,1,20,4,2,0,0,0,0,0_0,-1_-1
2,2,2,23,5,3,0,0,0,0,0_0,1_10
2,1,1,71,10,3,0,0,0,0,0_0,3_3
2,2,2,67,10,3,0,0,0,0,0_0,1_1
2,1,2,58,9,3,0,0,0,0,0_0,3_6
1,1,1,56,9,3,0,0,0,0,0_0,3_3
1,1,1,12,3,2,0,0,0,1,5_1,1_9
2,1,2,53,8,3,0,0,0,0,0_0,3_5
1,1,2,58,9,3,0,0,0,0,0_0,2_7
2,3,1,44,7,3,0,0,0,0,0_0,1_3
1,1,1,36,7,3,0,0,0,1,6_9,3_7
1,3,1,43,7,3,0,0,0,0,0_0,-1_-1
2,2,2,40,7,3,0,0,0,0,0_0,1_9
3,1,2,19,4,3,0,0,0,0,0_0,2_9
1,1,2,57,9,2,0,0,0,0,0_0,1_4
2,3,1,43,7,3,0,0,0,0,0_0,1_1
1,1,1,47,8,3,0,0,0,1,5_1,1_4
2,1,1,72,10,3,0,0,0,0,0_0,1_4
2,1,1,76,11,3,0,0,0,0,0_0,1_7
2,1,1,12,3,2,0,0,0,0,0_0,1_2
2,1,1,39,7,2,0,0,0,0,0_0,3_5
1,1,1,34,6,3,0,0,0,0,0_0,3_9
2,1,2,70,10,3,0,0,0,0,0_0,1_8
2,1,2,17,4,3,0,0,0,0,0_0,1_4
2,2,1,39,7,3,0,0,0,0,0_0,2_2
1,1,1,36,7,3,0,0,0,1,6_9,1_9
1,1,1,27,6,3,0,0,0,0,0_0,3_7
3,2,1,32,6,3,0,0,0,1,0_0,1_5
2,2,1,43,7,3,0,0,0,0,0_0,3_10
1,1,1,12,3,3,0,0,0,1,9_9,1_3
1,1,1,58,9,3,0,0,0,1,9_5,1_5
2,1,2,84,11,3,0,0,0,0,0_0,1_8
2,1,1,41,7,3,0,0,0,0,0_0,2_6
2,1,1,44,7,2,0,0,0,0,0_0,2_9
2,1,1,17,4,3,0,0,0,0,0_0,2_9
1,1,2,66,10,2,0,0,0,0,0_0,3_4
2,1,2,36,7,3,0,0,0,0,0_0,2_6
1,1,2,28,6,3,0,0,0,0,0_0,2_5
2,1,2,73,10,3,0,0,0,0,0_0,3_5
2,1,1,58,9,3,0,0,0,0,0_0,3_5
2,1,1,82,11,2,0,0,0,0,0_0,3_3
1,1,1,3,1,2,0,0,0,1,10_9,1_5
1,1,1,12,3,2,0,0,0,1,8_3,1_7
1,1,2,35,6,3,0,0,0,0,0_0,3_6
1,2,1,35,6,3,0,0,0,0,0_0,3_9
2,1,1,12,3,3,0,0,0,0,0_0,2_7
2,1,2,21,5,2,0,0,0,0,0_0,1_3
2,1,2,19,4,2,0,0,0,0,0_0,2_3
1,1,2,64,9,3,0,0,0,0,0_0,2_3
2,1,2,17,4,2,0,0,0,0,0_0,1_6
1,2,2,14,3,3,0,0,0,1,10_3,3_6
1,1,2,77,11,3,0,0,0,0,0_0,3_4
1,1,1,74,10,2,0,0,0,0,0_0,3_6
1,1,1,40,7,1,0,0,0,0,0_0,3_10
1,2,1,33,6,3,0,0,0,0,0_0,3_6
2,3,1,31,6,3,0,0,0,0,0_0,1_7
1,1,2,37,7,3,0,0,0,1,6_9,3_5
2,2,2,25,5,3,0,0,0,0,0_0,2_7
2,2,1,26,6,3,0,0,0,0,0_0,1_9
1,1,2,54,8,3,0,0,0,1,6_1,1_4
1,1,1,80,11,3,0,0,0,0,0_0,3_6
2,2,2,66,10,3,0,0,0,0,0_0,3_6
3,3,2,23,5,3,0,0,0,0,0_0,3_7
3,1,2,42,7,3,0,0,0,0,0_0,1_5
2,1,2,64,9,3,0,0,0,0,0_0,1_4
2,2,1,22,5,3,0,0,0,1,0_0,1_7
2,1,2,26,6,2,0,0,0,0,0_0,1_3
1,1,1,19,4,3,0,0,0,1,5_3,1_6
2,2,2,24,5,3,0,0,0,0,0_0,1_8
2,2,1,18,4,3,0,0,0,1,0_0,1_4
2,3,1,44,7,3,0,0,0,0,0_0,1_5
2,1,1,27,6,3,0,0,0,0,0_0,3_7
2,2,1,78,11,3,0,0,0,0,0_0,1_8
3,3,1,40,7,2,0,0,0,0,0_0,1_8
2,2,1,56,9,3,0,0,0,0,0_0,1_4
1,1,2,70,10,3,0,0,0,0,0_0,1_5
2,1,1,13,3,2,0,0,0,0,0_0,1_7
2,1,1,26,6,3,0,0,0,0,0_0,3_5
1,1,1,86,11,2,0,0,0,1,1_3,2_6
1,1,2,47,8,3,0,0,0,0,0_0,3_3
1,1,2,77,11,3,0,0,0,0,0_0,3_5
2,1,2,70,10,3,0,0,0,0,0_0,1_4
1,2,1,33,6,3,0,0,0,0,0_0,1_4
1,1,1,11,3,3,0,0,0,1,6_9,1_9
1,1,2,43,7,3,0,0,0,0,0_0,3_9
2,1,2,28,6,3,0,0,0,0,0_0,3_6
1,1,1,11,3,3,0,0,0,1,1_1,1_2
1,1,1,50,8,2,0,0,0,0,0_0,3_5
2,1,2,53,8,2,0,0,0,0,0_0,2_3
1,1,2,21,5,3,0,0,0,1,0_0,1_8
1,1,1,55,8,2,0,0,0,0,0_0,1_7
1,1,2,23,5,2,0,0,0,0,0_0,1_8
2,1,1,53,8,2,0,0,0,0,0_0,3_6
1,2,1,78,11,3,0,0,0,0,0_0,3_4
2,1,1,62,9,1,0,0,0,0,0_0,3_5
2,2,1,42,7,3,0,0,0,0,0_0,2_3
1,1,1,44,7,2,0,0,0,1,10_9,3_6
1,1,1,78,11,3,0,0,0,0,0_0,3_4
1,1,2,45,7,2,0,0,0,1,9_9,2_8
1,2,2,56,9,3,0,0,0,0,0_0,1_4
3,1,1,76,11,3,0,0,0,0,0_0,1_6
2,2,1,39,7,3,0,0,0,0,0_0,1_3
1,1,1,33,6,3,0,0,0,1,5_3,1_4
1,1,2,51,8,2,0,0,0,0,0_0,1_5
1,1,1,47,8,3,0,0,0,1,5_1,1_8
2,2,2,20,4,3,0,0,0,0,0_0,1_7
2,2,1,68,10,3,0,0,0,0,0_0,1_10
1,1,1,81,11,2,0,0,0,0,0_0,2_9
2,2,1,28,6,2,0,0,0,0,0_0,1_6
3,2,1,60,9,3,0,0,0,0,0_0,1_10
1,1,1,41,7,3,0,0,0,0,0_0,3_10
1,1,1,6,2,3,0,0,0,1,10_1,2_6
1,1,1,14,3,2,0,0,0,0,0_0,1_3
1,1,1,12,3,3,0,0,0,0,0_0,1_10
1,1,1,9,2,3,0,0,0,1,9_9,1_4
1,1,1,36,7,2,0,0,0,1,9_5,-1_-1
1,2,2,51,8,3,0,0,0,0,0_0,2_6
1,1,1,29,6,3,0,0,0,1,10_1,2_4
1,1,1,19,4,3,0,0,0,0,0_0,2_5
1,1,2,32,6,3,0,0,0,0,0_0,3_4
2,1,1,51,8,3,0,0,0,0,0_0,3_4
1,1,1,41,7,2,0,0,0,0,0_0,3_9
1,1,1,56,9,2,0,0,0,1,0_0,1_8
2,1,1,46,8,3,0,0,0,0,0_0,3_3
1,1,2,67,10,3,0,0,0,0,0_0,1_6
1,1,2,42,7,3,0,0,0,0,0_0,3_4
2,1,1,82,11,3,0,0,0,0,0_0,2_5
1,2,1,30,6,3,0,0,0,0,0_0,1_6
1,2,1,46,8,2,0,0,0,0,0_0,3_2
2,1,1,76,11,2,0,0,0,0,0_0,3_4
2,1,2,22,5,3,0,0,0,1,0_0,1_4
1,1,2,15,3,3,0,0,0,1,5_1,2_7
2,2,2,32,6,3,0,0,0,0,0_0,2_4
1,1,1,14,3,3,0,0,0,1,8_1,1_3
1,1,2,34,6,2,0,0,0,1,9_8,-1_-1
2,3,1,27,6,3,0,0,0,0,0_0,1_3
1,1,1,46,8,3,0,0,0,0,0_0,2_6
1,1,2,52,8,3,0,0,0,0,0_0,3_3
2,1,2,47,8,3,0,0,0,0,0_0,3_3
2,1,2,36,7,3,0,0,0,0,0_0,2_3
1,2,2,57,9,3,0,0,0,0,0_0,1_7
3,2,2,26,6,3,0,0,0,0,0_0,3_4
1,1,1,48,8,2,0,0,0,0,0_0,3_7
1,2,2,40,7,2,0,0,0,1,0_0,3_7
3,1,2,59,9,2,0,0,0,0,0_0,2_10
1,1,2,73,10,3,0,0,0,0,0_0,2_8
1,1,2,81,11,3,0,0,0,1,10_9,1_5
3,3,2,54,8,3,0,0,0,0,0_0,1_9
1,1,2,87,11,3,0,0,0,0,0_0,2_8
2,2,1,28,6,2,0,0,0,0,0_0,3_10
1,1,2,24,5,3,0,0,0,0,0_0,3_8
2,1,2,74,10,3,0,0,0,0,0_0,3_10
1,1,2,23,5,2,0,0,0,0,0_0,3_6
2,1,1,21,5,3,0,0,0,0,0_0,3_6
1,1,1,46,8,2,0,0,0,1,5_1,1_2
1,1,1,21,5,3,0,0,0,1,5_3,1_5
2,1,1,11,3,3,0,0,0,0,0_0,1_9
1,1,1,54,8,2,0,0,0,0,0_0,2_4
2,2,1,41,7,2,0,0,0,0,0_0,2_7
1,1,1,45,7,1,0,0,0,0,0_0,3_4
1,1,1,60,9,2,0,0,0,1,9_8,1_1
2,2,2,51,8,3,0,0,0,1,0_0,1_5
2,3,2,17,4,3,0,0,0,1,0_0,2_8
2,2,1,53,8,2,0,0,0,0,0_0,1_5
1,1,1,42,7,2,0,0,0,1,9_9,1_2
1,1,1,68,10,3,0,0,0,0,0_0,1_6
1,1,1,80,11,3,0,0,0,0,0_0,3_10
2,2,1,77,11,3,0,0,0,0,0_0,3_5
2,1,2,71,10,3,0,0,0,0,0_0,1_6
3,2,1,55,8,3,0,0,0,0,0_0,2_10
2,1,1,23,5,3,0,0,0,0,0_0,2_6
2,1,2,33,6,2,0,0,0,0,0_0,1_3
1,2,2,40,7,3,0,0,0,1,6_9,1_5
1,1,2,45,7,3,0,0,0,0,0_0,3_8
1,1,2,64,9,3,0,0,0,0,0_0,3_5
2,2,2,55,8,3,0,0,0,0,0_0,3_5
1,1,2,54,8,3,0,0,0,1,10_3,1_10
1,1,1,82,11,3,0,0,0,0,0_0,2_3
1,1,2,75,10,3,0,0,0,1,9_9,2_6
1,1,2,21,5,2,0,0,0,0,0_0,3_6
2,1,2,28,6,3,0,0,0,0,0_0,3_4
1,1,1,4,1,2,0,0,0,1,6_9,1_4
1,2,1,28,6,3,0,0,0,0,0_0,1_4
2,1,2,37,7,3,0,0,0,1,0_0,1_2
2,1,2,66,10,3,0,0,0,0,0_0,3_5
2,2,2,57,9,3,0,0,0,0,0_0,1_5
1,1,1,23,5,2,0,0,0,1,6_9,1_3
1,2,1,67,10,3,0,0,0,1,5_3,1_6
2,1,1,58,9,3,0,0,0,0,0_0,2_7
1,2,2,43,7,3,0,0,0,0,0_0,3_8
1,1,2,36,7,3,0,0,0,0,0_0,3_6
1,1,2,22,5,3,0,0,0,1,5_9,1_2
1,1,1,25,5,3,0,0,0,1,6_9,1_6
1,1,2,89,11,2,0,0,0,0,0_0,3_4
1,1,2,30,6,3,0,0,0,1,9_9,3_7
2,1,1,21,5,3,0,0,0,0,0_0,3_3
1,2,2,41,7,2,0,0,0,0,0_0,3_7
2,3,1,78,11,3,0,0,0,0,0_0,3_5
3,1,1,74,10,3,0,0,0,0,0_0,3_6
1,1,1,59,9,2,0,0,0,0,0_0,1_9
1,1,2,16,4,3,0,0,0,1,8_1,1_8
1,1,2,48,8,2,0,0,0,0,0_0,1_9
1,3,2,62,9,3,0,0,0,0,0_0,1_5
2,1,2,75,10,2,0,0,0,0,0_0,3_6
2,1,2,74,10,3,0,0,0,0,0_0,1_7
1,1,1,14,3,2,0,0,0,1,1_1,1_10
1,1,2,53,8,3,0,0,0,0,0_0,3_8
1,1,2,68,10,2,0,0,0,0,0_0,2_10
1,1,1,69,10,2,0,0,0,0,0_0,1_10
1,1,1,80,11,3,0,0,0,0,0_0,1_10
1,2,1,37,7,2,0,0,0,1,6_9,1_8
1,1,1,52,8,3,0,0,0,0,0_0,3_8
2,2,1,44,7,3,0,0,0,0,0_0,1_5
2,1,1,36,7,2,0,0,0,0,0_0,3_6
1,1,2,36,7,3,0,0,0,1,10_9,1_7
2,1,1,25,5,2,0,0,0,0,0_0,2_8
1,2,1,19,4,2,0,0,0,0,0_0,1_5
2,1,1,18,4,2,0,0,0,0,0_0,2_4
2,1,1,26,6,2,0,0,0,0,0_0,1_10
1,2,1,51,8,3,0,0,0,1,0_0,1_4
2,1,2,20,4,3,0,0,0,0,0_0,3_4
2,1,1,18,4,2,0,0,0,0,0_0,3_5
3,2,1,23,5,3,0,0,0,0,0_0,1_1
1,2,2,32,6,3,0,0,0,1,9_9,1_3
1,3,2,13,3,3,0,0,0,1,9_9,1_9
1,1,2,55,8,3,0,0,0,0,0_0,3_4
1,1,1,53,8,2,0,0,0,0,0_0,2_5
1,1,2,41,7,3,0,0,0,0,0_0,3_3
2,2,2,59,9,3,0,0,0,0,0_0,3_5
1,1,2,44,7,2,0,0,0,0,0_0,2_6
1,1,1,23,5,3,0,0,0,0,0_0,3_4
1,3,1,19,4,3,0,0,0,1,0_0,3_4
2,2,1,55,8,3,0,0,0,0,0_0,3_4
1,1,1,56,9,2,0,0,0,1,5_3,1_3
1,1,1,52,8,2,0,0,0,0,0_0,3_4
1,1,2,65,9,3,0,0,0,0,0_0,2_4
2,2,1,40,7,3,0,0,0,0,0_0,3_5
2,1,1,48,8,3,0,0,0,0,0_0,3_8
2,1,1,23,5,3,0,0,0,0,0_0,2_9
2,1,1,12,3,3,0,0,0,1,0_0,3_8
2,2,1,46,8,2,0,0,0,0,0_0,3_8
2,1,2,35,6,3,0,0,0,0,0_0,3_4
2,1,1,54,8,3,0,0,0,0,0_0,3_10
2,2,1,22,5,2,0,0,0,0,0_0,1_6
1,1,1,67,10,2,0,0,0,0,0_0,1_2
1,1,2,66,10,3,0,0,0,0,0_0,2_6
2,1,1,51,8,2,0,0,0,0,0_0,1_4
1,1,2,70,10,2,0,0,0,1,1_1,1_3
1,1,2,67,10,3,0,0,0,0,0_0,1_7
1,1,1,29,6,2,0,0,0,0,0_0,2_4
2,1,1,41,7,3,0,0,0,0,0_0,3_5
1,1,2,14,3,3,0,0,0,1,5_9,1_8
2,1,2,56,9,3,0,0,0,0,0_0,1_1
1,1,1,49,8,3,0,0,0,0,0_0,3_6
2,1,1,38,7,3,0,0,0,0,0_0,3_6
2,1,1,22,5,3,0,0,0,0,0_0,2_10
2,1,1,37,7,3,0,0,0,0,0_0,2_10
1,1,2,32,6,2,0,0,0,0,0_0,1_7
1,1,1,60,9,2,0,0,0,0,0_0,1_10
1,1,1,23,5,3,0,0,0,1,10_9,1_9
1,1,1,73,10,2,0,0,0,0,0_0,1_10
3,3,1,42,7,3,0,0,0,0,0_0,1_10
2,2,2,47,8,3,0,0,0,0,0_0,2_9
1,1,1,71,10,2,0,0,0,0,0_0,3_6
2,2,1,71,10,3,0,0,0,0,0_0,3_6
2,1,1,39,7,3,0,0,0,0,0_0,2_5
1,1,1,16,4,3,0,0,0,0,0_0,2_3
2,2,1,53,8,3,0,0,0,0,0_0,2_7
1,1,1,69,10,3,0,0,0,0,0_0,3_7
2,3,1,36,7,3,0,0,0,1,0_0,1_3
1,1,2,68,10,3,0,0,0,1,10_9,1_1
1,1,2,64,9,2,0,0,0,0,0_0,-1_-1
2,2,1,18,4,3,0,0,0,0,0_0,3_9
1,1,1,67,10,2,0,0,0,0,0_0,2_10
2,1,2,39,7,2,0,0,0,0,0_0,1_10
2,1,1,38,7,3,0,0,0,0,0_0,2_10
1,1,2,57,9,3,0,0,0,0,0_0,1_9
1,1,2,49,8,3,0,0,0,1,10_9,2_5
1,1,1,16,4,3,0,0,0,0,0_0,2_7
1,1,2,52,8,3,0,0,0,0,0_0,2_10
2,2,2,18,4,3,0,0,0,0,0_0,1_5
2,1,2,39,7,3,0,0,0,0,0_0,3_8
1,1,1,57,9,3,0,0,0,1,6_9,1_4
1,1,1,10,2,3,0,0,0,1,4_1,1_6
2,1,2,74,10,3,0,0,0,0,0_0,2_9
2,3,1,55,8,2,0,0,0,0,0_0,3_-1
3,2,1,75,10,3,0,0,0,0,0_0,2_6
2,1,2,44,7,3,0,0,0,0,0_0,1_6
1,1,2,75,10,3,0,0,0,0,0_0,1_7
2,2,2,40,7,3,0,0,0,0,0_0,1_5
2,1,1,45,7,2,0,0,0,0,0_0,3_9
2,2,2,28,6,3,0,0,0,0,0_0,1_3
2,2,1,28,6,2,0,0,0,0,0_0,1_10
1,1,1,48,8,2,0,0,0,0,0_0,3_5
1,1,1,31,6,3,0,0,0,1,9_5,2_8
2,1,1,22,5,3,0,0,0,0,0_0,2_3
2,1,2,35,6,3,0,0,0,0,0_0,3_1
1,1,1,39,7,2,0,0,0,0,0_0,1_9
1,1,1,12,3,3,0,0,0,1,5_1,1_7
2,1,2,33,6,2,0,0,0,0,0_0,3_9
1,1,1,13,3,3,0,0,0,1,8_4,1_4
1,1,2,27,6,1,0,0,0,0,0_0,3_7
1,1,2,71,10,3,0,0,0,1,5_1,1_6
1,1,2,48,8,3,0,0,0,1,6_9,1_3
1,1,1,16,4,2,0,0,0,0,0_0,2_3
1,1,2,76,11,3,0,0,0,0,0_0,1_3
2,2,2,74,10,3,0,0,0,0,0_0,3_5
1,1,1,62,9,2,0,0,0,1,8_3,1_8
3,3,1,52,8,3,0,0,0,0,0_0,1_4
1,1,2,15,3,3,0,0,0,1,1_4,1_8
1,2,2,13,3,3,0,0,0,1,1_4,1_3
1,1,2,66,10,3,0,0,0,1,5_3,1_8
1,1,1,12,3,3,0,0,0,1,4_2,1_3
2,2,1,27,6,2,0,0,0,0,0_0,1_5
3,1,2,37,7,3,0,0,0,0,0_0,1_2
2,1,2,57,9,3,0,0,0,0,0_0,3_7
1,1,1,29,6,3,0,0,0,1,10_9,1_6
1,1,1,56,9,3,0,0,0,0,0_0,3_9
1,1,1,49,8,3,0,0,0,1,1_1,2_7
1,1,1,60,9,3,0,0,0,1,10_9,1_1
1,1,1,68,10,3,0,0,0,1,10_9,1_3
2,1,2,61,9,3,0,0,0,0,0_0,3_8
1,1,2,23,5,3,0,0,0,1,5_9,1_9
1,1,1,26,6,3,0,0,0,1,5_1,1_7
1,1,1,34,6,3,0,0,0,1,5_1,3_7
1,1,1,78,11,3,0,0,0,1,6_9,1_8
1,1,1,63,9,2,0,0,0,0,0_0,3_9
2,1,1,70,10,2,0,0,0,0,0_0,3_9
1,1,1,35,6,1,0,0,0,0,0_0,1_8
1,2,1,31,6,1,0,0,0,1,0_0,1_9
1,1,1,18,4,2,0,0,0,0,0_0,3_8
2,1,2,68,10,3,0,0,0,0,0_0,3_7
2,1,1,38,7,3,0,0,0,0,0_0,2_7
1,1,2,27,6,3,0,0,0,1,9_9,1_2
2,2,1,78,11,2,0,0,0,0,0_0,1_4
2,2,1,41,7,3,0,0,0,0,0_0,1_9
2,2,1,40,7,2,0,0,0,0,0_0,1_9
2,2,1,54,8,3,0,0,0,0,0_0,-1_-1
1,1,2,82,11,3,0,0,0,1,9_5,3_10
1,2,1,14,3,3,0,0,0,1,0_0,1_9
1,1,1,12,3,3,0,0,0,1,5_1,2_3
1,1,2,83,11,3,0,0,0,0,0_0,2_4
2,1,1,37,7,3,0,0,0,0,0_0,3_10
1,3,2,31,6,3,0,0,0,0,0_0,1_6
1,1,2,68,10,3,0,0,0,1,1_1,1_6
1,1,1,32,6,3,0,0,0,0,0_0,2_5
2,2,2,12,3,3,0,0,0,1,0_0,3_3
1,1,2,60,9,3,0,0,0,0,0_0,3_9
1,1,1,26,6,3,0,0,0,0,0_0,2_7
1,1,1,23,5,2,0,0,0,0,0_0,3_6
1,1,2,62,9,3,0,0,0,1,6_9,2_9
1,1,1,4,1,2,0,0,0,1,10_1,1_8
2,2,1,66,10,3,0,0,0,0,0_0,2_5
2,1,2,68,10,3,0,0,0,0,0_0,1_7
1,1,2,21,5,3,0,0,0,1,5_3,1_3
1,1,1,19,4,2,0,0,0,1,5_3,3_8
1,1,2,37,7,3,0,0,0,1,5_1,1_1
1,1,1,93,11,3,0,0,0,0,0_0,1_10
2,2,1,32,6,3,0,0,0,0,0_0,2_5
2,1,1,53,8,2,0,0,0,0,0_0,2_3
3,2,2,63,9,3,0,0,0,0,0_0,3_7
3,2,1,26,6,3,0,0,0,0,0_0,1_7
2,1,2,22,5,3,0,0,0,0,0_0,1_5
1,2,2,82,11,3,0,0,0,0,0_0,1_5
2,1,2,34,6,2,0,0,0,0,0_0,1_9
1,2,2,66,10,3,0,0,0,0,0_0,2_7
1,1,2,44,7,2,0,0,0,0,0_0,2_8
1,1,1,27,6,3,0,0,0,1,9_5,1_6
2,1,2,42,7,3,0,0,0,0,0_0,-1_-1
2,3,1,19,4,3,0,0,0,0,0_0,3_8
1,1,2,51,8,2,0,0,0,0,0_0,2_2
1,1,2,56,9,3,0,0,0,1,9_8,3_7
3,3,2,42,7,3,0,0,0,0,0_0,-1_-1
1,1,1,58,9,3,0,0,0,1,6_9,1_10
3,3,1,63,9,3,0,0,0,0,0_0,1_7
2,3,1,63,9,3,0,0,0,0,0_0,3_7
2,1,2,42,7,3,0,0,0,1,0_0,1_3
2,1,2,59,9,3,0,0,0,0,0_0,2_3
1,1,2,19,4,3,0,0,0,0,0_0,3_8
1,1,1,26,6,2,0,0,0,1,5_1,1_5
1,2,1,32,6,3,0,0,0,1,5_1,1_5
1,1,1,9,2,3,0,0,0,1,5_1,2_6
1,1,2,90,11,3,0,0,0,0,0_0,3_7
1,1,1,42,7,3,0,0,0,1,0_0,-1_-1
1,1,1,79,11,3,0,0,0,0,0_0,3_5
2,3,1,31,6,3,0,0,0,0,0_0,3_7
1,1,2,42,7,2,0,0,0,0,0_0,3_6
3,2,1,39,7,3,0,0,0,0,0_0,1_8
1,1,1,19,4,3,0,0,0,1,9_5,1_8
2,2,2,37,7,3,0,0,0,0,0_0,1_10
1,2,1,18,4,3,0,0,0,0,0_0,2_6
1,1,1,4,1,3,0,0,0,1,9_5,2_6
2,2,1,68,10,2,0,0,0,0,0_0,1_10
1,1,1,28,6,3,0,0,0,1,6_9,1_7
1,1,2,21,5,2,0,0,0,0,0_0,2_7
3,3,1,51,8,3,0,0,0,0,0_0,3_5
1,1,1,59,9,2,0,0,0,0,0_0,3_6
1,1,2,67,10,3,0,0,0,1,5_1,1_2
2,1,2,63,9,3,0,0,0,0,0_0,1_10
2,2,1,17,4,3,0,0,0,1,0_0,1_4
2,1,2,35,6,1,0,0,0,0,0_0,1_2
1,1,2,15,3,2,0,0,0,1,1_3,1_10
2,1,1,20,4,3,0,0,0,0,0_0,3_9
1,1,1,19,4,2,0,0,0,0,0_0,2_2
3,2,1,74,10,3,0,0,0,0,0_0,1_9
2,1,1,54,8,2,0,0,0,0,0_0,2_5
3,2,1,64,9,3,0,0,0,0,0_0,3_7
2,1,1,51,8,3,0,0,0,0,0_0,3_6
3,1,1,36,7,3,0,0,0,0,0_0,1_2
2,1,2,54,8,3,0,0,0,0,0_0,3_6
1,1,2,39,7,3,0,0,0,0,0_0,2_1
2,1,2,21,5,3,0,0,0,0,0_0,-1_-1
2,1,1,25,5,3,0,0,0,0,0_0,2_3
2,1,1,21,5,3,0,0,0,0,0_0,3_1
1,1,2,10,2,3,0,0,0,1,5_1,1_4
2,1,2,25,5,3,0,0,0,0,0_0,2_5
1,1,1,61,9,2,0,0,0,1,6_9,3_8
2,1,1,50,8,3,0,0,0,0,0_0,2_3
3,2,2,25,5,3,0,0,0,0,0_0,2_2
2,1,1,74,10,1,0,0,0,0,0_0,1_10
3,2,1,57,9,3,0,0,0,0,0_0,1_9
1,1,1,17,4,2,0,0,0,1,5_1,1_8
1,1,2,20,4,2,0,0,0,1,5_2,1_7
1,1,1,13,3,3,0,0,0,1,5_1,2_6
1,1,1,3,1,2,0,0,0,1,6_9,1_1
2,2,2,52,8,3,0,0,0,0,0_0,3_6
2,1,1,17,4,3,0,0,0,0,0_0,1_8
2,1,1,19,4,2,0,0,0,0,0_0,1_8
1,1,1,49,8,1,0,0,0,0,0_0,-1_-1
1,1,1,15,3,3,0,0,0,1,5_1,-1_-1
1,1,2,41,7,3,0,0,0,1,9_9,-1_-1
1,1,1,86,11,1,0,0,0,1,4_3,-1_-1
2,2,1,62,9,3,0,0,0,0,0_0,-1_-1
1,1,2,79,11,3,0,0,0,1,5_3,-1_-1
1,1,1,36,7,2,0,0,0,0,0_0,-1_-1
2,1,2,50,8,3,0,0,0,1,0_0,3_5
1,1,1,20,4,3,0,0,0,1,6_8,1_5
2,1,1,13,3,3,0,0,0,0,0_0,2_8
1,1,2,46,8,3,0,0,0,1,5_1,2_7
2,1,2,56,9,3,0,0,0,0,0_0,3_4
2,2,2,28,6,2,0,0,0,0,0_0,3_4
1,2,1,88,11,3,0,0,0,0,0_0,3_3
1,1,1,49,8,2,0,0,0,0,0_0,2_6
2,1,1,56,9,2,0,0,0,0,0_0,2_4
1,1,2,92,11,3,0,0,0,0,0_0,3_7
2,2,2,34,6,2,0,0,0,0,0_0,1_3
3,1,1,55,8,3,0,0,0,0,0_0,-1_-1
3,3,1,55,8,3,0,0,0,0,0_0,1_9
1,2,2,46,8,3,0,0,0,0,0_0,1_2
1,1,1,33,6,2,0,0,0,0,0_0,2_4
1,1,1,4,1,2,0,0,0,1,5_1,3_7
1,1,2,15,3,2,0,0,0,0,0_0,1_7
1,1,2,74,10,3,0,0,0,1,5_1,1_2
1,1,1,86,11,3,0,0,0,0,0_0,1_8
2,1,2,47,8,3,0,0,0,0,0_0,1_10
1,1,2,24,5,3,0,0,0,0,0_0,2_10
2,2,1,57,9,3,0,0,0,0,0_0,1_5
1,1,2,37,7,2,0,0,0,1,8_7,1_2
1,2,2,21,5,2,0,0,0,0,0_0,1_9
2,1,2,59,9,2,0,0,0,0,0_0,3_4
3,3,1,54,8,3,0,0,0,0,0_0,1_3
1,1,2,19,4,3,0,0,0,0,0_0,3_9
2,2,2,57,9,3,0,0,0,0,0_0,3_7
1,2,2,62,9,3,0,0,0,0,0_0,1_2
2,1,1,17,4,2,0,0,0,0,0_0,1_10
1,1,1,47,8,3,0,0,0,0,0_0,3_6
2,1,1,45,7,2,0,0,0,0,0_0,1_8
1,1,2,94,11,3,0,0,0,1,5_1,1_3
1,1,1,12,3,3,0,0,0,0,0_0,3_6
2,1,1,46,8,2,0,0,0,0,0_0,2_9
1,3,2,43,7,3,0,0,0,0,0_0,3_9
2,2,1,35,6,3,0,0,0,0,0_0,2_9
3,1,1,42,7,3,0,0,0,0,0_0,1_10
1,1,1,24,5,1,0,0,0,1,9_8,1_6
1,1,1,89,11,2,0,0,0,1,10_3,1_10
1,1,2,75,10,2,0,0,0,0,0_0,1_8
2,1,1,27,6,3,0,0,0,0,0_0,2_10
2,1,1,35,6,3,0,0,0,0,0_0,2_8
1,1,2,39,7,3,0,0,0,1,5_3,3_9
1,2,1,18,4,2,0,0,0,1,0_0,-1_-1
3,2,2,53,8,3,0,0,0,0,0_0,3_8
1,1,2,15,3,3,0,0,0,1,6_9,1_6
1,1,1,73,10,2,0,0,0,1,5_9,2_9
1,1,2,23,5,3,0,0,0,1,10_9,2_9
2,1,1,36,7,2,0,0,0,0,0_0,2_8
2,2,2,60,9,3,0,0,0,0,0_0,1_7
1,1,2,61,9,2,0,0,0,0,0_0,2_10
1,1,1,8,2,3,0,0,0,1,1_3,2_8
2,1,2,47,8,3,0,0,0,0,0_0,3_7
2,1,1,66,10,3,0,0,0,0,0_0,2_10
2,1,1,12,3,3,0,0,0,0,0_0,2_3
1,1,1,36,7,3,0,0,0,0,0_0,2_7
1,1,1,22,5,3,0,0,0,1,9_9,1_6
1,1,1,74,10,3,0,0,0,0,0_0,3_4
3,1,2,50,8,3,0,0,0,0,0_0,1_10
2,1,1,65,9,3,0,0,0,0,0_0,2_10
1,1,1,39,7,3,0,0,0,0,0_0,2_6
1,1,1,41,7,3,0,0,0,1,8_7,1_3
1,1,1,23,5,2,0,0,0,0,0_0,1_5
1,3,2,21,5,2,0,0,0,1,0_0,1_5
1,1,2,31,6,3,0,0,0,1,1_1,1_1
1,1,1,33,6,3,0,0,0,1,6_9,2_3
1,1,2,58,9,2,0,0,0,1,5_3,1_7
1,1,1,41,7,1,0,0,0,0,0_0,1_9
2,2,2,60,9,3,0,0,0,0,0_0,1_6
1,1,1,13,3,3,0,0,0,0,0_0,2_5
1,1,1,55,8,3,0,0,0,1,10_9,1_1
2,2,2,17,4,3,0,0,0,0,0_0,1_4
1,1,1,67,10,3,0,0,0,1,1_1,1_1
1,1,2,60,9,3,0,0,0,1,8_4,2_3
2,2,1,45,7,3,0,0,0,0,0_0,1_10
2,3,1,9,2,3,0,0,0,1,0_0,1_2
1,1,2,24,5,3,0,0,0,0,0_0,2_1
2,2,1,43,7,3,0,0,0,0,0_0,3_9
2,2,2,37,7,3,0,0,0,0,0_0,1_1
1,1,2,20,4,2,0,0,0,0,0_0,3_4
1,1,1,70,10,3,0,0,0,1,9_5,1_9
2,2,2,59,9,3,0,0,0,0,0_0,1_4
2,2,1,27,6,2,0,0,0,0,0_0,1_3
2,2,2,39,7,3,0,0,0,0,0_0,1_3
1,1,2,17,4,3,0,0,0,0,0_0,3_8
1,1,1,39,7,3,0,0,0,1,9_5,1_6
2,1,2,41,7,2,0,0,0,0,0_0,3_6
1,1,2,26,6,2,0,0,0,0,0_0,3_3
2,1,2,37,7,3,0,0,0,0,0_0,3_9
1,1,2,48,8,3,0,0,0,1,6_9,3_3
1,1,1,27,6,3,0,0,0,0,0_0,2_5
1,1,1,79,11,3,0,0,0,0,0_0,3_6
3,1,2,54,8,3,0,0,0,0,0_0,1_8
1,1,1,87,11,2,0,0,0,1,5_1,1_8
1,1,1,23,5,3,0,0,0,1,0_0,1_7
1,1,1,24,5,3,0,0,0,1,6_9,1_1
1,1,2,60,9,3,0,0,0,0,0_0,1_-1
2,2,2,29,6,3,0,0,0,0,0_0,3_7
1,1,1,4,1,2,0,0,0,1,8_3,2_8
1,1,2,48,8,2,0,0,0,1,5_1,1_2
3,1,2,63,9,3,0,0,0,0,0_0,1_4
2,1,2,16,4,3,0,0,0,1,0_0,1_3
2,1,1,71,10,3,0,0,0,0,0_0,1_6
3,2,1,59,9,3,0,0,0,0,0_0,3_6
1,1,1,28,6,2,0,0,0,0,0_0,2_3
1,3,1,28,6,3,0,0,0,0,0_0,3_1
1,1,2,49,8,3,0,0,0,0,0_0,3_6
1,1,1,57,9,3,0,0,0,0,0_0,2_3
1,1,2,44,7,2,0,0,0,0,0_0,2_7
2,1,1,17,4,2,0,0,0,0,0_0,3_6
1,1,2,61,9,3,0,0,0,0,0_0,3_5
1,1,1,13,3,3,0,0,0,1,5_9,2_3
1,1,1,36,7,3,0,0,0,0,0_0,3_5
2,1,1,35,6,2,0,0,0,0,0_0,2_8
2,1,2,32,6,2,0,0,0,0,0_0,2_4
1,1,2,83,11,3,0,0,0,0,0_0,3_6
1,2,1,18,4,3,0,0,0,0,0_0,3_8
1,1,1,7,2,3,0,0,0,1,5_3,2_1
2,3,2,33,6,3,0,0,0,0,0_0,2_6
1,1,1,75,10,2,0,0,0,0,0_0,2_3
2,2,1,69,10,3,0,0,0,0,0_0,3_6
1,1,1,14,3,3,0,0,0,0,0_0,3_8
1,1,1,38,7,2,0,0,0,0,0_0,3_8
1,1,1,35,6,2,0,0,0,0,0_0,2_9
1,1,2,33,6,3,0,0,0,1,1_3,1_3
2,1,2,74,10,3,0,0,0,0,0_0,2_10
2,2,1,52,8,3,0,0,0,0,0_0,1_9
1,1,1,72,10,2,0,0,0,1,5_3,1_2
2,1,2,23,5,3,0,0,0,0,0_0,1_-1
2,1,1,19,4,2,0,0,0,0,0_0,1_7
1,1,1,65,9,3,0,0,0,1,9_5,3_6
1,1,1,47,8,1,0,0,0,1,1_1,-1_-1
1,1,2,91,11,3,0,0,0,0,0_0,1_10
1,1,1,56,9,2,0,0,0,0,0_0,3_5
1,1,1,25,5,2,0,0,0,0,0_0,2_10
2,2,1,83,11,3,0,0,0,0,0_0,2_7
1,1,1,39,7,3,0,0,0,1,1_3,2_7
1,1,2,24,5,2,0,0,0,0,0_0,3_9
1,1,1,88,11,3,0,0,0,0,0_0,3_8
2,2,1,32,6,3,0,0,0,0,0_0,3_5
1,2,2,63,9,2,0,0,0,0,0_0,2_9
2,1,1,66,10,3,0,0,0,0,0_0,2_6
1,2,1,68,10,3,0,0,0,0,0_0,-1_-1
1,1,1,61,9,2,0,0,0,1,5_3,2_8
2,1,2,56,9,2,0,0,0,0,0_0,1_5
1,1,1,63,9,2,0,0,0,0,0_0,1_5
1,1,1,52,8,3,0,0,0,1,0_0,1_2
1,2,1,32,6,2,0,0,0,1,0_0,1_2
1,1,2,26,6,3,0,0,0,1,5_1,1_9
1,1,2,15,3,3,0,0,0,1,5_3,1_3
1,1,2,26,6,2,0,0,0,0,0_0,3_9
3,2,1,55,8,3,0,0,0,1,0_0,1_1
1,3,1,37,7,3,0,0,0,0,0_0,2_8
2,1,2,19,4,2,0,0,0,0,0_0,2_2
1,1,1,74,10,2,0,0,0,1,4_2,1_9
2,2,1,51,8,3,0,0,0,0,0_0,3_7
3,1,2,33,6,3,0,0,0,0,0_0,1_8
3,2,2,25,5,3,0,0,0,0,0_0,3_6
1,1,1,20,4,3,0,0,0,0,0_0,2_5
2,1,1,25,5,3,0,0,0,0,0_0,2_8
2,1,1,34,6,2,0,0,0,0,0_0,1_9
1,1,1,32,6,3,0,0,0,1,9_9,1_9
1,1,1,23,5,2,0,0,0,0,0_0,2_4
2,1,1,49,8,3,0,0,0,0,0_0,3_9
1,1,1,20,4,1,0,0,0,0,0_0,-1_-1
2,2,2,29,6,2,0,0,0,0,0_0,3_8
2,1,2,18,4,3,0,0,0,0,0_0,-1_-1
1,1,2,64,9,3,0,0,0,1,6_9,3_6
1,1,1,36,7,2,0,0,0,0,0_0,2_5
2,1,1,49,8,3,0,0,0,0,0_0,3_10
1,1,1,60,9,3,0,0,0,1,8_3,-1_-1
1,1,1,22,5,3,0,0,0,1,6_9,-1_-1
1,2,2,4,1,3,0,0,0,1,6_9,-1_-1
2,1,1,40,7,1,0,0,0,0,0_0,-1_-1
1,1,1,12,3,2,0,0,0,1,1_1,-1_-1
1,1,1,71,10,2,0,0,0,0,0_0,1_8
1,1,1,7,2,2,0,0,0,1,1_3,1_4
1,1,1,49,8,2,0,0,0,0,0_0,2_5
2,3,1,24,5,3,0,0,0,0,0_0,1_2
1,1,1,26,6,3,0,0,0,1,6_9,1_7
1,1,1,28,6,3,0,0,0,1,1_1,1_1
2,1,1,63,9,3,0,0,0,0,0_0,2_8
1,1,2,38,7,3,0,0,0,1,10_9,1_2
1,1,1,27,6,3,0,0,0,1,1_1,-1_-1
1,2,1,24,5,2,0,0,0,1,1_3,-1_-1
1,1,1,33,6,2,0,0,0,1,5_1,-1_-1
1,1,2,53,8,2,0,0,0,1,9_8,-1_-1
1,1,2,11,3,3,0,0,0,1,0_0,2_10
1,1,1,49,8,2,0,0,0,0,0_0,1_7
1,1,2,68,10,3,0,0,0,0,0_0,3_6
1,1,2,81,11,1,0,0,0,1,5_3,1_8
1,1,1,74,10,2,0,0,0,1,8_8,1_9
1,1,1,11,3,3,0,0,0,1,4_3,1_6
1,1,2,33,6,3,0,0,0,0,0_0,3_3
3,3,1,53,8,3,0,0,0,0,0_0,1_3
1,1,1,15,3,2,0,0,0,1,6_8,3_6
2,3,1,58,9,3,0,0,0,0,0_0,1_3
3,2,2,24,5,3,0,0,0,0,0_0,3_9
1,1,1,20,4,2,0,0,0,1,5_3,1_4
1,2,1,26,6,3,0,0,0,0,0_0,3_3
1,1,1,19,4,2,0,0,0,0,0_0,1_5
1,2,1,21,5,3,0,0,0,1,0_0,1_3
1,1,2,51,8,2,0,0,0,0,0_0,1_1
1,1,1,42,7,3,0,0,0,0,0_0,2_5
1,1,1,42,7,2,0,0,0,1,1_3,1_2
1,1,1,18,4,2,0,0,0,1,1_3,1_1
1,1,1,74,10,1,0,0,0,0,0_0,1_3
1,1,1,47,8,3,0,0,0,1,9_9,-1_-1
1,1,1,41,7,2,0,0,0,1,5_1,1_1
1,2,1,72,10,2,0,0,0,0,0_0,2_2
2,1,2,67,10,1,0,0,0,0,0_0,3_4
1,1,1,66,10,3,0,0,0,1,6_9,1_2
1,1,2,11,3,3,0,0,0,1,1_3,1_4
2,2,2,29,6,2,0,0,0,0,0_0,-1_-1
1,1,1,48,8,3,0,0,0,1,8_7,1_7
1,1,1,33,6,3,0,0,0,1,5_2,1_1
2,1,1,32,6,3,0,0,0,0,0_0,1_-1
1,1,1,86,11,2,0,0,0,0,0_0,1_7
1,1,2,33,6,2,0,0,0,0,0_0,1_4
1,1,1,27,6,3,0,0,0,1,4_1,-1_-1
1,1,1,11,3,3,0,0,0,1,1_1,1_6
1,1,2,47,8,2,0,0,0,0,0_0,1_9
2,2,1,32,6,3,0,0,0,0,0_0,1_3
1,1,2,86,11,3,0,0,0,1,1_1,1_9
1,1,1,5,1,3,0,0,0,1,6_9,1_7
1,1,1,49,8,3,0,0,0,1,5_9,1_2
1,1,1,36,7,3,0,0,0,1,9_5,-1_-1
1,1,2,45,7,2,0,0,0,0,0_0,-1_-1
1,1,2,31,6,3,0,0,0,1,9_5,1_2
1,1,1,11,3,3,0,0,0,1,5_2,1_2
1,1,2,53,8,3,0,0,0,1,1_3,1_3
2,2,1,44,7,2,0,0,0,0,0_0,2_10
1,1,1,40,7,2,0,0,0,0,0_0,2_8
1,1,1,57,9,3,0,0,0,1,1_3,3_8
1,1,2,14,3,3,0,0,0,1,1_3,1_1
2,2,2,36,7,3,0,0,0,0,0_0,-1_-1
1,1,2,25,5,2,0,0,0,1,1_1,1_6
2,2,1,59,9,3,0,0,0,0,0_0,1_3
1,3,1,31,6,3,0,0,0,0,0_0,1_7
2,3,2,22,5,1,0,0,0,0,0_0,1_8
3,2,2,24,5,2,0,0,0,0,0_0,1_4
1,1,2,43,7,2,0,0,0,0,0_0,1_5
1,2,1,88,11,3,0,0,0,0,0_0,1_4
1,1,1,29,6,3,0,0,0,0,0_0,3_10
1,3,1,47,8,3,0,0,0,0,0_0,-1_-1
1,1,1,82,11,2,0,0,0,0,0_0,1_8
1,2,1,29,6,2,0,0,0,0,0_0,1_2
1,1,1,71,10,1,0,0,0,0,0_0,1_1
1,1,1,22,5,2,0,0,0,1,5_1,1_6
1,1,2,76,11,3,0,0,0,1,5_9,1_1
1,1,2,78,11,2,0,0,0,0,0_0,1_2
3,1,2,27,6,3,0,0,0,0,0_0,1_5
1,1,1,17,4,3,0,0,0,1,4_3,1_1
1,1,1,54,8,3,0,0,0,1,6_9,2_9
1,3,1,58,9,3,0,0,0,0,0_0,1_2
1,1,1,91,11,3,0,0,0,1,8_1,1_1
1,1,1,12,3,3,0,0,0,0,0_0,1_4
1,1,2,50,8,3,0,0,0,1,10_9,1_1
1,1,1,46,8,3,0,0,0,1,8_1,1_1
2,2,1,49,8,2,0,0,0,0,0_0,1_8
1,1,1,83,11,2,0,0,0,1,8_3,1_8
2,2,2,59,9,2,0,0,0,0,0_0,1_8
1,1,2,38,7,3,0,0,0,1,9_5,1_1
1,1,1,32,6,3,0,0,0,1,5_3,1_1
1,1,2,17,4,3,0,0,0,1,9_9,1_2
1,2,1,53,8,3,0,0,0,0,0_0,3_10
1,1,1,16,4,2,0,0,0,1,5_1,1_1
1,1,2,29,6,3,0,0,0,1,6_9,1_8
1,1,2,47,8,3,0,0,0,0,0_0,2_8
2,1,1,48,8,3,0,0,0,0,0_0,3_7
1,1,1,15,3,3,0,0,0,1,10_9,1_3
1,1,1,89,11,2,0,0,0,1,5_1,1_6
2,2,2,18,4,2,0,0,0,0,0_0,1_8
1,1,1,33,6,3,0,0,0,1,1_1,1_5
1,1,1,80,11,2,0,0,0,0,0_0,1_4
2,2,2,51,8,3,0,0,0,0,0_0,1_5
2,1,1,38,7,3,0,0,0,1,0_0,1_7
1,1,2,4,1,3,0,0,0,1,1_1,-1_-1
1,1,2,46,8,3,0,0,0,1,0_0,2_7
1,1,1,34,6,2,0,0,0,1,5_1,-1_-1
1,1,2,36,7,2,0,0,0,0,0_0,1_7
2,1,1,40,7,3,0,0,0,0,0_0,3_3
1,1,1,13,3,3,0,0,0,0,0_0,2_2
1,1,2,22,5,2,0,0,0,1,5_1,1_5
1,1,1,1,1,2,0,0,0,1,1_1,-1_-1
1,1,1,57,9,1,0,0,0,0,0_0,3_6
3,2,1,33,6,3,0,0,0,0,0_0,-1_-1
2,3,2,23,5,3,0,0,0,0,0_0,1_2
1,1,2,40,7,2,0,0,0,1,9_6,1_3
1,2,2,10,2,2,0,0,0,1,9_6,1_3
1,1,1,67,10,3,0,0,0,1,10_9,1_1
1,1,2,30,6,3,0,0,0,1,6_9,2_9
1,1,1,18,4,2,0,0,0,1,6_9,1_8
1,2,1,21,5,3,0,0,0,0,0_0,-1_-1
1,2,1,43,7,3,0,0,0,1,0_0,1_3
1,1,1,11,3,3,0,0,0,1,5_3,1_6
1,1,1,77,11,2,0,0,0,1,6_9,1_6
1,2,1,26,6,3,0,0,0,1,0_0,1_1
1,1,1,23,5,3,0,0,0,1,5_1,1_1
1,1,1,12,3,2,0,0,0,0,0_0,1_1
2,1,2,74,10,3,0,0,0,1,9_8,1_7
1,1,1,12,3,3,0,0,0,1,10_1,1_5
2,2,2,19,4,3,0,0,0,0,0_0,1_6
3,3,2,66,10,3,0,0,0,0,0_0,1_2
1,1,1,53,8,3,0,0,0,1,1_1,1_1
1,1,2,55,8,3,0,0,0,1,5_2,-1_-1
2,1,1,42,7,2,0,0,0,0,0_0,1_7
1,1,1,71,10,3,0,0,0,1,5_3,1_9
1,1,1,9,2,2,0,0,0,1,5_3,1_7
1,1,1,14,3,3,0,0,0,1,4_3,1_1
2,2,1,69,10,3,0,0,0,0,0_0,-1_-1
1,1,2,27,6,3,0,0,0,0,0_0,1_-1
1,1,2,26,6,2,0,0,0,1,5_9,1_1
1,1,1,52,8,3,0,0,0,0,0_0,3_5
1,1,1,16,4,3,0,0,0,1,4_1,1_3
1,1,2,56,9,3,0,0,0,1,5_3,1_3
2,1,1,42,7,3,0,0,0,0,0_0,3_8
2,1,1,72,10,2,0,0,0,0,0_0,1_5
1,1,1,22,5,3,0,0,0,1,5_9,1_9
1,1,2,12,3,3,0,0,0,1,6_9,1_10
1,1,1,65,9,2,0,0,0,1,5_1,1_2
1,1,1,80,11,3,0,0,0,0,0_0,1_7
1,1,1,74,10,3,0,0,0,0,0_0,2_9
1,1,1,34,6,3,0,0,0,0,0_0,2_3
1,1,2,61,9,2,0,0,0,1,1_4,1_9
1,1,2,56,9,3,0,0,0,1,7_3,3_5
1,1,2,61,9,3,0,0,0,1,10_8,1_3
1,1,1,41,7,2,0,0,0,0,0_0,1_6
1,1,1,66,10,3,0,0,0,1,6_7,1_9
2,1,2,78,11,3,0,0,0,0,0_0,1_10
1,1,2,50,8,3,0,0,0,0,0_0,2_9
2,2,1,84,11,3,0,0,0,0,0_0,2_9
1,1,2,71,10,3,0,0,0,1,6_9,1_6
1,1,1,70,10,3,0,0,0,0,0_0,1_10
1,1,1,37,7,2,0,0,0,0,0_0,2_7
1,1,2,29,6,3,0,0,0,1,1_9,1_6
1,1,1,3,1,3,0,0,0,1,5_1,1_6
1,1,1,60,9,2,0,0,0,1,1_1,1_3
1,1,1,10,2,3,0,0,0,0,0_0,1_6
1,1,2,59,9,3,0,0,0,1,10_9,-1_-1
1,1,2,32,6,2,0,0,0,1,9_9,1_1
1,2,2,9,2,2,0,0,0,1,8_9,-1_-1
1,1,2,31,6,3,0,0,0,1,10_9,1_2
1,1,1,34,6,2,0,0,0,1,1_9,1_3
1,1,1,52,8,3,0,0,0,1,6_9,1_7
1,1,2,53,8,3,0,0,0,1,5_3,1_1
1,2,2,68,10,3,0,0,0,0,0_0,3_8
1,1,2,66,10,2,0,0,0,0,0_0,-1_-1
1,1,2,53,8,2,0,0,0,0,0_0,3_7
2,2,1,51,8,2,0,0,0,0,0_0,2_5
1,1,1,39,7,3,0,0,0,1,5_2,1_3
1,1,1,55,8,2,0,0,0,1,0_0,1_1
2,3,1,30,6,3,0,0,0,0,0_0,-1_-1
2,2,1,42,7,2,0,0,0,0,0_0,1_4
2,2,2,53,8,3,0,0,0,0,0_0,2_3
2,2,2,61,9,3,0,0,0,0,0_0,1_5
1,1,2,60,9,3,0,0,0,1,5_2,1_3
1,1,1,22,5,2,0,0,0,1,6_9,1_7
1,1,1,25,5,2,0,0,0,1,7_9,-1_-1
1,1,2,26,6,3,0,0,0,1,5_1,1_3
1,1,1,25,5,3,0,0,0,1,1_1,1_2
1,1,1,6,2,3,0,0,0,1,10_9,1_5
1,1,2,21,5,2,0,0,0,0,0_0,1_8
1,1,2,57,9,1,0,0,0,1,1_9,-1_-1
2,1,1,13,3,2,0,0,0,0,0_0,1_10
1,1,1,16,4,2,0,0,0,0,0_0,1_10
1,1,2,49,8,2,0,0,0,1,5_1,1_1
1,1,2,44,7,3,0,0,0,1,1_9,1_3
1,2,2,63,9,3,0,0,0,0,0_0,1_3
1,1,1,37,7,3,0,0,0,0,0_0,2_7
3,3,1,49,8,3,0,0,0,0,0_0,1_2
1,3,1,31,6,3,0,0,0,1,0_0,1_5
3,1,2,69,10,2,0,0,0,0,0_0,1_2
2,1,2,11,3,2,0,0,0,1,5_2,1_3
2,2,1,52,8,2,0,0,0,0,0_0,1_1
3,1,2,38,7,3,0,0,0,0,0_0,1_5
1,1,1,6,2,3,0,0,0,1,5_3,1_5
1,2,1,70,10,3,0,0,0,1,4_4,1_4
1,1,2,42,7,2,0,0,0,0,0_0,1_3
1,1,1,59,9,3,0,0,0,1,1_2,1_7
1,1,2,48,8,3,0,0,0,1,1_1,1_6
1,1,2,22,5,3,0,0,0,1,1_1,1_1
2,1,1,45,7,3,0,0,0,1,0_0,1_5
1,1,1,82,11,2,0,0,0,0,0_0,1_3
1,1,2,30,6,3,0,0,0,1,9_5,1_5
2,1,1,30,6,2,0,0,0,1,6_9,1_9
1,1,1,9,2,3,0,0,0,1,8_1,1_4
2,2,2,58,9,3,0,0,0,0,0_0,1_3
1,1,2,26,6,2,0,0,0,1,5_9,-1_-1
1,2,1,18,4,3,0,0,0,0,0_0,-1_-1
1,3,2,66,10,3,0,0,0,1,10_9,-1_-1
1,1,2,43,7,3,0,0,0,1,1_3,1_8
1,1,1,59,9,2,0,0,0,1,9_9,1_7
1,1,1,40,7,2,0,0,0,0,0_0,2_5
1,1,2,12,3,3,0,0,0,1,10_9,1_1
1,1,1,79,11,3,0,0,0,0,0_0,1_1
1,1,2,73,10,3,0,0,0,1,8_3,1_1
1,1,2,42,7,3,0,0,0,1,5_3,1_5
1,1,2,59,9,3,0,0,0,1,6_9,1_2
1,1,1,23,5,3,0,0,0,1,9_5,1_1
1,1,2,7,2,3,0,0,0,1,9_5,1_1
1,1,2,12,3,2,0,0,0,0,0_0,1_1
1,1,2,28,6,3,0,0,0,1,1_1,1_1
2,3,1,47,8,3,0,0,0,0,0_0,1_1
2,1,2,4,1,3,0,0,0,1,5_9,1_9
1,1,2,38,7,2,0,0,0,1,5_2,1_3
1,1,1,20,4,2,0,0,0,1,1_1,1_3
1,1,1,18,4,3,0,0,0,1,5_9,1_1
1,1,1,62,9,3,0,0,0,1,6_9,1_3
1,1,1,35,6,2,0,0,0,1,5_2,1_6
1,1,2,43,7,2,0,0,0,0,0_0,1_8
1,2,1,49,8,2,0,0,0,1,8_3,1_4
1,1,2,57,9,3,0,0,0,1,5_9,1_3
1,1,2,55,8,3,0,0,0,1,6_9,1_3
1,1,1,22,5,2,0,0,0,1,5_3,1_2
2,1,1,86,11,3,0,0,0,0,0_0,-1_-1
2,1,1,22,5,1,0,0,0,0,0_0,1_2
1,1,2,28,6,2,0,0,0,0,0_0,2_3
2,2,2,56,9,2,0,0,0,0,0_0,1_2
1,1,2,46,8,2,0,0,0,0,0_0,-1_-1
1,1,2,76,11,3,0,0,0,0,0_0,1_5
1,1,2,20,4,2,0,0,0,1,10_8,1_4
1,1,1,9,2,3,0,0,0,1,1_9,1_2
1,1,1,86,11,3,0,0,0,0,0_0,1_9
2,1,1,10,2,2,0,0,0,0,0_0,1_3
2,1,1,37,7,2,0,0,0,0,0_0,1_10
1,1,2,45,7,3,0,0,0,0,0_0,2_1
1,1,2,62,9,2,0,0,0,0,0_0,3_6
2,2,1,25,5,2,0,0,0,0,0_0,3_3
1,1,2,77,11,3,0,0,0,1,1_1,-1_-1
1,1,1,34,6,1,0,0,0,0,0_0,1_2
2,2,1,49,8,3,0,0,0,0,0_0,1_10
2,1,2,30,6,3,0,0,0,0,0_0,1_-1
1,1,1,53,8,3,0,0,0,1,1_1,2_10
1,1,1,13,3,2,0,0,0,1,8_3,1_5
2,1,2,57,9,3,0,0,0,0,0_0,1_8
2,1,2,14,3,3,0,0,0,0,0_0,3_10
1,1,2,12,3,3,0,0,0,1,5_3,1_8
1,1,1,21,5,3,0,0,0,1,6_8,-1_-1
2,1,1,74,10,2,0,0,0,0,0_0,-1_-1
1,1,2,59,9,2,0,0,0,0,0_0,2_9
1,2,2,19,4,3,0,0,0,0,0_0,3_8
1,1,2,58,9,2,0,0,0,1,1_3,1_5
1,1,1,35,6,3,0,0,0,1,9_9,1_7
1,1,1,58,9,3,0,0,0,1,6_9,1_7
2,2,2,27,6,3,0,0,0,0,0_0,2_4
1,1,2,85,11,2,0,0,0,1,5_3,1_7
1,1,2,84,11,3,0,0,0,0,0_0,1_6
1,1,1,21,5,3,0,0,0,1,5_3,1_1
1,1,2,18,4,2,0,0,0,1,5_2,1_6
1,1,1,24,5,3,0,0,0,1,9_5,1_6
1,1,1,78,11,3,0,0,0,1,1_3,1_1
2,1,1,28,6,3,0,0,0,1,0_0,1_1
2,2,1,13,3,2,0,0,0,0,0_0,1_2
2,2,2,53,8,3,0,0,0,0,0_0,3_8
3,1,1,53,8,2,0,0,0,0,0_0,1_9
1,1,2,20,4,2,0,0,0,1,9_5,1_1
1,1,1,7,2,2,0,0,0,1,8_9,1_2
1,1,1,40,7,3,0,0,0,1,5_1,-1_-1
1,1,1,32,6,2,0,0,0,1,9_9,1_1
2,2,1,20,4,2,0,0,0,0,0_0,-1_-1
1,2,1,26,6,3,0,0,0,1,0_0,-1_-1
1,1,1,3,1,3,0,0,0,1,1_1,-1_-1
1,1,2,33,6,2,0,0,0,0,0_0,1_5
1,1,1,18,4,3,0,0,0,0,0_0,2_1
1,1,1,61,9,3,0,0,0,1,5_3,-1_-1
1,1,1,7,2,3,0,0,0,1,9_9,-1_-1
1,2,2,47,8,3,0,0,0,0,0_0,1_3
2,1,1,19,4,2,0,0,0,0,0_0,-1_-1
2,2,2,46,8,2,0,0,0,0,0_0,1_1
1,1,1,12,3,2,0,0,0,0,0_0,1_9
1,1,2,34,6,3,0,0,0,0,0_0,2_1
1,1,2,58,9,3,0,0,0,1,9_5,1_2
1,1,1,24,5,2,0,0,0,1,6_9,1_2
1,1,2,71,10,3,0,0,0,0,0_0,1_2
1,1,2,65,9,2,0,0,0,1,6_9,1_7
2,2,1,2,1,3,0,0,0,1,0_0,1_3
1,1,1,44,7,3,0,0,0,1,5_9,1_1
1,1,2,29,6,2,0,0,0,1,6_9,-1_-1
1,1,2,6,2,3,0,0,0,1,9_9,-1_-1
1,1,1,13,3,2,0,0,0,1,1_3,1_6
1,1,1,57,9,2,0,0,0,1,8_7,1_5
1,1,2,28,6,2,0,0,0,1,10_9,1_4
2,1,2,27,6,2,0,0,0,1,0_0,3_3
2,1,1,96,11,3,0,0,0,0,0_0,1_4
1,1,2,27,6,3,0,0,0,1,5_9,3_6
2,1,1,51,8,3,0,0,0,1,9_6,1_6
1,1,2,20,4,3,0,0,0,0,0_0,2_2
1,1,1,26,6,1,0,0,0,0,0_0,1_4
2,1,1,30,6,2,0,0,0,0,0_0,2_5
2,2,1,17,4,3,0,0,0,1,0_0,1_1
2,3,1,36,7,3,0,0,0,1,0_0,1_2
1,2,1,81,11,3,0,0,0,0,0_0,3_8
2,3,1,61,9,3,0,0,0,0,0_0,2_6
1,1,1,45,7,2,0,0,0,1,8_7,1_1
1,1,2,42,7,3,0,0,0,1,9_5,1_2
2,1,1,38,7,2,0,0,0,0,0_0,2_3
1,1,2,20,4,3,0,0,0,1,10_1,1_5
1,1,1,35,6,3,0,0,0,1,9_7,1_2
1,1,2,24,5,3,0,0,0,1,4_9,1_4
1,1,1,25,5,2,0,0,0,0,0_0,3_10
1,1,1,10,2,3,0,0,0,1,5_3,1_2
1,1,1,51,8,3,0,0,0,1,8_9,1_7
2,2,1,50,8,3,0,0,0,0,0_0,1_7
3,3,2,28,6,3,0,0,0,0,0_0,1_1
1,1,1,11,3,2,0,0,0,1,6_9,1_3
1,1,2,56,9,2,0,0,0,0,0_0,1_10
1,1,2,28,6,3,0,0,0,1,5_3,1_1
2,1,1,75,10,3,0,0,0,0,0_0,1_2
1,1,1,20,4,3,0,0,0,1,8_9,-1_-1
3,1,2,23,5,2,0,0,0,0,0_0,1_6
1,1,1,11,3,3,0,0,0,1,6_7,1_2
2,1,1,54,8,3,0,0,0,0,0_0,3_4
1,1,2,17,4,2,0,0,0,1,10_9,1_9
1,1,1,50,8,2,0,0,0,0,0_0,-1_-1
1,1,2,60,9,3,0,0,0,1,8_8,2_3
1,2,2,5,1,3,0,0,0,1,8_8,2_8
1,1,1,37,7,2,0,0,0,1,5_1,1_3
2,1,2,75,10,2,0,0,0,0,0_0,-1_-1
1,1,1,81,11,3,0,0,0,0,0_0,2_8
1,1,1,47,8,3,0,0,0,1,10_1,1_10
1,1,1,18,4,2,0,0,0,0,0_0,2_3
1,1,1,76,11,3,0,0,0,0,0_0,3_8
2,1,2,65,9,3,0,0,0,0,0_0,1_1
1,1,2,74,10,3,0,0,0,0,0_0,3_6
2,2,2,41,7,2,0,0,0,0,0_0,1_3
2,1,2,39,7,2,0,0,0,0,0_0,3_7
2,1,1,20,4,2,0,0,0,0,0_0,3_9
2,1,1,45,7,2,0,0,0,0,0_0,3_4
1,1,1,30,6,3,0,0,0,1,0_0,1_5
1,2,1,52,8,3,0,0,0,0,0_0,1_3
1,1,1,64,9,3,0,0,0,0,0_0,3_9
2,2,1,34,6,2,0,0,0,0,0_0,1_1
3,2,1,52,8,3,0,0,0,0,0_0,1_1
2,2,1,60,9,3,0,0,0,0,0_0,1_2
2,2,1,31,6,3,0,0,0,1,0_0,1_4
2,3,1,47,8,3,0,0,0,1,0_0,1_2
1,1,1,61,9,2,0,0,0,0,0_0,1_5
1,1,1,50,8,3,0,0,0,1,5_3,1_7
1,1,2,34,6,3,0,0,0,1,6_9,2_-1
2,2,2,35,6,3,0,0,0,0,0_0,2_4
1,1,2,73,10,1,0,0,0,0,0_0,3_6
1,1,2,27,6,2,0,0,0,0,0_0,1_1
1,2,2,37,7,2,0,0,0,0,0_0,3_4
2,1,2,30,6,3,0,0,0,1,9_6,1_1
1,1,2,52,8,3,0,0,0,1,9_8,3_6
1,1,1,39,7,2,0,0,0,1,5_9,1_3
1,1,2,53,8,3,0,0,0,0,0_0,2_1
1,1,2,53,8,2,0,0,0,0,0_0,-1_-1
2,2,2,36,7,2,0,0,0,0,0_0,-1_-1
1,1,2,17,4,2,0,0,0,1,8_9,1_1
1,1,2,74,10,3,0,0,0,0,0_0,2_5
1,1,1,10,2,3,0,0,0,1,9_5,-1_-1
1,1,1,59,9,2,0,0,0,1,0_0,-1_-1
1,2,2,33,6,3,0,0,0,1,0_0,-1_-1
1,1,1,45,7,2,0,0,0,1,9_9,1_3
1,1,2,15,3,3,0,0,0,1,4_9,1_1
1,1,2,64,9,3,0,0,0,1,5_9,1_6
2,3,1,20,4,3,0,0,0,0,0_0,3_9
1,2,2,65,9,2,0,0,0,0,0_0,1_7
2,1,2,51,8,2,0,0,0,0,0_0,1_10
1,2,1,22,5,3,0,0,0,0,0_0,1_6
2,1,2,59,9,2,0,0,0,0,0_0,1_1
1,1,2,37,7,2,0,0,0,0,0_0,1_9
2,2,1,67,10,2,0,0,0,0,0_0,1_9
1,1,1,34,6,2,0,0,0,0,0_0,2_5
2,2,1,70,10,3,0,0,0,0,0_0,1_1
1,1,2,7,2,3,0,0,0,0,0_0,1_1
1,1,1,68,10,2,0,0,0,0,0_0,2_9
2,1,1,16,4,2,0,0,0,0,0_0,1_10
1,1,1,21,5,3,0,0,0,0,0_0,2_10
1,1,2,39,7,2,0,0,0,0,0_0,1_10
2,2,2,20,4,3,0,0,0,1,6_5,1_7
2,1,1,30,6,1,0,0,0,0,0_0,3_4
2,1,2,28,6,3,0,0,0,0,0_0,1_8
1,1,1,6,2,2,0,0,0,1,7_3,1_1
1,1,2,65,9,3,0,0,0,1,1_3,1_9
2,3,1,39,7,3,0,0,0,0,0_0,2_3
3,1,2,53,8,3,0,0,0,0,0_0,1_9
1,1,1,3,1,2,0,0,0,1,5_2,1_2
1,1,1,6,2,3,0,0,0,0,0_0,1_1
1,1,1,80,11,3,0,0,0,1,5_1,1_5
1,1,2,30,6,3,0,0,0,1,10_9,1_1
1,2,1,68,10,2,0,0,0,0,0_0,1_3
2,1,2,51,8,3,0,0,0,0,0_0,-1_-1
1,1,1,71,10,2,0,0,0,0,0_0,1_7
1,3,1,18,4,3,0,0,0,0,0_0,1_7
2,2,1,69,10,3,0,0,0,0,0_0,1_9
2,1,1,11,3,3,0,0,0,0,0_0,3_9
1,1,2,6,2,3,0,0,0,1,9_9,1_1
1,1,2,55,8,3,0,0,0,1,6_5,1_6
2,1,1,34,6,3,0,0,0,0,0_0,3_7
1,1,1,76,11,2,0,0,0,1,5_3,-1_-1
1,1,1,6,2,3,0,0,0,1,5_4,1_4
1,1,2,50,8,1,0,0,0,1,5_4,2_3
1,1,2,14,3,2,0,0,0,1,0_0,1_5
1,1,1,40,7,2,0,0,0,1,5_4,1_5
1,1,1,82,11,3,0,0,0,0,0_0,1_9
2,1,1,22,5,2,0,0,0,0,0_0,2_4
1,1,1,47,8,2,0,0,0,1,4_4,1_8
1,1,1,40,7,3,0,0,0,1,5_1,1_8
1,1,2,21,5,2,0,0,0,0,0_0,2_10
1,1,1,9,2,3,0,0,0,1,5_2,1_4
1,1,2,63,9,3,0,0,0,0,0_0,1_4
1,1,2,66,10,2,0,0,0,0,0_0,1_1
1,1,2,31,6,2,0,0,0,0,0_0,1_9
1,2,2,53,8,3,0,0,0,1,0_0,1_9
1,1,2,22,5,3,0,0,0,1,1_1,1_7
1,2,1,24,5,3,0,0,0,0,0_0,1_8
2,1,2,78,11,3,0,0,0,0,0_0,1_6
2,2,2,43,7,3,0,0,0,0,0_0,1_5
3,3,2,54,8,3,0,0,0,0,0_0,1_2
2,1,1,29,6,3,0,0,0,0,0_0,2_9
2,2,1,68,10,3,0,0,0,0,0_0,2_10
1,1,2,58,9,2,0,0,0,0,0_0,1_10
2,2,1,54,8,2,0,0,0,0,0_0,1_6
2,3,1,25,5,2,0,0,0,0,0_0,1_9
3,1,1,68,10,3,0,0,0,0,0_0,1_5
1,1,1,21,5,3,0,0,0,1,4_3,1_3
1,1,1,22,5,3,0,0,0,1,4_2,1_6
3,1,1,45,7,3,0,0,0,0,0_0,1_3
2,2,1,24,5,3,0,0,0,0,0_0,1_3
1,1,2,53,8,2,0,0,0,1,4_1,1_7
2,1,1,12,3,3,0,0,0,1,0_0,1_-1
1,1,2,37,7,3,0,0,0,1,1_3,1_10
1,1,1,82,11,2,0,0,0,1,1_3,-1_-1
2,1,1,35,6,2,0,0,0,0,0_0,1_4
2,1,2,71,10,2,0,0,0,0,0_0,1_3
2,1,1,16,4,2,0,0,0,0,0_0,1_1
1,1,1,41,7,3,0,0,0,1,8_1,1_7
2,2,1,42,7,3,0,0,0,1,0_0,1_8
1,1,1,9,2,3,0,0,0,0,0_0,1_10
1,1,2,76,11,3,0,0,0,0,0_0,1_6
1,1,2,52,8,3,0,0,0,1,5_1,1_6
1,1,2,58,9,3,0,0,0,1,5_3,1_1
2,2,1,52,8,3,0,0,0,0,0_0,1_3
1,1,1,35,6,2,0,0,0,1,1_1,1_10
1,1,1,76,11,1,0,0,0,1,5_3,1_10
1,1,1,35,6,3,0,0,0,1,5_3,1_9
1,1,1,41,7,1,0,0,0,0,0_0,1_6
1,1,1,63,9,3,0,0,0,1,4_3,1_6
1,1,1,16,4,2,0,0,0,0,0_0,2_9
2,2,1,12,3,3,0,0,0,0,0_0,1_2
3,2,1,36,7,3,0,0,0,0,0_0,1_3
2,1,1,63,9,2,0,0,0,0,0_0,1_9
1,1,1,4,1,3,0,0,0,1,1_3,1_2
2,2,1,37,7,2,0,0,0,0,0_0,1_1
3,1,1,35,6,2,0,0,0,0,0_0,-1_-1
1,1,2,11,3,3,0,0,0,1,7_3,1_2
2,2,2,53,8,2,0,0,0,0,0_0,1_2
1,1,2,61,9,2,0,0,0,1,5_1,-1_-1
1,1,2,19,4,2,0,0,0,1,1_3,1_4
1,1,1,71,10,2,0,0,0,0,0_0,1_10
1,1,1,31,6,3,0,0,0,1,9_5,1_3
3,2,1,88,11,2,0,0,0,0,0_0,1_3
1,1,2,16,4,2,0,0,0,1,5_1,1_3
1,1,1,4,1,3,0,0,0,1,10_9,1_5
1,1,1,46,8,2,0,0,0,1,1_9,1_6
1,1,2,20,4,2,0,0,0,1,1_3,1_2
2,2,1,32,6,3,0,0,0,0,0_0,1_9
1,1,2,18,4,2,0,0,0,0,0_0,1_7
2,2,1,45,7,2,0,0,0,0,0_0,1_7
1,1,2,78,11,2,0,0,0,1,5_3,1_10
1,2,1,69,10,3,0,0,0,0,0_0,3_7
3,1,2,69,10,2,0,0,0,0,0_0,-1_-1
1,1,2,28,6,3,0,0,0,0,0_0,3_9
1,1,1,89,11,2,0,0,0,0,0_0,2_10
2,2,1,31,6,3,0,0,0,0,0_0,1_9
2,1,1,33,6,2,0,0,0,0,0_0,3_7
2,3,1,21,5,3,0,0,0,0,0_0,-1_-1
3,1,1,47,8,3,0,0,0,0,0_0,-1_-1
1,1,2,54,8,3,0,0,0,1,6_9,-1_-1
2,1,2,34,6,3,0,0,0,0,0_0,2_7
3,1,1,15,3,3,0,0,0,0,0_0,1_10
1,1,1,18,4,2,0,0,0,0,0_0,2_9
2,1,1,69,10,3,0,0,0,0,0_0,1_4
1,1,1,38,7,3,0,0,0,1,1_1,2_8
1,1,2,12,3,3,0,0,0,1,1_3,1_10
1,1,2,16,4,3,0,0,0,1,9_9,1_3
1,1,2,28,6,2,0,0,0,1,5_3,1_5
1,1,1,74,10,2,0,0,0,0,0_0,1_2
1,1,1,12,3,3,0,0,0,1,5_9,1_1
1,1,1,69,10,2,0,0,0,1,3_1,1_8
1,2,1,28,6,2,0,0,0,0,0_0,1_3
2,1,2,42,7,3,0,0,0,0,0_0,2_7
2,1,1,45,7,2,0,0,0,0,0_0,3_7
1,2,2,25,5,3,0,0,0,1,1_9,1_5
1,2,2,47,8,3,0,0,0,1,4_4,1_2
1,1,1,44,7,3,0,0,0,1,4_1,1_8
1,1,2,28,6,2,0,0,0,0,0_0,1_1
1,1,1,43,7,3,0,0,0,1,5_3,1_2
1,1,1,60,9,3,0,0,0,0,0_0,1_5
2,1,2,31,6,3,0,0,0,0,0_0,2_5
1,2,1,52,8,3,0,0,0,0,0_0,1_9
2,1,1,80,11,3,0,0,0,0,0_0,1_8
1,1,2,31,6,3,0,0,0,1,8_3,1_9
1,1,2,89,11,3,0,0,0,0,0_0,1_2
2,1,2,56,9,3,0,0,0,0,0_0,3_9
2,2,1,9,2,3,0,0,0,1,0_0,1_6
1,1,2,40,7,3,0,0,0,0,0_0,-1_-1
1,1,2,15,3,3,0,0,0,1,1_1,1_7
1,2,2,15,3,3,0,0,0,1,1_1,1_8
2,1,1,49,8,3,0,0,0,0,0_0,3_4
1,1,1,17,4,3,0,0,0,1,1_3,1_7
2,1,2,35,6,2,0,0,0,0,0_0,1_6
1,2,1,37,7,3,0,0,0,0,0_0,-1_-1
3,1,1,37,7,3,0,0,0,0,0_0,-1_-1
1,1,2,26,6,2,0,0,0,0,0_0,1_6
1,1,1,43,7,3,0,0,0,1,6_9,1_9
1,1,1,77,11,2,0,0,0,1,1_1,1_7
2,2,1,28,6,3,0,0,0,0,0_0,1_9
1,1,2,85,11,3,0,0,0,0,0_0,3_9
1,1,1,38,7,3,0,0,0,1,4_9,1_2
1,1,1,17,4,3,0,0,0,1,1_9,1_3
1,1,2,19,4,3,0,0,0,1,5_9,1_5
2,1,1,53,8,3,0,0,0,0,0_0,2_9
1,1,1,59,9,3,0,0,0,1,6_9,2_7
1,1,2,69,10,2,0,0,0,1,5_9,2_7
1,1,1,62,9,3,0,0,0,1,4_9,1_4
2,2,2,66,10,3,0,0,0,0,0_0,1_1
1,1,2,68,10,1,0,0,0,1,9_5,2_10
1,1,1,67,10,3,0,0,0,1,5_1,1_3
2,2,2,25,5,3,0,0,0,0,0_0,1_4
2,2,2,23,5,3,0,0,0,0,0_0,1_5
1,1,1,40,7,1,0,0,0,0,0_0,1_2
2,2,1,19,4,3,0,0,0,0,0_0,1_1
1,1,2,56,9,3,0,0,0,1,0_0,2_3
1,1,1,29,6,3,0,0,0,0,0_0,2_8
2,2,2,74,10,3,0,0,0,0,0_0,1_5
1,1,1,73,10,3,0,0,0,0,0_0,2_4
1,1,1,67,10,2,0,0,0,0,0_0,-1_-1
2,1,2,54,8,3,0,0,0,0,0_0,3_7
1,2,2,25,5,3,0,0,0,0,0_0,1_7
2,2,2,32,6,3,0,0,0,0,0_0,1_5
2,1,2,27,6,2,0,0,0,0,0_0,1_7
1,2,1,22,5,3,0,0,0,0,0_0,-1_-1
1,1,1,20,4,3,0,0,0,0,0_0,2_3
1,1,1,81,11,3,0,0,0,0,0_0,1_10
2,1,1,52,8,3,0,0,0,0,0_0,3_5
2,1,2,42,7,2,0,0,0,0,0_0,1_9
2,1,2,60,9,3,0,0,0,0,0_0,3_8
2,1,2,26,6,3,0,0,0,0,0_0,3_6
2,1,1,49,8,2,0,0,0,0,0_0,1_3
1,1,2,22,5,3,0,0,0,0,0_0,2_2
1,1,1,64,9,2,0,0,0,0,0_0,1_8
1,1,1,27,6,3,0,0,0,1,9_9,3_7
1,2,2,17,4,3,0,0,0,0,0_0,-1_-1
1,1,1,38,7,3,0,0,0,0,0_0,2_8
1,1,2,25,5,3,0,0,0,0,0_0,2_2
1,1,2,35,6,3,0,0,0,1,10_9,1_9
1,1,1,24,5,3,0,0,0,0,0_0,2_8
2,2,2,79,11,1,0,0,0,0,0_0,1_6
2,2,2,25,5,3,0,0,0,0,0_0,1_5
2,3,1,27,6,3,0,0,0,1,0_0,1_5
1,1,1,31,6,2,0,0,0,1,5_3,1_1
1,1,1,83,11,1,0,0,0,0,0_0,-1_-1
1,1,2,3,1,3,0,0,0,1,10_2,1_5
3,1,1,58,9,3,0,0,0,0,0_0,1_6
1,1,2,13,3,2,0,0,0,1,1_1,1_1
1,1,2,59,9,3,0,0,0,0,0_0,3_6
2,1,1,90,11,2,0,0,0,0,0_0,1_3
1,1,1,31,6,2,0,0,0,0,0_0,3_8
1,1,2,72,10,3,0,0,0,1,6_9,1_1
1,1,2,2,1,3,0,0,0,1,6_9,1_4
1,1,2,37,7,2,0,0,0,0,0_0,1_8
1,1,1,24,5,3,0,0,0,1,5_1,1_3
1,2,1,14,3,3,0,0,0,1,4_1,1_6
1,1,1,33,6,2,0,0,0,1,1_3,1_5
2,1,1,53,8,3,0,0,0,0,0_0,3_-1
2,2,1,36,7,2,0,0,0,0,0_0,1_6
1,1,1,82,11,3,0,0,0,1,1_1,1_6
1,1,2,43,7,3,0,0,0,1,5_1,-1_-1
1,1,2,71,10,3,0,0,0,1,0_0,2_5
1,1,1,26,6,1,0,0,0,0,0_0,1_3
2,2,1,54,8,3,0,0,0,0,0_0,3_10
3,2,1,24,5,3,0,0,0,0,0_0,-1_-1
1,1,1,35,6,2,0,0,0,1,5_3,1_1
2,1,2,16,4,3,0,0,0,0,0_0,-1_-1
1,1,1,47,8,1,0,0,0,1,5_1,1_4
1,1,1,18,4,2,0,0,0,1,4_3,1_4
2,1,1,63,9,2,0,0,0,0,0_0,1_2
2,2,2,59,9,3,0,0,0,0,0_0,1_6
1,1,2,27,6,3,0,0,0,1,3_3,1_4
1,1,2,30,6,1,0,0,0,1,10_9,1_5
2,1,1,76,11,1,0,0,0,0,0_0,3_7
3,3,1,41,7,3,0,0,0,0,0_0,3_8
1,1,2,64,9,2,0,0,0,0,0_0,3_8
1,1,2,5,1,2,0,0,0,1,6_9,1_4
1,1,2,17,4,3,0,0,0,0,0_0,1_8
1,1,2,40,7,3,0,0,0,1,9_5,1_1
1,1,2,28,6,3,0,0,0,0,0_0,3_8
2,3,1,28,6,3,0,0,0,0,0_0,1_10
2,2,1,37,7,3,0,0,0,0,0_0,1_8
1,1,1,28,6,2,0,0,0,1,6_9,1_5
1,1,2,75,10,3,0,0,0,1,5_3,1_1
1,1,1,26,6,3,0,0,0,1,1_3,1_3
2,2,1,68,10,2,0,0,0,0,0_0,1_9
1,1,1,29,6,1,0,0,0,0,0_0,1_2
2,2,2,80,11,3,0,0,0,0,0_0,3_2
1,2,1,70,10,3,0,0,0,1,5_1,1_3
1,1,1,86,11,3,0,0,0,0,0_0,1_6
1,1,2,17,4,3,0,0,0,0,0_0,1_9
1,1,2,8,2,3,0,0,0,1,5_2,-1_-1
1,1,1,28,6,1,0,0,0,0,0_0,2_7
1,1,1,31,6,3,0,0,0,1,5_1,1_6
1,1,1,54,8,1,0,0,0,0,0_0,1_3
1,1,1,77,11,3,0,0,0,1,5_3,1_9
1,1,1,61,9,2,0,0,0,0,0_0,3_6
1,2,1,22,5,3,0,0,0,1,0_0,1_1
2,1,2,30,6,3,0,0,0,0,0_0,3_8
2,1,1,23,5,3,0,0,0,0,0_0,3_7
1,1,2,87,11,3,0,0,0,0,0_0,3_6
1,1,2,60,9,2,0,0,0,1,1_1,1_2
2,2,1,67,10,3,0,0,0,0,0_0,1_10
1,1,2,29,6,3,0,0,0,1,5_3,1_4
2,3,1,29,6,3,0,0,0,0,0_0,1_9
1,1,1,41,7,3,0,0,0,1,9_1,1_5
1,1,2,18,4,3,0,0,0,1,5_3,1_2
1,1,2,40,7,3,0,0,0,0,0_0,1_7
1,1,1,35,6,3,0,0,0,1,5_2,1_4
2,1,2,44,7,2,0,0,0,0,0_0,1_3
1,1,1,28,6,3,0,0,0,0,0_0,3_10
1,1,1,14,3,3,0,0,0,1,9_5,1_5
1,1,1,13,3,3,0,0,0,1,5_3,3_6
1,1,1,49,8,2,0,0,0,0,0_0,3_6
1,1,1,27,6,2,0,0,0,0,0_0,3_7
1,1,1,5,1,3,0,0,0,1,5_1,1_5
1,2,1,51,8,3,0,0,0,0,0_0,1_10
2,1,2,38,7,3,0,0,0,0,0_0,1_10
2,1,2,87,11,3,0,0,0,0,0_0,1_7
2,1,2,40,7,3,0,0,0,0,0_0,2_4
1,1,1,35,6,2,0,0,0,0,0_0,2_7
3,2,1,25,5,3,0,0,0,0,0_0,1_4
2,1,1,21,5,2,0,0,0,0,0_0,3_8
1,1,2,39,7,3,0,0,0,0,0_0,2_8
1,1,1,14,3,2,0,0,0,1,1_1,1_7
2,1,1,88,11,1,0,0,0,0,0_0,1_7
3,2,1,56,9,2,0,0,0,0,0_0,1_7
1,1,1,82,11,3,0,0,0,1,1_1,1_10
1,1,1,22,5,1,0,0,0,0,0_0,1_2
2,1,1,59,9,3,0,0,0,0,0_0,2_2
1,2,1,21,5,2,0,0,0,0,0_0,1_9
2,2,1,55,8,3,0,0,0,0,0_0,1_2
1,1,1,25,5,2,0,0,0,0,0_0,2_9
1,1,1,79,11,2,0,0,0,0,0_0,1_2
1,1,1,41,7,3,0,0,0,1,5_3,1_4
1,2,2,60,9,3,0,0,0,0,0_0,-1_-1
1,3,1,40,7,3,0,0,0,0,0_0,1_2
2,3,2,36,7,3,0,0,0,0,0_0,1_4
2,2,1,33,6,3,0,0,0,0,0_0,3_8
1,1,2,45,7,3,0,0,0,0,0_0,2_10
2,3,1,29,6,3,0,0,0,0,0_0,1_4
1,1,2,40,7,3,0,0,0,0,0_0,3_9
1,1,2,66,10,3,0,0,0,0,0_0,1_10
2,1,1,84,11,2,0,0,0,0,0_0,1_4
2,1,1,26,6,2,0,0,0,0,0_0,2_5
1,1,2,51,8,2,0,0,0,1,0_0,1_5
3,3,1,61,9,3,0,0,0,0,0_0,1_9
1,1,1,18,4,2,0,0,0,1,0_0,1_7
1,1,1,74,10,2,0,0,0,0,0_0,1_4
2,2,2,51,8,3,0,0,0,0,0_0,3_4
2,1,1,12,3,3,0,0,0,0,0_0,1_8
1,2,1,14,3,3,0,0,0,1,0_0,1_2
2,1,1,34,6,3,0,0,0,0,0_0,2_6
1,1,1,58,9,2,0,0,0,1,5_3,-1_-1
1,1,2,11,3,2,0,0,0,1,5_1,3_5
1,3,1,46,8,3,0,0,0,0,0_0,2_8
2,2,1,56,9,3,0,0,0,0,0_0,3_6
2,1,1,75,10,2,0,0,0,0,0_0,1_8
2,1,2,20,4,3,0,0,0,0,0_0,2_4
3,2,2,76,11,3,0,0,0,0,0_0,3_4
1,1,2,62,9,2,0,0,0,0,0_0,3_5
2,1,1,70,10,3,0,0,0,0,0_0,3_9
1,1,1,43,7,3,0,0,0,1,1_1,1_3
2,1,1,70,10,3,0,0,0,0,0_0,2_7
3,2,1,61,9,3,0,0,0,0,0_0,3_5
2,1,1,64,9,2,0,0,0,0,0_0,2_9
2,1,2,29,6,3,0,0,0,0,0_0,2_5
1,1,1,13,3,3,0,0,0,1,4_1,1_1
2,1,2,63,9,2,0,0,0,0,0_0,1_2
1,1,1,12,3,3,0,0,0,1,8_4,1_2
2,2,1,68,10,3,0,0,0,0,0_0,1_1
1,1,1,70,10,2,0,0,0,1,3_3,1_2
1,1,1,7,2,3,0,0,0,1,6_9,1_1
1,1,1,69,10,3,0,0,0,1,9_5,1_2
3,2,2,27,6,3,0,0,0,0,0_0,1_2
1,1,2,66,10,3,0,0,0,1,5_3,1_1
1,1,2,14,3,2,0,0,0,1,1_1,1_2
1,1,1,27,6,3,0,0,0,0,0_0,2_6
1,1,1,56,9,2,0,0,0,0,0_0,2_4
1,1,1,30,6,3,0,0,0,1,6_9,1_8
1,1,1,12,3,2,0,0,0,1,1_1,2_7
2,1,2,31,6,2,0,0,0,0,0_0,3_5
1,1,2,78,11,2,0,0,0,0,0_0,1_5
2,2,1,47,8,3,0,0,0,0,0_0,3_5
1,1,1,23,5,2,0,0,0,1,10_9,1_2
1,1,2,53,8,2,0,0,0,0,0_0,1_6
2,2,2,73,10,3,0,0,0,0,0_0,3_8
2,1,2,49,8,3,0,0,0,0,0_0,2_5
2,1,2,61,9,2,0,0,0,0,0_0,1_8
1,1,2,52,8,3,0,0,0,0,0_0,3_9
1,1,2,34,6,2,0,0,0,0,0_0,3_8
1,1,2,79,11,2,0,0,0,0,0_0,1_1
1,1,1,24,5,3,0,0,0,1,9_9,1_10
1,1,2,66,10,3,0,0,0,0,0_0,3_5
1,1,2,26,6,2,0,0,0,0,0_0,1_7
2,1,1,16,4,3,0,0,0,0,0_0,1_9
1,1,1,32,6,2,0,0,0,1,9_9,1_3
1,1,1,28,6,3,0,0,0,1,5_1,1_4
1,1,1,52,8,2,0,0,0,0,0_0,1_10
1,1,1,10,2,3,0,0,0,1,6_9,-1_-1
1,1,2,25,5,3,0,0,0,1,5_3,-1_-1
2,1,2,27,6,2,0,0,0,0,0_0,1_5
2,3,1,65,9,3,0,0,0,0,0_0,1_10
1,1,1,8,2,3,0,0,0,1,5_1,1_2
1,1,2,36,7,2,0,0,0,0,0_0,3_5
1,1,1,39,7,3,0,0,0,1,2_1,-1_-1
2,1,1,38,7,2,0,0,0,0,0_0,2_8
1,1,1,26,6,3,0,0,0,0,0_0,2_-1
1,1,2,15,3,2,0,0,0,1,4_1,1_5
1,1,1,2,1,3,0,0,0,1,5_4,-1_-1
1,1,2,40,7,3,0,0,0,1,9_5,3_8
1,1,2,21,5,2,0,0,0,0,0_0,1_2
1,1,2,86,11,3,0,0,0,0,0_0,3_7
2,1,1,10,2,3,0,0,0,0,0_0,2_2
1,1,1,28,6,2,0,0,0,1,5_1,3_7
1,2,2,22,5,3,0,0,0,0,0_0,2_5
1,1,2,49,8,3,0,0,0,0,0_0,3_8
1,1,1,10,2,2,0,0,0,1,5_1,1_3
2,1,2,15,3,3,0,0,0,0,0_0,1_2
1,1,2,20,4,3,0,0,0,1,1_3,1_3
1,1,1,37,7,3,0,0,0,1,5_1,2_10
1,1,2,21,5,3,0,0,0,1,4_3,1_2
1,1,1,18,4,3,0,0,0,1,1_1,1_2
1,1,2,49,8,3,0,0,0,1,10_9,3_7
2,2,1,53,8,3,0,0,0,0,0_0,3_9
2,1,2,58,9,3,0,0,0,1,5_3,1_5
1,1,2,43,7,2,0,0,0,1,1_1,1_2
1,1,1,32,6,3,0,0,0,1,4_3,1_6
2,1,1,38,7,3,0,0,0,0,0_0,3_9
1,1,2,26,6,2,0,0,0,0,0_0,1_1
2,2,1,31,6,2,0,0,0,0,0_0,1_10
1,1,1,5,1,3,0,0,0,1,9_7,2_9
1,1,2,4,1,3,0,0,0,1,5_2,1_3
1,1,2,22,5,3,0,0,0,1,5_3,1_1
2,2,2,32,6,3,0,0,0,0,0_0,1_4
3,1,1,46,8,3,0,0,0,0,0_0,1_10
2,1,1,22,5,2,0,0,0,0,0_0,1_8
1,1,2,21,5,2,0,0,0,1,1_1,1_4
1,1,2,83,11,3,0,0,0,0,0_0,1_9
1,1,1,41,7,2,0,0,0,0,0_0,3_5
2,1,1,54,8,1,0,0,0,1,10_9,1_3
1,1,2,48,8,3,0,0,0,1,6_9,1_10
1,1,1,42,7,2,0,0,0,1,9_5,-1_-1
1,1,1,89,11,1,0,0,0,1,9_9,1_5
2,2,2,54,8,2,0,0,0,0,0_0,1_10
2,1,1,74,10,2,0,0,0,0,0_0,3_6
1,1,1,31,6,1,0,0,0,0,0_0,1_4
1,1,2,51,8,3,0,0,0,0,0_0,2_9
1,1,2,58,9,2,0,0,0,1,9_8,1_10
2,1,1,9,2,2,0,0,0,0,0_0,1_5
1,1,2,55,8,2,0,0,0,1,9_9,-1_-1
1,1,1,14,3,3,0,0,0,0,0_0,2_5
1,1,1,16,4,3,0,0,0,1,0_0,1_5
2,2,2,48,8,2,0,0,0,0,0_0,1_10
1,1,2,87,11,2,0,0,0,0,0_0,1_4
1,1,1,27,6,2,0,0,0,1,1_2,1_4
1,1,1,32,6,3,0,0,0,1,5_1,2_8
2,1,1,81,11,2,0,0,0,0,0_0,1_3
3,1,1,48,8,3,0,0,0,0,0_0,1_8
2,1,1,84,11,3,0,0,0,0,0_0,2_7
2,1,2,69,10,3,0,0,0,1,0_0,-1_-1
1,2,1,50,8,3,0,0,0,1,0_0,-1_-1
2,3,1,23,5,3,0,0,0,0,0_0,2_4
1,1,2,42,7,3,0,0,0,1,5_3,2_9
1,1,2,17,4,3,0,0,0,1,0_0,3_8
2,1,1,62,9,3,0,0,0,0,0_0,3_8
1,2,2,18,4,2,0,0,0,1,1_1,-1_-1
1,3,2,18,4,2,0,0,0,1,1_1,-1_-1
2,1,1,68,10,3,0,0,0,0,0_0,1_7
1,1,2,40,7,3,0,0,0,1,5_1,1_7
3,1,1,74,10,3,0,0,0,0,0_0,2_8
2,1,2,48,8,3,0,0,0,0,0_0,-1_-1
3,1,2,23,5,3,0,0,0,0,0_0,1_9
1,1,1,10,2,2,0,0,0,0,0_0,-1_-1
1,1,2,12,3,3,0,0,0,1,9_5,1_9
1,1,2,21,5,2,0,0,0,1,5_1,1_4
1,1,2,35,6,3,0,0,0,1,1_1,1_1
2,1,1,14,3,3,0,0,0,0,0_0,1_6
1,1,1,74,10,3,0,0,0,0,0_0,2_4
1,1,1,72,10,2,0,0,0,0,0_0,1_2
2,2,2,62,9,3,0,0,0,0,0_0,1_8
1,1,2,62,9,3,0,0,0,1,5_1,-1_-1
1,1,1,36,7,3,0,0,0,0,0_0,2_5
1,1,2,27,6,3,0,0,0,1,10_9,1_8
1,1,2,22,5,3,0,0,0,1,1_3,1_2
1,1,2,25,5,3,0,0,0,1,10_9,1_2
1,1,1,25,5,2,0,0,0,0,0_0,3_9
1,1,1,26,6,2,0,0,0,1,1_2,1_8
2,1,2,45,7,3,0,0,0,0,0_0,3_3
2,2,2,45,7,3,0,0,0,0,0_0,1_1
1,1,1,51,8,2,0,0,0,1,0_0,1_2
1,1,1,31,6,2,0,0,0,1,4_1,-1_-1
1,1,2,20,4,3,0,0,0,1,1_1,-1_-1
1,1,1,36,7,1,0,0,0,1,5_9,-1_-1
2,2,1,63,9,3,0,0,0,0,0_0,-1_-1
2,2,1,40,7,2,0,0,0,0,0_0,3_4
2,1,1,21,5,3,0,0,0,0,0_0,2_6
1,1,2,12,3,2,0,0,0,1,5_1,2_6
1,2,2,19,4,3,0,0,0,1,0_0,1_6
2,1,2,41,7,2,0,0,0,0,0_0,1_8
1,1,1,18,4,2,0,0,0,1,5_1,2_9
1,1,1,28,6,3,0,0,0,0,0_0,2_7
1,1,2,88,11,3,0,0,0,0,0_0,3_7
1,1,2,37,7,3,0,0,0,1,10_9,1_2
2,3,2,46,8,3,0,0,0,0,0_0,1_3
1,1,1,67,10,2,0,0,0,0,0_0,1_6
1,1,2,24,5,2,0,0,0,0,0_0,3_8
1,1,2,78,11,3,0,0,0,1,6_9,-1_-1
2,1,1,36,7,3,0,0,0,0,0_0,2_7
2,2,1,24,5,3,0,0,0,1,0_0,2_5
1,1,2,55,8,3,0,0,0,0,0_0,2_7
1,1,1,29,6,3,0,0,0,1,1_1,-1_-1
1,1,2,38,7,3,0,0,0,1,6_9,1_2
2,2,1,48,8,3,0,0,0,0,0_0,2_2
1,1,1,82,11,3,0,0,0,1,5_1,2_2
2,2,1,20,4,3,0,0,0,1,0_0,1_2
1,1,1,31,6,3,0,0,0,0,0_0,2_3
1,1,1,75,10,3,0,0,0,0,0_0,1_8
1,1,1,38,7,2,0,0,0,1,8_1,1_8
1,1,2,27,6,3,0,0,0,1,1_1,-1_-1
1,1,2,20,4,3,0,0,0,0,0_0,3_8
1,1,1,37,7,3,0,0,0,1,5_2,1_5
1,1,2,32,6,3,0,0,0,1,5_1,-1_-1
2,1,1,15,3,3,0,0,0,0,0_0,2_10
2,1,2,42,7,3,0,0,0,0,0_0,2_4
1,1,2,69,10,3,0,0,0,0,0_0,2_8
2,3,2,54,8,3,0,0,0,0,0_0,1_2
1,1,1,53,8,2,0,0,0,0,0_0,3_9
1,1,2,70,10,2,0,0,0,1,10_9,3_5
1,2,2,59,9,3,0,0,0,1,10_9,1_9
1,1,2,9,2,3,0,0,0,1,5_1,1_4
3,3,1,56,9,3,0,0,0,0,0_0,1_3
1,1,1,12,3,3,0,0,0,1,10_9,2_10
1,1,2,6,2,2,0,0,0,1,6_9,-1_-1
1,2,1,10,2,3,0,0,0,1,10_9,1_1
1,1,1,22,5,3,0,0,0,0,0_0,3_6
2,1,1,66,10,2,0,0,0,0,0_0,2_8
1,1,2,33,6,2,0,0,0,0,0_0,1_10
2,1,2,71,10,3,0,0,0,0,0_0,1_2
3,3,1,47,8,2,0,0,0,0,0_0,1_5
1,1,1,65,9,2,0,0,0,1,9_8,2_4
1,1,1,63,9,3,0,0,0,0,0_0,3_6
2,2,1,57,9,3,0,0,0,0,0_0,1_8
1,1,1,55,8,3,0,0,0,0,0_0,2_4
2,2,2,75,10,3,0,0,0,0,0_0,2_9
1,1,2,80,11,3,0,0,0,1,8_1,2_3
2,1,1,61,9,3,0,0,0,0,0_0,3_8
2,1,1,79,11,3,0,0,0,0,0_0,1_2
2,2,1,74,10,3,0,0,0,0,0_0,1_6
1,1,1,21,5,3,0,0,0,1,5_4,1_9
1,1,1,39,7,2,0,0,0,0,0_0,1_10
1,1,1,36,7,3,0,0,0,1,0_0,3_6
2,2,1,48,8,3,0,0,0,0,0_0,1_6
1,1,1,20,4,3,0,0,0,1,4_1,1_3
2,3,1,30,6,3,0,0,0,1,0_0,-1_-1
2,1,2,77,11,2,0,0,0,0,0_0,2_9
2,1,1,93,11,3,0,0,0,0,0_0,1_9
1,1,1,91,11,3,0,0,0,0,0_0,1_7
2,2,1,70,10,3,0,0,0,0,0_0,1_10
2,1,2,60,9,3,0,0,0,0,0_0,3_10
1,1,1,13,3,2,0,0,0,1,5_2,1_3
1,1,2,21,5,3,0,0,0,1,8_1,1_4
1,1,1,18,4,3,0,0,0,1,8_9,1_4
1,1,1,29,6,3,0,0,0,0,0_0,3_-1
1,1,2,62,9,3,0,0,0,1,1_1,1_2
1,1,1,61,9,1,0,0,0,1,9_5,2_2
1,1,1,33,6,3,0,0,0,1,5_1,1_8
2,1,1,43,7,3,0,0,0,0,0_0,3_6
1,1,1,10,2,3,0,0,0,1,1_1,1_2
2,1,1,52,8,2,0,0,0,0,0_0,1_2
2,2,2,47,8,3,0,0,0,0,0_0,1_7
2,1,1,12,3,3,0,0,0,0,0_0,1_-1
2,2,1,65,9,3,0,0,0,0,0_0,1_9
3,2,2,49,8,3,0,0,0,0,0_0,1_4
1,1,2,55,8,3,0,0,0,1,10_9,2_10
1,1,2,63,9,3,0,0,0,0,0_0,1_9
1,1,1,14,3,3,0,0,0,1,4_6,1_8
1,1,2,75,10,2,0,0,0,1,5_3,1_4
3,2,1,27,6,3,0,0,0,0,0_0,1_1
1,1,1,5,1,2,0,0,0,1,6_9,1_6
3,1,2,31,6,3,0,0,0,0,0_0,1_4
1,1,2,78,11,2,0,0,0,1,5_1,1_2
1,1,2,77,11,3,0,0,0,1,1_1,1_3
1,1,2,40,7,3,0,0,0,0,0_0,2_4
2,1,1,14,3,3,0,0,0,0,0_0,1_-1
2,2,1,53,8,3,0,0,0,0,0_0,1_8
2,1,1,69,10,3,0,0,0,0,0_0,1_7
1,1,1,20,4,2,0,0,0,1,5_2,1_4
2,1,1,45,7,2,0,0,0,1,9_5,1_4
1,1,2,32,6,3,0,0,0,1,9_9,1_2
1,1,2,35,6,3,0,0,0,1,5_3,1_2
2,1,2,40,7,3,0,0,0,0,0_0,1_6
1,1,1,7,2,3,0,0,0,1,5_1,1_6
1,1,1,41,7,3,0,0,0,1,5_1,1_2
1,1,2,24,5,3,0,0,0,1,5_1,1_6
1,1,1,63,9,1,0,0,0,0,0_0,1_2
1,1,1,88,11,1,0,0,0,0,0_0,1_9
2,3,1,25,5,3,0,0,0,0,0_0,1_3
2,2,1,51,8,3,0,0,0,1,0_0,1_3
1,1,2,46,8,2,0,0,0,1,9_8,1_6
1,1,1,45,7,2,0,0,0,1,1_3,1_2
1,1,1,45,7,3,0,0,0,1,9_9,1_8
2,3,1,47,8,3,0,0,0,0,0_0,-1_-1
1,1,2,33,6,3,0,0,0,1,1_1,1_4
1,1,1,26,6,3,0,0,0,1,10_9,1_5
1,1,1,24,5,3,0,0,0,1,5_1,-1_-1
2,1,1,62,9,2,0,0,0,0,0_0,1_5
2,1,1,70,10,3,0,0,0,0,0_0,3_6
1,1,2,92,11,1,0,0,0,1,1_3,1_7
1,2,1,38,7,3,0,0,0,0,0_0,3_8
2,1,2,25,5,3,0,0,0,0,0_0,2_7
1,1,2,55,8,3,0,0,0,1,5_1,-1_-1
1,1,2,11,3,3,0,0,0,1,5_4,1_1
1,1,1,47,8,2,0,0,0,0,0_0,1_8
1,1,2,23,5,3,0,0,0,1,6_9,1_4
1,2,1,28,6,3,0,0,0,1,6_9,1_3
1,1,1,50,8,3,0,0,0,0,0_0,2_10
1,3,1,24,5,3,0,0,0,0,0_0,1_2
1,1,2,20,4,2,0,0,0,1,5_1,1_9
1,1,1,54,8,3,0,0,0,0,0_0,2_8
1,1,1,17,4,2,0,0,0,1,5_1,-1_-1
1,1,2,37,7,3,0,0,0,0,0_0,2_2
2,2,1,19,4,3,0,0,0,0,0_0,2_3
1,1,1,15,3,3,0,0,0,1,5_9,1_1
1,1,2,33,6,3,0,0,0,0,0_0,2_8
2,2,1,65,9,3,0,0,0,0,0_0,2_10
2,1,1,73,10,2,0,0,0,1,6_9,1_9
2,1,2,68,10,3,0,0,0,0,0_0,3_5
3,2,1,44,7,1,0,0,0,0,0_0,-1_-1
1,1,2,21,5,2,0,0,0,0,0_0,-1_-1
1,1,2,50,8,2,0,0,0,0,0_0,2_3
1,1,2,45,7,2,0,0,0,1,1_1,1_2
1,1,2,21,5,3,0,0,0,1,9_6,1_4
1,1,2,24,5,2,0,0,0,0,0_0,1_5
2,1,1,27,6,2,0,0,0,0,0_0,1_10
1,1,1,10,2,2,0,0,0,1,5_3,-1_-1
1,1,2,18,4,2,0,0,0,0,0_0,1_4
1,1,1,33,6,1,0,0,0,0,0_0,1_3
1,1,1,16,4,3,0,0,0,1,1_3,1_8
1,1,2,11,3,3,0,0,0,1,2_1,-1_-1
1,1,2,25,5,2,0,0,0,1,1_1,-1_-1
1,1,1,20,4,3,0,0,0,1,10_9,1_2
1,1,1,87,11,3,0,0,0,1,5_1,1_7
3,2,2,43,7,3,0,0,0,0,0_0,1_8
1,1,1,87,11,1,0,0,0,0,0_0,1_8
1,1,2,35,6,2,0,0,0,1,10_9,1_9
2,1,2,25,5,3,0,0,0,0,0_0,3_5
2,2,1,54,8,3,0,0,0,0,0_0,3_9
2,1,2,29,6,3,0,0,0,0,0_0,3_10
2,2,1,43,7,3,0,0,0,0,0_0,3_6
1,1,1,56,9,3,0,0,0,0,0_0,2_4
1,1,1,58,9,2,0,0,0,0,0_0,2_8
2,2,1,60,9,2,0,0,0,0,0_0,2_7
2,2,1,74,10,3,0,0,0,0,0_0,2_9
1,1,2,32,6,3,0,0,0,0,0_0,2_5
2,1,2,41,7,3,0,0,0,0,0_0,2_6
1,1,2,26,6,2,0,0,0,0,0_0,2_10
1,1,1,42,7,3,0,0,0,1,8_5,3_9
3,1,2,50,8,3,0,0,0,0,0_0,1_4
1,1,1,57,9,3,0,0,0,1,1_3,1_4
1,1,2,13,3,3,0,0,0,1,6_9,1_8
1,1,1,72,10,2,0,0,0,1,5_3,1_7
1,1,2,78,11,1,0,0,0,1,6_9,1_8
2,2,1,46,8,3,0,0,0,0,0_0,3_8
1,1,1,42,7,3,0,0,0,1,8_3,1_2
2,1,1,38,7,3,0,0,0,1,9_5,3_5
1,1,1,71,10,3,0,0,0,0,0_0,3_4
2,1,2,13,3,3,0,0,0,0,0_0,2_9
2,1,2,45,7,3,0,0,0,0,0_0,3_9
1,2,1,38,7,2,0,0,0,0,0_0,1_5
2,3,2,62,9,3,0,0,0,0,0_0,3_4
2,2,1,52,8,3,0,0,0,0,0_0,3_6
1,1,2,65,9,2,0,0,0,0,0_0,1_4
2,1,1,67,10,2,0,0,0,0,0_0,1_2
1,1,1,68,10,3,0,0,0,0,0_0,3_4
1,1,1,12,3,3,0,0,0,1,5_4,3_8
1,1,2,49,8,3,0,0,0,1,1_1,-1_-1
1,2,2,22,5,3,0,0,0,1,8_1,1_5
1,1,2,48,8,3,0,0,0,1,1_1,-1_-1
2,2,1,19,4,3,0,0,0,0,0_0,3_6
1,1,2,55,8,1,0,0,0,1,9_9,1_4
1,1,1,70,10,1,0,0,0,1,4_1,-1_-1
1,1,2,74,10,3,0,0,0,1,6_9,1_8
1,1,2,65,9,3,0,0,0,1,6_9,1_3
1,1,1,69,10,2,0,0,0,1,5_9,2_9
2,3,1,26,6,3,0,0,0,0,0_0,2_8
2,1,1,18,4,2,0,0,0,0,0_0,1_8
1,1,2,32,6,2,0,0,0,0,0_0,1_10
2,1,2,25,5,2,0,0,0,0,0_0,1_4
1,1,2,16,4,3,0,0,0,1,5_3,1_4
1,1,2,74,10,3,0,0,0,0,0_0,2_10
2,2,2,72,10,3,0,0,0,0,0_0,3_9
1,1,2,18,4,2,0,0,0,1,5_3,1_4
1,1,1,12,3,3,0,0,0,1,5_4,1_8
1,1,2,37,7,3,0,0,0,1,9_5,2_7
2,1,2,34,6,2,0,0,0,0,0_0,2_6
1,1,1,55,8,2,0,0,0,0,0_0,1_5
1,1,2,59,9,3,0,0,0,0,0_0,3_5
2,1,1,26,6,2,0,0,0,0,0_0,3_7
1,1,1,24,5,3,0,0,0,1,5_2,3_5
1,1,1,54,8,3,0,0,0,1,5_1,1_8
1,1,2,24,5,3,0,0,0,0,0_0,2_5
2,2,2,74,10,3,0,0,0,0,0_0,2_10
1,1,1,32,6,3,0,0,0,1,6_9,1_7
1,1,2,21,5,3,0,0,0,1,7_9,1_1
1,1,1,54,8,3,0,0,0,1,5_9,1_3
2,1,2,48,8,3,0,0,0,0,0_0,1_4
1,2,1,36,7,3,0,0,0,1,5_3,1_1
2,1,2,62,9,3,0,0,0,0,0_0,1_1
1,1,1,43,7,2,0,0,0,0,0_0,2_8
1,1,1,88,11,3,0,0,0,1,9_5,1_2
1,1,1,23,5,3,0,0,0,1,9_5,2_7
2,1,1,28,6,3,0,0,0,0,0_0,3_3
1,1,2,53,8,3,0,0,0,1,6_9,1_9
1,1,1,38,7,3,0,0,0,1,10_5,1_1
1,1,1,12,3,3,0,0,0,1,5_9,1_4
1,1,1,44,7,3,0,0,0,1,5_1,-1_-1
3,2,1,51,8,3,0,0,0,0,0_0,3_6
1,1,1,27,6,3,0,0,0,1,9_5,1_1
1,1,1,68,10,2,0,0,0,0,0_0,1_5
3,2,2,33,6,3,0,0,0,0,0_0,3_7
1,1,2,72,10,3,0,0,0,0,0_0,3_5
2,2,1,36,7,3,0,0,0,0,0_0,2_5
1,1,2,47,8,3,0,0,0,1,1_1,1_6
1,1,1,85,11,3,0,0,0,0,0_0,2_5
1,1,1,16,4,2,0,0,0,0,0_0,1_6
1,2,1,46,8,2,0,0,0,1,5_1,2_5
1,1,1,26,6,1,0,0,0,1,9_7,3_4
1,1,2,33,6,3,0,0,0,1,5_1,1_8
2,1,1,43,7,2,0,0,0,0,0_0,1_8
1,1,1,54,8,3,0,0,0,0,0_0,3_4
2,1,1,48,8,2,0,0,0,0,0_0,3_5
1,3,2,77,11,2,0,0,0,0,0_0,1_4
1,1,1,41,7,2,0,0,0,0,0_0,2_6
1,3,1,44,7,3,0,0,0,0,0_0,1_10
3,2,2,72,10,3,0,0,0,0,0_0,1_10
1,1,1,58,9,3,0,0,0,1,9_5,1_7
2,1,1,75,10,3,0,0,0,0,0_0,1_10
1,1,1,8,2,3,0,0,0,1,8_1,1_8
1,1,2,16,4,2,0,0,0,1,5_1,1_2
1,1,1,23,5,1,0,0,0,1,0_0,3_9
1,2,1,23,5,3,0,0,0,0,0_0,2_10
1,1,1,57,9,3,0,0,0,0,0_0,3_9
1,1,1,92,11,1,0,0,0,0,0_0,1_6
1,1,2,39,7,2,0,0,0,0,0_0,1_9
1,1,2,45,7,3,0,0,0,0,0_0,3_7
1,1,1,14,3,3,0,0,0,1,1_1,1_4
1,1,2,75,10,2,0,0,0,0,0_0,1_7
1,1,2,29,6,1,0,0,0,0,0_0,1_2
1,2,1,84,11,3,0,0,0,0,0_0,1_5
1,1,1,29,6,3,0,0,0,0,0_0,2_9
2,2,2,43,7,3,0,0,0,0,0_0,2_9
1,1,1,40,7,3,0,0,0,0,0_0,3_-1
1,1,2,24,5,2,0,0,0,0,0_0,1_8
2,2,2,60,9,3,0,0,0,0,0_0,2_4
1,1,2,80,11,3,0,0,0,0,0_0,2_9
2,1,1,70,10,3,0,0,0,0,0_0,3_8
1,1,2,29,6,3,0,0,0,0,0_0,3_-1
2,3,2,26,6,3,0,0,0,0,0_0,1_8
1,1,1,27,6,3,0,0,0,1,5_1,1_1
2,1,2,33,6,2,0,0,0,0,0_0,3_10
3,2,2,35,6,3,0,0,0,0,0_0,3_10
2,3,2,53,8,3,0,0,0,0,0_0,1_8
1,1,1,79,11,2,0,0,0,1,1_3,1_6
2,2,1,57,9,2,0,0,0,0,0_0,1_8
1,1,1,45,7,3,0,0,0,0,0_0,2_4
2,1,2,62,9,3,0,0,0,0,0_0,3_6
1,1,1,80,11,3,0,0,0,0,0_0,1_9
1,3,1,50,8,3,0,0,0,0,0_0,1_7
2,1,1,41,7,2,0,0,0,0,0_0,1_9
1,1,2,11,3,2,0,0,0,1,1_1,1_3
1,1,1,19,4,2,0,0,0,1,10_9,1_4
1,2,1,44,7,3,0,0,0,0,0_0,1_3
1,1,2,10,2,2,0,0,0,1,4_1,1_5
1,2,1,7,2,3,0,0,0,1,4_1,1_5
1,1,1,40,7,2,0,0,0,1,6_9,1_3
2,2,2,24,5,3,0,0,0,0,0_0,1_7
2,2,1,54,8,2,0,0,0,0,0_0,3_10
1,1,1,37,7,3,0,0,0,0,0_0,2_3
1,1,2,38,7,2,0,0,0,1,4_9,1_3
2,1,2,79,11,3,0,0,0,0,0_0,1_3
1,1,1,35,6,3,0,0,0,1,10_9,1_4
1,1,1,6,2,3,0,0,0,1,6_9,1_3
2,3,2,45,7,3,0,0,0,0,0_0,-1_-1
1,1,1,46,8,3,0,0,0,1,4_3,1_8
2,1,1,39,7,3,0,0,0,0,0_0,1_-1
1,1,2,31,6,3,0,0,0,0,0_0,3_10
1,1,2,62,9,3,0,0,0,1,5_9,1_2
2,1,1,22,5,2,0,0,0,0,0_0,1_6
1,1,2,15,3,3,0,0,0,1,5_9,1_2
1,1,1,33,6,3,0,0,0,1,5_1,1_-1
2,1,2,43,7,3,0,0,0,0,0_0,-1_-1
2,1,2,51,8,3,0,0,0,0,0_0,3_10
1,1,1,33,6,1,0,0,0,1,5_1,-1_-1
1,1,2,20,4,1,0,0,0,0,0_0,-1_-1
2,1,1,69,10,3,0,0,0,0,0_0,1_1
3,1,1,21,5,2,0,0,0,0,0_0,3_9
2,1,2,24,5,3,0,0,0,1,0_0,-1_-1
1,1,1,33,6,3,0,0,0,1,5_1,1_2
2,1,1,49,8,3,0,0,0,0,0_0,1_-1
1,1,1,11,3,2,0,0,0,1,5_1,-1_-1
2,1,1,64,9,2,0,0,0,0,0_0,1_3
1,1,2,80,11,2,0,0,0,0,0_0,1_9
2,3,2,44,7,3,0,0,0,0,0_0,3_9
2,1,2,71,10,3,0,0,0,0,0_0,1_4
1,1,1,63,9,2,0,0,0,0,0_0,2_9
3,2,1,75,10,3,0,0,0,0,0_0,1_8
1,1,2,80,11,2,0,0,0,1,5_2,1_2
1,1,1,10,2,3,0,0,0,1,5_2,1_8
1,1,2,31,6,3,0,0,0,1,6_9,-1_-1
1,1,2,51,8,2,0,0,0,0,0_0,3_6
2,2,2,53,8,3,0,0,0,0,0_0,2_8
1,3,1,39,7,3,0,0,0,0,0_0,2_8
2,1,1,54,8,1,0,0,0,0,0_0,1_3
2,2,1,63,9,2,0,0,0,0,0_0,1_5
3,1,1,66,10,3,0,0,0,0,0_0,3_6
3,3,1,78,11,3,0,0,0,0,0_0,2_7
1,1,2,25,5,2,0,0,0,1,10_9,1_5
2,2,2,30,6,2,0,0,0,0,0_0,1_10
2,1,1,56,9,2,0,0,0,0,0_0,3_-1
2,1,1,45,7,2,0,0,0,0,0_0,1_4
2,2,1,29,6,2,0,0,0,0,0_0,1_9
2,3,2,24,5,3,0,0,0,0,0_0,1_8
1,1,2,11,3,3,0,0,0,1,5_3,-1_-1
1,1,1,71,10,3,0,0,0,1,5_3,1_4
2,1,1,69,10,2,0,0,0,0,0_0,1_7
1,2,1,19,4,2,0,0,0,1,0_0,1_8
1,2,2,54,8,3,0,0,0,0,0_0,3_6
2,1,2,55,8,3,0,0,0,0,0_0,2_6
1,1,1,35,6,3,0,0,0,1,6_9,1_1
1,1,1,19,4,1,0,0,0,0,0_0,1_2
1,1,2,3,1,2,0,0,0,1,10_9,2_6
1,1,2,61,9,3,0,0,0,1,5_9,1_3
1,1,1,31,6,2,0,0,0,0,0_0,2_-1
2,2,1,23,5,3,0,0,0,0,0_0,2_5
2,3,1,33,6,3,0,0,0,1,0_0,2_9
1,1,2,52,8,3,0,0,0,1,1_1,3_9
1,1,2,65,9,3,0,0,0,0,0_0,3_4
1,1,1,42,7,2,0,0,0,1,8_1,1_-1
2,1,1,66,10,2,0,0,0,0,0_0,1_9
2,1,2,39,7,3,0,0,0,0,0_0,2_5
2,2,2,10,2,3,0,0,0,1,0_0,2_5
1,1,2,60,9,3,0,0,0,1,9_9,1_2
1,1,1,67,10,3,0,0,0,0,0_0,3_8
2,2,1,41,7,3,0,0,0,0,0_0,2_6
1,1,1,20,4,2,0,0,0,0,0_0,3_3
2,1,1,28,6,3,0,0,0,1,0_0,1_6
1,2,1,91,11,2,0,0,0,0,0_0,3_6
2,1,1,71,10,2,0,0,0,0,0_0,2_6
2,1,1,10,2,3,0,0,0,0,0_0,2_3
1,1,1,76,11,1,0,0,0,0,0_0,1_4
1,1,1,57,9,3,0,0,0,1,5_1,2_5
1,1,1,46,8,2,0,0,0,0,0_0,1_-1
2,2,2,49,8,3,0,0,0,0,0_0,3_6
1,2,1,23,5,3,0,0,0,0,0_0,3_6
1,1,2,22,5,3,0,0,0,1,5_9,1_1
2,1,1,24,5,3,0,0,0,0,0_0,2_9
3,2,1,34,6,3,0,0,0,0,0_0,3_1
2,1,1,56,9,2,0,0,0,0,0_0,1_4
1,1,2,23,5,3,0,0,0,1,6_9,1_2
1,1,1,25,5,2,0,0,0,0,0_0,3_4
1,2,1,12,3,3,0,0,0,1,10_9,1_7
2,2,1,52,8,3,0,0,0,0,0_0,1_8
2,1,2,25,5,3,0,0,0,0,0_0,2_-1
1,1,1,31,6,2,0,0,0,0,0_0,2_4
1,1,1,32,6,3,0,0,0,1,9_5,1_3
1,1,1,62,9,2,0,0,0,0,0_0,1_3
1,1,2,31,6,3,0,0,0,1,9_6,1_7
1,1,1,77,11,1,0,0,0,0,0_0,1_3
2,1,1,24,5,3,0,0,0,0,0_0,3_6
2,2,2,67,10,3,0,0,0,0,0_0,1_6
2,2,2,49,8,3,0,0,0,0,0_0,1_6
2,1,2,42,7,2,0,0,0,0,0_0,1_3
3,1,2,19,4,3,0,0,0,0,0_0,1_5
2,2,1,40,7,2,0,0,0,0,0_0,1_6
1,1,2,80,11,2,0,0,0,1,9_9,1_3
2,1,1,68,10,2,0,0,0,0,0_0,1_8
1,1,2,39,7,3,0,0,0,1,5_1,1_8
1,2,1,41,7,3,0,0,0,0,0_0,3_8
2,1,2,80,11,3,0,0,0,0,0_0,3_6
1,1,1,53,8,2,0,0,0,0,0_0,1_3
1,2,1,49,8,2,0,0,0,0,0_0,3_6
2,1,2,29,6,2,0,0,0,0,0_0,3_5
2,2,1,43,7,3,0,0,0,0,0_0,2_4
1,2,2,37,7,3,0,0,0,1,9_5,1_4
1,3,1,21,5,3,0,0,0,1,9_5,1_4
1,1,2,12,3,3,0,0,0,1,3_3,1_1
2,2,1,19,4,2,0,0,0,0,0_0,1_1
3,1,2,26,6,3,0,0,0,0,0_0,1_4
1,1,1,10,2,2,0,0,0,1,1_1,-1_-1
2,2,1,73,10,3,0,0,0,0,0_0,1_4
2,1,1,77,11,3,0,0,0,0,0_0,1_6
2,1,1,26,6,3,0,0,0,0,0_0,2_6
1,1,1,14,3,3,0,0,0,1,0_0,-1_-1
1,2,1,14,3,3,0,0,0,1,0_0,-1_-1
1,1,1,41,7,3,0,0,0,0,0_0,3_5
1,1,1,61,9,3,0,0,0,1,6_8,1_2
2,2,2,86,11,2,0,0,0,0,0_0,2_6
2,1,1,67,10,3,0,0,0,0,0_0,3_4
3,1,1,51,8,3,0,0,0,0,0_0,1_10
1,1,1,87,11,3,0,0,0,0,0_0,3_7
2,1,2,73,10,3,0,0,0,0,0_0,1_9
2,3,1,30,6,3,0,0,0,0,0_0,1_2
1,1,1,31,6,2,0,0,0,0,0_0,3_1
2,1,1,11,3,3,0,0,0,0,0_0,1_7
2,1,1,21,5,3,0,0,0,0,0_0,2_4
1,2,2,17,4,2,0,0,0,1,0_0,1_4
3,1,2,21,5,3,0,0,0,0,0_0,1_4
1,1,2,27,6,3,0,0,0,1,9_5,1_7
1,1,2,12,3,3,0,0,0,1,5_1,-1_-1
1,1,1,19,4,3,0,0,0,1,5_1,1_10
2,1,1,27,6,3,0,0,0,0,0_0,2_6
2,1,2,32,6,2,0,0,0,0,0_0,1_7
3,3,2,44,7,3,0,0,0,0,0_0,1_4
2,1,1,33,6,3,0,0,0,0,0_0,2_10
1,1,2,71,10,2,0,0,0,0,0_0,3_6
1,1,1,14,3,2,0,0,0,1,6_9,1_10
1,1,1,77,11,3,0,0,0,0,0_0,3_7
1,1,2,16,4,3,0,0,0,0,0_0,1_9
1,1,1,35,6,2,0,0,0,0,0_0,2_10
1,1,1,12,3,3,0,0,0,0,0_0,2_8
1,1,2,3,1,3,0,0,0,1,1_1,1_10
3,3,2,36,7,3,0,0,0,0,0_0,3_8
1,1,2,63,9,3,0,0,0,0,0_0,1_8
1,1,1,37,7,2,0,0,0,0,0_0,2_3
1,1,2,41,7,2,0,0,0,0,0_0,1_9
1,1,2,20,4,3,0,0,0,0,0_0,1_-1
1,1,1,14,3,3,0,0,0,0,0_0,3_6
2,1,1,44,7,3,0,0,0,0,0_0,1_8
1,2,1,19,4,3,0,0,0,0,0_0,3_2
2,1,1,69,10,3,0,0,0,0,0_0,2_9
1,1,1,92,11,1,0,0,0,0,0_0,1_1
1,1,1,44,7,3,0,0,0,0,0_0,2_6
1,1,2,41,7,3,0,0,0,0,0_0,3_4
1,1,2,17,4,3,0,0,0,0,0_0,2_7
2,3,1,39,7,3,0,0,0,0,0_0,3_8
1,1,1,17,4,2,0,0,0,1,5_3,1_10
1,1,1,15,3,2,0,0,0,1,5_1,1_4
2,2,1,47,8,3,0,0,0,0,0_0,1_10
2,1,2,40,7,2,0,0,0,0,0_0,1_7
2,2,1,69,10,2,0,0,0,0,0_0,1_8
1,1,2,56,9,3,0,0,0,1,9_8,1_6
1,1,2,37,7,3,0,0,0,0,0_0,3_3
1,1,2,10,2,3,0,0,0,1,1_9,-1_-1
1,1,1,76,11,3,0,0,0,1,10_5,1_3
3,2,1,62,9,3,0,0,0,0,0_0,1_7
2,2,1,35,6,2,0,0,0,0,0_0,3_6
1,1,2,26,6,3,0,0,0,1,9_9,1_8
1,1,1,56,9,3,0,0,0,0,0_0,3_5
1,1,1,9,2,3,0,0,0,1,1_9,1_7
2,1,1,32,6,2,0,0,0,0,0_0,1_10
2,2,2,27,6,3,0,0,0,0,0_0,1_10
1,1,2,27,6,2,0,0,0,1,1_3,1_6
1,1,1,57,9,2,0,0,0,1,8_3,1_9
1,1,1,35,6,2,0,0,0,1,5_9,3_7
1,1,2,29,6,3,0,0,0,0,0_0,3_6
2,1,1,57,9,2,0,0,0,0,0_0,2_10
2,1,2,18,4,3,0,0,0,0,0_0,3_4
2,2,2,53,8,2,0,0,0,1,0_0,3_5
1,1,2,31,6,3,0,0,0,0,0_0,3_8
2,2,1,31,6,3,0,0,0,0,0_0,3_5
1,1,2,71,10,2,0,0,0,1,5_7,2_5
1,1,2,43,7,3,0,0,0,1,8_1,1_3
1,1,1,39,7,3,0,0,0,1,5_9,1_7
1,2,1,13,3,2,0,0,0,1,0_0,1_2
1,2,2,44,7,3,0,0,0,1,0_0,1_2
1,2,2,62,9,3,0,0,0,1,0_0,1_5
2,1,2,25,5,3,0,0,0,1,9_6,1_4
1,1,2,52,8,2,0,0,0,1,1_3,1_5
1,1,1,85,11,3,0,0,0,0,0_0,1_4
2,2,1,57,9,3,0,0,0,0,0_0,1_3
2,1,1,59,9,3,0,0,0,0,0_0,3_10
1,1,2,36,7,3,0,0,0,1,6_9,1_4
1,1,1,34,6,3,0,0,0,1,9_6,1_6
1,2,2,23,5,2,0,0,0,0,0_0,1_6
1,1,2,41,7,1,0,0,0,0,0_0,1_8
2,1,1,46,8,2,0,0,0,0,0_0,1_9
1,1,2,31,6,2,0,0,0,0,0_0,1_7
1,1,1,50,8,3,0,0,0,1,1_1,1_2
2,2,1,30,6,3,0,0,0,0,0_0,3_-1
1,2,2,24,5,3,0,0,0,0,0_0,1_5
2,1,2,51,8,2,0,0,0,0,0_0,1_4
2,1,1,50,8,2,0,0,0,0,0_0,1_4
2,1,2,37,7,3,0,0,0,0,0_0,2_6
1,1,1,88,11,1,0,0,0,0,0_0,1_4
2,2,1,20,4,3,0,0,0,0,0_0,1_8
1,2,1,19,4,3,0,0,0,0,0_0,3_7
2,3,2,21,5,3,0,0,0,0,0_0,1_10
1,1,1,67,10,1,0,0,0,0,0_0,3_6
2,1,1,66,10,3,0,0,0,0,0_0,3_6
1,1,1,22,5,3,0,0,0,1,0_0,1_1
1,1,2,53,8,3,0,0,0,1,9_5,1_7
2,1,1,31,6,3,0,0,0,1,0_0,-1_-1
2,2,1,31,6,3,0,0,0,0,0_0,1_8
1,2,1,29,6,2,0,0,0,1,0_0,1_4
1,1,2,33,6,3,0,0,0,0,0_0,2_4
1,1,1,14,3,3,0,0,0,1,5_4,1_1
2,1,1,55,8,3,0,0,0,0,0_0,3_4
1,1,1,28,6,3,0,0,0,1,8_1,1_5
1,1,2,6,2,3,0,0,0,1,5_1,1_2
1,1,2,35,6,3,0,0,0,1,9_5,1_7
1,1,2,80,11,2,0,0,0,1,9_9,2_9
2,1,2,13,3,2,0,0,0,0,0_0,1_2
2,1,2,72,10,3,0,0,0,1,0_0,3_4
1,1,1,41,7,3,0,0,0,1,9_8,1_2
2,1,1,51,8,2,0,0,0,0,0_0,1_8
2,1,1,47,8,3,0,0,0,0,0_0,3_6
1,1,1,25,5,3,0,0,0,0,0_0,2_8
3,1,1,50,8,3,0,0,0,0,0_0,2_1
1,1,2,8,2,3,0,0,0,1,8_1,1_6
1,1,1,45,7,2,0,0,0,0,0_0,2_3
2,1,1,24,5,3,0,0,0,0,0_0,3_3
2,1,2,5,1,3,0,0,0,1,0_0,1_10
1,1,2,47,8,2,0,0,0,1,5_4,1_7
1,1,1,49,8,2,0,0,0,0,0_0,1_10
2,2,1,71,10,2,0,0,0,0,0_0,2_6
1,1,2,27,6,3,0,0,0,0,0_0,2_10
1,1,2,49,8,2,0,0,0,0,0_0,3_8
2,1,2,38,7,3,0,0,0,0,0_0,1_-1
1,1,1,17,4,3,0,0,0,1,6_9,1_7
1,1,1,52,8,3,0,0,0,0,0_0,3_10
2,2,2,67,10,3,0,0,0,0,0_0,3_8
1,1,2,13,3,2,0,0,0,1,5_1,1_10
2,1,2,63,9,3,0,0,0,0,0_0,2_9
1,1,2,47,8,2,0,0,0,0,0_0,-1_-1
1,1,2,32,6,3,0,0,0,1,1_4,1_6
1,1,2,64,9,3,0,0,0,1,6_9,1_1
1,1,2,48,8,3,0,0,0,1,10_9,1_2
1,2,1,36,7,3,0,0,0,0,0_0,1_4
3,1,1,52,8,3,0,0,0,0,0_0,1_4
2,1,1,43,7,2,0,0,0,0,0_0,2_4
1,1,1,40,7,2,0,0,0,1,10_5,1_3
1,1,1,14,3,3,0,0,0,0,0_0,2_2
1,1,1,40,7,3,0,0,0,1,8_8,1_3
2,2,1,28,6,3,0,0,0,0,0_0,1_4
1,1,2,54,8,3,0,0,0,0,0_0,2_9
1,1,2,14,3,2,0,0,0,1,1_3,1_8
1,1,2,19,4,3,0,0,0,1,9_5,2_5
2,2,1,26,6,3,0,0,0,1,0_0,3_8
1,2,1,49,8,3,0,0,0,0,0_0,1_7
1,1,1,68,10,3,0,0,0,1,5_1,1_10
1,1,2,12,3,3,0,0,0,1,10_3,1_4
1,1,1,46,8,3,0,0,0,1,9_5,1_4
2,2,2,55,8,3,0,0,0,0,0_0,3_6
2,1,1,68,10,3,0,0,0,0,0_0,2_6
3,2,2,21,5,2,0,0,0,0,0_0,2_6
1,1,1,32,6,3,0,0,0,1,5_9,1_6
1,1,2,58,9,3,0,0,0,1,1_1,1_3
1,1,1,24,5,3,0,0,0,1,5_9,1_3
1,1,1,17,4,2,0,0,0,1,1_1,1_10
2,2,1,28,6,2,0,0,0,0,0_0,2_5
1,1,1,24,5,3,0,0,0,0,0_0,2_3
1,1,1,44,7,2,0,0,0,0,0_0,1_3
2,1,2,31,6,3,0,0,0,0,0_0,3_10
1,1,2,83,11,3,0,0,0,1,5_2,1_4
1,1,2,21,5,3,0,0,0,1,8_4,1_7
1,2,1,39,7,2,0,0,0,0,0_0,1_2
1,1,2,35,6,3,0,0,0,0,0_0,3_9
1,1,2,91,11,3,0,0,0,0,0_0,2_3
1,1,2,71,10,3,0,0,0,0,0_0,1_8
1,1,2,54,8,1,0,0,0,0,0_0,1_6
1,1,2,70,10,2,0,0,0,1,1_1,1_6
1,2,1,34,6,2,0,0,0,0,0_0,1_7
2,2,1,33,6,3,0,0,0,0,0_0,2_9
2,2,2,27,6,3,0,0,0,0,0_0,1_6
2,2,1,17,4,3,0,0,0,0,0_0,1_8
2,1,2,17,4,3,0,0,0,0,0_0,1_6
1,1,2,13,3,2,0,0,0,1,5_2,1_7
1,1,1,55,8,2,0,0,0,1,10_9,1_6
3,1,1,52,8,3,0,0,0,0,0_0,1_10
1,2,2,30,6,3,0,0,0,0,0_0,3_5
1,1,2,79,11,3,0,0,0,0,0_0,2_6
2,2,1,70,10,3,0,0,0,0,0_0,3_4
1,1,1,80,11,2,0,0,0,0,0_0,3_5
2,1,1,52,8,3,0,0,0,0,0_0,2_7
2,2,2,56,9,2,0,0,0,0,0_0,3_6
3,1,2,59,9,2,0,0,0,0,0_0,3_4
1,1,1,7,2,3,0,0,0,0,0_0,1_2
1,1,1,68,10,3,0,0,0,0,0_0,1_4
2,1,2,11,3,3,0,0,0,0,0_0,1_3
1,1,1,19,4,2,0,0,0,1,5_1,2_6
1,1,2,29,6,3,0,0,0,0,0_0,2_5
2,1,2,19,4,3,0,0,0,0,0_0,3_4
1,1,1,45,7,3,0,0,0,1,1_1,1_1
1,1,1,73,10,3,0,0,0,1,5_3,1_4
1,1,1,31,6,3,0,0,0,1,5_1,1_3
1,1,2,70,10,3,0,0,0,1,6_9,1_8
2,2,1,34,6,2,0,0,0,0,0_0,3_6
1,2,1,76,11,3,0,0,0,0,0_0,3_9
2,1,1,59,9,3,0,0,0,0,0_0,3_7
1,1,1,6,2,3,0,0,0,1,5_1,3_5
1,1,2,85,11,3,0,0,0,1,5_3,1_5
2,1,2,59,9,3,0,0,0,0,0_0,3_7
2,1,1,41,7,2,0,0,0,0,0_0,1_5
2,2,1,62,9,2,0,0,0,0,0_0,1_9
3,1,2,57,9,2,0,0,0,0,0_0,-1_-1
2,1,1,62,9,2,0,0,0,0,0_0,3_8
1,2,2,52,8,3,0,0,0,0,0_0,3_8
2,2,1,43,7,2,0,0,0,0,0_0,2_8
1,1,2,2,1,3,0,0,0,1,5_3,1_2
1,1,1,16,4,3,0,0,0,1,5_3,1_6
1,1,1,50,8,2,0,0,0,1,5_1,1_7
1,1,2,21,5,2,0,0,0,0,0_0,1_9
1,1,1,56,9,2,0,0,0,1,5_1,1_9
1,1,2,30,6,2,0,0,0,0,0_0,1_7
1,1,1,19,4,3,0,0,0,0,0_0,3_10
1,1,1,31,6,2,0,0,0,1,9_9,1_6
1,1,2,21,5,3,0,0,0,1,1_3,1_3
1,1,1,67,10,2,0,0,0,1,9_9,1_8
1,1,2,20,4,3,0,0,0,0,0_0,3_-1
2,2,1,7,2,3,0,0,0,1,0_0,1_3
1,3,1,37,7,3,0,0,0,0,0_0,1_5
1,1,1,5,1,2,0,0,0,1,5_3,3_8
1,1,2,53,8,3,0,0,0,0,0_0,1_8
1,1,2,83,11,3,0,0,0,1,8_7,2_3
2,2,1,60,9,3,0,0,0,0,0_0,3_2
2,1,2,53,8,3,0,0,0,0,0_0,3_9
1,1,1,11,3,3,0,0,0,1,5_2,3_4
1,1,1,36,7,2,0,0,0,0,0_0,2_1
1,1,2,28,6,3,0,0,0,1,0_0,1_5
1,2,1,36,7,2,0,0,0,0,0_0,1_8
2,1,1,56,9,1,0,0,0,0,0_0,1_3
2,2,2,58,9,3,0,0,0,0,0_0,1_2
1,1,2,38,7,2,0,0,0,1,10_7,1_3
1,1,2,17,4,3,0,0,0,0,0_0,3_6
2,1,1,29,6,2,0,0,0,0,0_0,2_5
1,1,2,8,2,3,0,0,0,1,6_9,2_3
2,2,1,56,9,3,0,0,0,0,0_0,2_10
1,1,1,30,6,2,0,0,0,0,0_0,1_10
1,1,2,28,6,2,0,0,0,0,0_0,3_5
1,1,1,56,9,2,0,0,0,1,5_1,1_2
1,1,1,34,6,1,0,0,0,0,0_0,3_4
1,1,2,70,10,3,0,0,0,0,0_0,-1_-1
1,1,1,42,7,2,0,0,0,1,5_2,3_5
2,1,1,19,4,3,0,0,0,0,0_0,2_8
1,1,2,24,5,3,0,0,0,1,4_1,1_4
1,2,2,45,7,3,0,0,0,1,4_3,1_5
1,1,2,12,3,3,0,0,0,1,4_2,-1_-1
1,2,1,38,7,1,0,0,0,0,0_0,1_3
1,1,1,55,8,2,0,0,0,0,0_0,3_7
1,1,1,28,6,3,0,0,0,0,0_0,3_1
2,2,1,30,6,3,0,0,0,0,0_0,1_2
1,1,1,53,8,3,0,0,0,1,1_1,1_2
3,2,1,57,9,3,0,0,0,0,0_0,3_4
1,1,2,82,11,3,0,0,0,0,0_0,1_9
2,2,1,31,6,3,0,0,0,0,0_0,1_10
2,1,1,59,9,1,0,0,0,0,0_0,-1_-1
1,1,1,80,11,3,0,0,0,0,0_0,1_1
2,1,1,21,5,3,0,0,0,0,0_0,3_4
1,2,2,78,11,3,0,0,0,0,0_0,1_9
1,1,1,73,10,3,0,0,0,0,0_0,3_9
1,1,1,65,9,3,0,0,0,1,9_5,1_2
1,1,2,14,3,2,0,0,0,1,5_9,1_1
1,1,2,62,9,3,0,0,0,0,0_0,2_4
1,1,1,44,7,3,0,0,0,0,0_0,3_6
1,1,1,28,6,3,0,0,0,1,9_8,2_3
1,1,2,13,3,3,0,0,0,1,5_1,2_4
2,1,1,11,3,3,0,0,0,0,0_0,3_7
1,1,1,32,6,3,0,0,0,0,0_0,3_6
1,1,1,80,11,1,0,0,0,0,0_0,2_3
1,1,1,56,9,2,0,0,0,0,0_0,3_6
1,1,1,78,11,2,0,0,0,1,1_1,1_8
1,1,2,51,8,3,0,0,0,0,0_0,3_5
1,1,1,82,11,3,0,0,0,0,0_0,3_7
1,1,2,73,10,1,0,0,0,1,0_0,2_10
1,2,1,73,10,3,0,0,0,0,0_0,2_10
2,3,1,62,9,3,0,0,0,0,0_0,1_8
2,1,1,60,9,1,0,0,0,0,0_0,1_3
1,2,1,73,10,2,0,0,0,0,0_0,1_10
1,1,2,12,3,3,0,0,0,1,5_1,2_2
1,1,1,80,11,3,0,0,0,0,0_0,2_5
1,1,1,42,7,1,0,0,0,1,10_9,2_5
1,1,2,57,9,2,0,0,0,0,0_0,1_1
1,1,2,58,9,3,0,0,0,1,6_7,1_9
1,2,2,35,6,3,0,0,0,0,0_0,3_6
1,2,1,62,9,2,0,0,0,0,0_0,2_4
1,1,2,79,11,3,0,0,0,0,0_0,1_5
2,2,2,24,5,3,0,0,0,0,0_0,1_3
1,1,1,88,11,2,0,0,0,0,0_0,3_5
1,1,2,53,8,3,0,0,0,0,0_0,3_6
1,1,1,65,9,3,0,0,0,1,9_7,3_4
2,2,2,34,6,3,0,0,0,0,0_0,2_6
3,3,2,23,5,3,0,0,0,0,0_0,1_4
2,1,1,85,11,3,0,0,0,0,0_0,1_10
2,1,1,42,7,3,0,0,0,0,0_0,3_6
1,1,1,55,8,1,0,0,0,0,0_0,1_1
1,1,2,60,9,2,0,0,0,1,10_9,1_6
1,1,1,3,1,3,0,0,0,1,5_4,2_2
2,1,1,28,6,3,0,0,0,0,0_0,3_10
1,1,2,56,9,3,0,0,0,1,6_9,1_4
1,1,1,34,6,2,0,0,0,1,5_1,1_2
2,1,2,24,5,3,0,0,0,1,0_0,1_5
2,1,1,36,7,3,0,0,0,0,0_0,3_9
1,1,1,14,3,3,0,0,0,1,8_3,1_9
1,1,1,19,4,2,0,0,0,0,0_0,3_7
1,1,2,14,3,2,0,0,0,1,5_4,1_1
1,1,1,81,11,2,0,0,0,0,0_0,3_7
2,2,2,75,10,3,0,0,0,0,0_0,1_6
2,1,1,59,9,2,0,0,0,0,0_0,3_8
1,1,2,52,8,3,0,0,0,1,8_3,1_1
2,1,2,55,8,3,0,0,0,1,0_0,1_10
2,1,1,32,6,2,0,0,0,0,0_0,3_8
1,1,1,66,10,3,0,0,0,1,5_9,-1_-1
1,1,1,21,5,3,0,0,0,1,1_1,2_2
2,1,2,19,4,2,0,0,0,0,0_0,1_9
1,1,2,10,2,3,0,0,0,1,4_1,1_3
1,1,1,37,7,3,0,0,0,1,9_8,1_4
2,3,2,63,9,3,0,0,0,0,0_0,1_9
3,2,2,64,9,3,0,0,0,0,0_0,3_8
1,1,1,25,5,3,0,0,0,0,0_0,2_5
1,1,1,40,7,3,0,0,0,0,0_0,3_8
1,1,2,10,2,3,0,0,0,1,4_4,-1_-1
1,1,1,60,9,2,0,0,0,0,0_0,3_7
2,1,2,53,8,2,0,0,0,0,0_0,1_7
1,1,1,28,6,2,0,0,0,0,0_0,3_6
1,1,1,39,7,2,0,0,0,0,0_0,3_10
1,2,2,12,3,3,0,0,0,1,1_3,-1_-1
1,1,1,62,9,2,0,0,0,0,0_0,3_8
1,1,1,13,3,2,0,0,0,1,5_1,1_4
2,2,1,46,8,2,0,0,0,0,0_0,3_7
2,2,2,45,7,3,0,0,0,0,0_0,2_3
2,1,2,58,9,3,0,0,0,0,0_0,2_5
1,1,1,50,8,3,0,0,0,1,1_4,1_8
1,1,2,40,7,3,0,0,0,1,8_3,1_5
1,2,1,56,9,3,0,0,0,1,5_1,1_7
3,3,1,42,7,3,0,0,0,0,0_0,1_6
1,2,1,20,4,3,0,0,0,1,1_3,1_4
1,1,1,54,8,3,0,0,0,1,1_3,1_4
1,1,2,66,10,3,0,0,0,0,0_0,1_6
1,1,2,29,6,3,0,0,0,1,1_1,1_5
1,1,1,55,8,3,0,0,0,1,5_1,-1_-1
1,1,1,22,5,3,0,0,0,1,1_1,1_7
2,1,1,15,3,3,0,0,0,1,0_0,1_3
2,2,2,17,4,3,0,0,0,0,0_0,1_3
2,3,1,46,8,3,0,0,0,0,0_0,1_1
1,1,1,25,5,3,0,0,0,1,1_3,1_1
1,1,1,18,4,3,0,0,0,1,1_9,1_6
1,1,1,29,6,2,0,0,0,1,5_1,1_3
1,1,1,20,4,3,0,0,0,1,5_1,1_1
1,1,1,60,9,3,0,0,0,1,5_2,1_6
1,1,1,37,7,3,0,0,0,1,1_3,1_1
1,1,2,33,6,3,0,0,0,1,8_9,1_5
1,1,1,82,11,3,0,0,0,1,5_4,1_6
1,1,1,0,1,3,0,0,0,1,5_1,1_6
1,1,1,71,10,2,0,0,0,1,4_1,1_2
1,1,1,51,8,2,0,0,0,1,4_2,1_6
1,1,1,52,8,3,0,0,0,0,0_0,2_5
1,1,2,81,11,2,0,0,0,1,5_1,1_3
1,1,1,22,5,3,0,0,0,1,5_3,1_3
1,1,1,29,6,2,0,0,0,1,1_3,1_2
1,1,2,57,9,3,0,0,0,0,0_0,2_10
1,1,1,70,10,2,0,0,0,1,1_1,-1_-1
1,1,2,24,5,3,0,0,0,1,5_1,1_2
1,1,1,69,10,2,0,0,0,1,6_9,1_1
1,1,1,41,7,3,0,0,0,1,5_3,1_3
1,1,2,64,9,3,0,0,0,1,1_9,1_7
2,1,1,76,11,3,0,0,0,0,0_0,1_5
1,1,1,32,6,2,0,0,0,1,1_1,1_7
1,1,2,31,6,3,0,0,0,1,4_3,1_2
1,1,1,16,4,3,0,0,0,1,1_3,1_5
1,1,1,4,1,3,0,0,0,1,5_9,1_2
1,1,2,28,6,2,0,0,0,1,1_1,1_7
1,1,2,30,6,3,0,0,0,1,10_9,1_4
1,1,1,19,4,3,0,0,0,1,5_9,1_2
1,1,1,43,7,3,0,0,0,1,1_3,1_4
1,1,1,64,9,2,0,0,0,0,0_0,1_4
1,1,1,47,8,2,0,0,0,0,0_0,1_7
1,1,1,37,7,3,0,0,0,1,5_3,1_3
1,1,2,43,7,3,0,0,0,1,6_9,1_5
1,1,2,68,10,3,0,0,0,0,0_0,1_5
1,1,2,13,3,3,0,0,0,1,8_1,1_8
1,1,1,20,4,2,0,0,0,1,4_2,3_6
1,2,2,43,7,3,0,0,0,1,10_9,1_2
2,3,2,55,8,3,0,0,0,0,0_0,1_1
1,2,2,18,4,2,0,0,0,1,9_7,1_2
1,1,1,44,7,1,0,0,0,1,4_3,-1_-1
1,1,2,60,9,3,0,0,0,1,1_9,1_5
1,1,1,83,11,2,0,0,0,0,0_0,1_1
1,1,1,64,9,3,0,0,0,0,0_0,1_8
1,1,1,28,6,2,0,0,0,1,9_7,1_2
1,1,2,49,8,3,0,0,0,0,0_0,3_7
2,2,2,18,4,3,0,0,0,0,0_0,3_7
1,1,1,11,3,3,0,0,0,1,8_4,3_7
1,1,2,12,3,3,0,0,0,1,10_8,1_1
1,1,1,21,5,2,0,0,0,0,0_0,3_9
1,1,1,39,7,2,0,0,0,1,5_1,1_-1
1,2,2,78,11,3,0,0,0,0,0_0,1_4
1,1,1,47,8,2,0,0,0,0,0_0,1_4
1,1,2,19,4,2,0,0,0,1,5_3,1_3
2,1,1,81,11,3,0,0,0,0,0_0,1_6
1,1,1,17,4,2,0,0,0,1,1_1,1_8
1,1,1,40,7,3,0,0,0,1,4_3,-1_-1
1,2,2,24,5,3,0,0,0,0,0_0,1_1
2,1,1,71,10,2,0,0,0,0,0_0,1_5
2,1,1,41,7,2,0,0,0,0,0_0,1_1
1,1,2,47,8,3,0,0,0,0,0_0,1_7
1,1,2,12,3,2,0,0,0,1,5_4,1_2
1,2,2,71,10,2,0,0,0,1,5_3,1_5
1,2,2,37,7,3,0,0,0,1,0_0,1_2
1,3,2,8,2,3,0,0,0,1,0_0,1_2
1,1,1,25,5,3,0,0,0,1,1_1,1_8
1,1,1,81,11,2,0,0,0,1,5_3,1_5
1,1,1,77,11,2,0,0,0,1,5_3,1_5
1,1,1,59,9,3,0,0,0,1,3_3,1_3
1,1,1,15,3,3,0,0,0,1,1_1,1_2
1,1,1,34,6,3,0,0,0,1,9_7,1_4
2,3,1,22,5,3,0,0,0,0,0_0,1_3
1,2,1,30,6,2,0,0,0,1,1_1,1_4
1,3,1,4,1,3,0,0,0,1,1_1,1_4
1,1,2,26,6,2,0,0,0,1,1_1,1_4
1,1,2,77,11,2,0,0,0,1,5_3,1_3
1,1,1,59,9,2,0,0,0,1,4_9,1_1
3,1,1,60,9,2,0,0,0,0,0_0,1_7
1,1,2,37,7,2,0,0,0,0,0_0,1_1
1,1,1,4,1,3,0,0,0,1,5_9,1_10
2,1,2,68,10,3,0,0,0,0,0_0,1_5
1,1,2,31,6,3,0,0,0,1,5_1,1_2
1,1,2,13,3,3,0,0,0,1,5_1,1_9
1,1,1,67,10,3,0,0,0,1,1_9,1_2
1,1,2,65,9,3,0,0,0,1,4_1,1_6
1,2,2,62,9,2,0,0,0,1,4_1,1_1
2,3,1,71,10,3,0,0,0,0,0_0,-1_-1
1,2,2,33,6,3,0,0,0,0,0_0,1_1
1,1,2,38,7,1,0,0,0,1,1_1,1_1
1,1,1,79,11,2,0,0,0,0,0_0,1_4
1,1,2,49,8,3,0,0,0,1,5_3,1_1
2,1,1,51,8,3,0,0,0,0,0_0,3_8
2,2,2,27,6,2,0,0,0,0,0_0,1_8
1,1,1,58,9,2,0,0,0,1,5_1,1_5
1,1,1,88,11,3,0,0,0,0,0_0,1_5
1,1,2,25,5,2,0,0,0,0,0_0,1_4
2,2,2,53,8,2,0,0,0,0,0_0,1_5
1,1,1,13,3,3,0,0,0,1,4_1,-1_-1
1,1,1,33,6,1,0,0,0,0,0_0,1_1
2,2,2,40,7,2,0,0,0,0,0_0,1_1
2,1,2,16,4,2,0,0,0,0,0_0,1_5
1,2,2,42,7,2,0,0,0,1,5_1,1_2
2,1,2,16,4,3,0,0,0,0,0_0,2_9
2,1,1,30,6,2,0,0,0,0,0_0,1_6
2,2,2,29,6,3,0,0,0,1,0_0,1_6
1,1,2,60,9,3,0,0,0,1,10_9,-1_-1
2,1,2,35,6,2,0,0,0,0,0_0,1_2
1,1,2,66,10,2,0,0,0,1,8_9,1_7
1,1,1,11,3,2,0,0,0,1,1_3,1_1
1,1,1,55,8,3,0,0,0,1,1_3,1_3
2,2,1,69,10,3,0,0,0,0,0_0,1_3
1,1,2,17,4,3,0,0,0,1,5_1,-1_-1
1,1,1,53,8,3,0,0,0,1,1_1,1_3
1,1,1,30,6,3,0,0,0,1,10_9,1_3
1,1,2,5,1,2,0,0,0,1,5_1,1_3
3,1,2,57,9,3,0,0,0,0,0_0,1_7
1,1,2,28,6,2,0,0,0,1,6_9,-1_-1
3,2,1,51,8,3,0,0,0,0,0_0,2_10
2,3,2,29,6,3,0,0,0,0,0_0,1_3
1,1,1,24,5,3,0,0,0,1,0_0,1_2
2,2,1,22,5,3,0,0,0,1,0_0,-1_-1
1,1,2,18,4,3,0,0,0,1,1_3,1_1
1,1,1,5,1,3,0,0,0,1,5_2,1_2
2,1,1,68,10,2,0,0,0,0,0_0,1_3
1,1,1,43,7,3,0,0,0,1,1_1,1_10
1,1,2,48,8,3,0,0,0,1,6_9,1_5
3,1,2,34,6,3,0,0,0,0,0_0,1_6
2,1,1,33,6,2,0,0,0,0,0_0,2_9
1,2,2,11,3,3,0,0,0,1,0_0,1_6
1,3,2,31,6,3,0,0,0,1,0_0,1_6
1,1,2,14,3,3,0,0,0,1,5_1,1_2
1,1,1,41,7,3,0,0,0,1,8_3,1_3
1,1,2,12,3,3,0,0,0,1,5_4,1_2
2,1,1,62,9,2,0,0,0,0,0_0,1_4
1,1,2,12,3,3,0,0,0,1,1_3,1_2
1,1,1,65,9,3,0,0,0,1,5_1,1_6
1,1,2,36,7,2,0,0,0,1,9_8,1_5
1,1,2,29,6,2,0,0,0,1,9_9,-1_-1
2,1,1,14,3,2,0,0,0,0,0_0,1_6
2,2,1,16,4,3,0,0,0,1,0_0,1_3
2,2,2,12,3,3,0,0,0,1,0_0,1_5
1,1,1,24,5,3,0,0,0,1,5_1,1_2
1,1,1,75,10,3,0,0,0,1,1_1,1_2
1,1,1,57,9,3,0,0,0,1,9_5,1_6
1,1,1,40,7,3,0,0,0,1,5_4,1_2
1,1,2,3,1,3,0,0,0,1,6_9,1_4
3,2,1,49,8,3,0,0,0,0,0_0,2_2
2,1,1,25,5,2,0,0,0,1,0_0,1_1
1,1,1,72,10,3,0,0,0,0,0_0,2_7
1,2,1,62,9,2,0,0,0,0,0_0,1_2
1,1,2,17,4,3,0,0,0,0,0_0,1_1
1,1,1,65,9,3,0,0,0,0,0_0,3_9
2,2,2,46,8,3,0,0,0,0,0_0,3_9
1,2,1,25,5,2,0,0,0,0,0_0,1_1
1,1,2,13,3,3,0,0,0,1,8_2,1_5
1,1,1,35,6,3,0,0,0,0,0_0,2_8
1,1,2,10,2,3,0,0,0,0,0_0,1_1
1,1,2,68,10,3,0,0,0,1,5_9,1_3
2,1,2,30,6,3,0,0,0,0,0_0,3_6
2,1,1,8,2,3,0,0,0,1,1_2,1_1
2,2,2,12,3,3,0,0,0,1,1_2,1_1
1,1,1,34,6,3,0,0,0,1,4_9,1_10
1,1,1,63,9,3,0,0,0,0,0_0,3_9
1,1,1,36,7,3,0,0,0,0,0_0,2_4
1,1,2,35,6,3,0,0,0,1,6_9,1_1
1,1,2,63,9,3,0,0,0,1,9_5,-1_-1
1,1,2,48,8,3,0,0,0,1,5_1,1_2
2,1,2,26,6,2,0,0,0,0,0_0,1_6
1,1,2,37,7,2,0,0,0,1,8_1,1_7
1,1,2,15,3,3,0,0,0,1,4_1,1_2
1,1,1,32,6,3,0,0,0,1,9_9,1_5
1,1,2,35,6,3,0,0,0,1,1_1,1_2
1,1,2,18,4,3,0,0,0,1,1_1,1_3
1,1,2,31,6,2,0,0,0,1,1_3,1_2
1,1,1,50,8,3,0,0,0,1,10_9,1_1
1,1,1,29,6,3,0,0,0,1,4_3,1_4
1,1,2,28,6,3,0,0,0,1,9_9,1_3
1,1,1,37,7,3,0,0,0,1,9_5,1_5
1,1,2,60,9,3,0,0,0,0,0_0,1_1
1,1,2,83,11,3,0,0,0,0,0_0,1_5
1,1,1,61,9,3,0,0,0,1,8_3,1_3
1,1,1,64,9,3,0,0,0,1,6_9,1_3
1,1,1,32,6,3,0,0,0,1,1_9,1_1
1,1,2,38,7,2,0,0,0,1,5_1,1_7
3,1,1,61,9,3,0,0,0,0,0_0,1_1
1,1,1,45,7,2,0,0,0,1,1_1,1_2
1,3,1,23,5,2,0,0,0,0,0_0,1_8
1,1,1,57,9,3,0,0,0,1,8_9,1_5
1,1,2,40,7,3,0,0,0,1,9_9,-1_-1
1,1,1,10,2,3,0,0,0,1,10_1,-1_-1
1,1,1,43,7,3,0,0,0,1,10_9,1_1
1,1,1,45,7,2,0,0,0,1,1_3,1_3
2,1,2,31,6,2,0,0,0,0,0_0,1_2
1,1,2,73,10,1,0,0,0,1,5_1,-1_-1
1,1,1,74,10,1,0,0,0,1,10_1,-1_-1
2,1,2,21,5,2,0,0,0,0,0_0,-1_-1
1,1,2,50,8,3,0,0,0,1,5_1,1_6
1,1,2,58,9,3,0,0,0,1,10_1,1_4
1,1,2,74,10,3,0,0,0,0,0_0,1_8
2,2,2,50,8,3,0,0,0,0,0_0,1_8
1,1,1,34,6,3,0,0,0,1,10_9,-1_-1
1,1,2,22,5,3,0,0,0,1,1_3,1_5
2,2,2,55,8,3,0,0,0,0,0_0,1_6
2,1,1,16,4,2,0,0,0,0,0_0,1_4
2,1,2,51,8,2,0,0,0,0,0_0,1_5
1,1,2,35,6,2,0,0,0,1,10_9,1_8
3,2,1,57,9,3,0,0,0,0,0_0,1_10
1,1,1,25,5,2,0,0,0,1,4_1,1_8
1,1,2,74,10,2,0,0,0,1,10_9,1_4
1,1,2,24,5,3,0,0,0,1,1_9,1_3
3,1,2,71,10,3,0,0,0,0,0_0,1_5
1,1,1,12,3,3,0,0,0,1,5_4,1_4
1,1,2,31,6,3,0,0,0,1,1_1,1_5
1,1,1,58,9,3,0,0,0,1,9_5,1_9
1,1,1,4,1,3,0,0,0,1,6_9,1_6
1,1,1,60,9,2,0,0,0,1,1_2,1_3
1,1,1,28,6,3,0,0,0,1,5_3,1_2
1,1,1,10,2,2,0,0,0,0,0_0,1_7
1,1,1,59,9,1,0,0,0,1,10_9,1_3
1,1,1,16,4,3,0,0,0,1,1_3,1_1
1,1,1,23,5,3,0,0,0,1,3_3,1_-1
1,1,2,19,4,2,0,0,0,1,1_1,1_2
1,1,2,23,5,3,0,0,0,1,10_9,1_2
1,1,1,46,8,3,0,0,0,1,1_1,-1_-1
1,2,2,27,6,3,0,0,0,1,4_2,1_4
2,1,1,12,3,3,0,0,0,0,0_0,1_4
1,1,2,83,11,3,0,0,0,1,1_1,1_3
1,1,2,68,10,2,0,0,0,1,5_1,1_5
3,2,1,59,9,3,0,0,0,0,0_0,1_2
1,1,1,25,5,2,0,0,0,1,5_1,1_2
1,1,1,16,4,2,0,0,0,1,5_2,1_5
1,1,2,25,5,2,0,0,0,0,0_0,2_4
2,1,2,33,6,3,0,0,0,1,0_0,1_4
3,1,2,52,8,3,0,0,0,0,0_0,1_7
1,1,2,24,5,3,0,0,0,0,0_0,3_6
1,1,2,10,2,2,0,0,0,1,5_1,1_5
2,1,2,19,4,3,0,0,0,0,0_0,-1_-1
3,1,2,30,6,3,0,0,0,0,0_0,3_5
1,1,2,72,10,3,0,0,0,1,4_1,1_9
1,1,2,69,10,3,0,0,0,1,0_0,1_1
1,1,2,42,7,3,0,0,0,1,5_1,1_3
1,1,2,11,3,3,0,0,0,1,1_9,1_6
1,1,1,11,3,3,0,0,0,1,6_9,1_10
1,1,2,48,8,3,0,0,0,0,0_0,-1_-1
1,1,1,17,4,3,0,0,0,1,1_1,1_2
1,1,1,62,9,2,0,0,0,1,5_2,1_1
1,1,2,47,8,2,0,0,0,1,6_9,1_7
1,1,2,17,4,3,0,0,0,1,9_9,1_1
3,2,1,70,10,3,0,0,0,0,0_0,-1_-1
1,1,2,83,11,3,0,0,0,1,6_9,1_7
1,1,2,21,5,3,0,0,0,1,10_9,1_3
1,1,2,51,8,3,0,0,0,0,0_0,1_8
1,1,2,17,4,3,0,0,0,1,1_1,1_9
1,1,1,34,6,3,0,0,0,1,5_1,1_1
1,1,1,91,11,2,0,0,0,0,0_0,1_7
2,1,1,46,8,2,0,0,0,1,6_9,1_3
2,1,2,7,2,3,0,0,0,0,0_0,1_2
2,2,2,3,1,3,0,0,0,1,0_0,1_2
2,2,1,19,4,3,0,0,0,0,0_0,1_3
1,1,1,12,3,3,0,0,0,1,4_3,1_5
1,2,2,23,5,3,0,0,0,0,0_0,3_8
2,1,1,25,5,2,0,0,0,0,0_0,2_2
2,2,2,37,7,2,0,0,0,0,0_0,-1_-1
1,1,1,11,3,3,0,0,0,1,8_8,1_2
2,2,2,61,9,3,0,0,0,0,0_0,3_7
2,3,1,21,5,3,0,0,0,1,0_0,3_7
2,2,1,45,7,3,0,0,0,0,0_0,1_6
1,1,1,19,4,2,0,0,0,0,0_0,3_8
3,2,1,61,9,3,0,0,0,0,0_0,1_6
1,1,2,10,2,3,0,0,0,1,5_1,1_5
1,1,2,25,5,3,0,0,0,1,5_2,1_2
1,1,2,64,9,2,0,0,0,1,1_9,1_1
1,1,2,25,5,2,0,0,0,1,5_3,1_4
1,1,1,23,5,3,0,0,0,1,5_3,1_4
1,1,1,15,3,2,0,0,0,1,9_5,1_3
1,1,2,15,3,3,0,0,0,1,1_1,1_3
1,1,2,26,6,3,0,0,0,1,6_9,1_2
1,1,2,38,7,2,0,0,0,1,4_1,1_7
2,1,1,45,7,3,0,0,0,0,0_0,2_5
1,1,1,34,6,3,0,0,0,1,8_1,1_6
1,1,2,23,5,3,0,0,0,1,1_1,1_6
2,1,1,39,7,2,0,0,0,0,0_0,1_7
1,1,1,48,8,2,0,0,0,1,4_9,1_6
1,1,2,14,3,3,0,0,0,1,10_9,1_7
1,1,2,47,8,2,0,0,0,1,1_3,1_3
1,1,2,74,10,2,0,0,0,1,8_4,1_1
1,1,2,58,9,3,0,0,0,1,6_9,1_4
1,1,1,67,10,3,0,0,0,1,10_3,2_4
1,1,2,83,11,2,0,0,0,1,5_1,1_9
1,1,1,75,10,1,0,0,0,0,0_0,1_3
2,2,2,18,4,3,0,0,0,0,0_0,1_3
1,1,1,54,8,3,0,0,0,1,9_7,1_5
1,1,2,19,4,2,0,0,0,1,1_3,1_9
1,1,2,41,7,3,0,0,0,0,0_0,1_-1
2,2,1,56,9,2,0,0,0,0,0_0,1_10
2,3,2,60,9,3,0,0,0,0,0_0,3_4
1,1,2,26,6,3,0,0,0,1,5_3,2_9
1,1,1,74,10,3,0,0,0,1,8_3,1_2
1,1,2,52,8,3,0,0,0,1,5_1,1_4
1,1,2,32,6,2,0,0,0,1,8_3,1_2
2,2,2,74,10,3,0,0,0,0,0_0,1_9
1,1,2,21,5,2,0,0,0,1,1_3,1_9
2,1,1,19,4,3,0,0,0,0,0_0,2_10
1,1,1,48,8,2,0,0,0,0,0_0,3_6
1,1,2,11,3,2,0,0,0,1,10_9,2_4
2,2,1,17,4,3,0,0,0,0,0_0,1_4
2,2,2,35,6,2,0,0,0,0,0_0,1_2
2,1,1,74,10,3,0,0,0,0,0_0,1_2
2,2,2,17,4,3,0,0,0,0,0_0,1_5
1,1,1,11,3,3,0,0,0,1,0_0,1_1
1,1,2,47,8,3,0,0,0,0,0_0,3_8
3,1,1,32,6,3,0,0,0,0,0_0,1_3
2,1,2,32,6,3,0,0,0,0,0_0,2_2
1,1,1,68,10,3,0,0,0,0,0_0,1_1
2,3,1,27,6,3,0,0,0,0,0_0,1_5
2,1,2,35,6,2,0,0,0,0,0_0,1_5
1,1,2,57,9,2,0,0,0,1,6_9,1_8
2,1,1,27,6,2,0,0,0,0,0_0,1_6
2,2,1,21,5,3,0,0,0,0,0_0,1_5
1,1,1,26,6,3,0,0,0,1,4_1,1_4
1,1,2,37,7,3,0,0,0,1,1_1,1_4
1,1,1,80,11,3,0,0,0,1,1_1,1_2
1,1,2,37,7,3,0,0,0,1,10_9,1_1
1,1,2,43,7,3,0,0,0,1,10_9,1_2
1,1,1,27,6,3,0,0,0,1,6_9,1_4
1,1,2,43,7,3,0,0,0,1,5_3,1_3
1,1,1,53,8,3,0,0,0,1,10_9,1_1
1,1,1,75,10,2,0,0,0,0,0_0,1_7
2,2,1,62,9,3,0,0,0,0,0_0,1_3
1,1,2,54,8,2,0,0,0,1,5_9,1_2
2,1,1,73,10,3,0,0,0,0,0_0,1_7
1,1,1,64,9,3,0,0,0,1,5_3,1_2
1,1,2,58,9,3,0,0,0,1,5_1,1_4
1,1,1,46,8,3,0,0,0,1,6_9,1_9
3,1,2,34,6,2,0,0,0,0,0_0,2_5
1,1,1,10,2,3,0,0,0,1,5_2,1_5
1,1,1,57,9,3,0,0,0,1,4_3,1_5
1,1,2,18,4,2,0,0,0,1,5_1,1_1
1,1,1,37,7,2,0,0,0,0,0_0,2_10
1,1,1,75,10,3,0,0,0,0,0_0,-1_-1
2,2,1,48,8,3,0,0,0,0,0_0,1_5
2,1,1,72,10,3,0,0,0,0,0_0,1_2
1,2,2,58,9,3,0,0,0,0,0_0,1_3
1,1,1,36,7,2,0,0,0,1,1_3,-1_-1
2,1,2,76,11,3,0,0,0,0,0_0,1_10
2,1,2,29,6,2,0,0,0,0,0_0,-1_-1
1,2,1,36,7,2,0,0,0,0,0_0,1_1
1,1,1,50,8,2,0,0,0,1,4_2,1_5
1,1,2,56,9,3,0,0,0,0,0_0,1_10
2,2,2,56,9,3,0,0,0,0,0_0,1_6
1,1,1,33,6,3,0,0,0,1,5_9,1_3
1,1,2,35,6,2,0,0,0,1,1_3,1_2
1,2,1,11,3,3,0,0,0,1,5_9,-1_-1
1,1,2,32,6,3,0,0,0,1,1_1,1_3
1,1,1,67,10,3,0,0,0,1,4_1,1_4
1,1,1,29,6,3,0,0,0,1,6_9,1_5
1,1,2,11,3,3,0,0,0,1,8_3,1_4
1,1,1,11,3,3,0,0,0,1,8_4,1_2
1,1,2,83,11,2,0,0,0,1,1_1,1_9
1,1,1,86,11,2,0,0,0,1,1_1,1_8
1,1,1,33,6,2,0,0,0,1,4_1,1_2
1,1,1,10,2,2,0,0,0,1,9_7,1_8
1,1,1,16,4,2,0,0,0,1,3_1,1_3
1,1,1,25,5,2,0,0,0,1,1_1,1_3
1,1,2,22,5,2,0,0,0,0,0_0,1_2
1,1,2,40,7,3,0,0,0,1,5_1,1_4
2,1,1,69,10,2,0,0,0,0,0_0,1_1
1,1,1,57,9,2,0,0,0,0,0_0,1_3
1,1,2,4,1,2,0,0,0,1,8_7,1_4
1,1,1,12,3,2,0,0,0,1,5_4,1_2
1,1,2,43,7,3,0,0,0,1,8_7,1_4
1,1,2,54,8,3,0,0,0,1,8_3,1_1
1,1,1,43,7,3,0,0,0,0,0_0,2_2
1,1,1,74,10,3,0,0,0,1,5_1,1_1
1,1,2,28,6,3,0,0,0,1,5_1,1_2
1,1,2,38,7,2,0,0,0,1,9_5,1_1
1,1,1,3,1,2,0,0,0,1,9_7,1_2
2,1,1,63,9,3,0,0,0,1,5_1,1_9
3,1,1,76,11,3,0,0,0,0,0_0,1_5
2,1,2,45,7,3,0,0,0,1,0_0,-1_-1
1,1,1,79,11,3,0,0,0,0,0_0,1_5
2,1,1,52,8,2,0,0,0,0,0_0,1_1
1,1,1,17,4,1,0,0,0,0,0_0,1_7
1,1,1,37,7,2,0,0,0,1,8_3,1_2
2,1,2,22,5,3,0,0,0,0,0_0,2_3
2,2,1,36,7,3,0,0,0,0,0_0,1_2
3,3,1,29,6,3,0,0,0,0,0_0,1_3
1,1,1,56,9,2,0,0,0,1,10_9,1_1
1,2,1,77,11,3,0,0,0,0,0_0,1_4
1,1,2,42,7,3,0,0,0,1,8_1,1_5
1,1,1,65,9,3,0,0,0,1,1_9,1_4
1,2,1,20,4,3,0,0,0,0,0_0,-1_-1
3,1,1,38,7,3,0,0,0,0,0_0,1_5
2,1,1,11,3,2,0,0,0,1,0_0,1_6
1,1,1,48,8,1,0,0,0,0,0_0,2_6
1,1,2,6,2,3,0,0,0,1,1_1,1_1
3,2,2,53,8,3,0,0,0,0,0_0,1_6
1,1,2,54,8,3,0,0,0,1,2_1,1_5
1,1,2,51,8,3,0,0,0,1,5_3,1_3
1,1,1,60,9,3,0,0,0,1,6_9,1_7
1,2,1,25,5,3,0,0,0,1,5_1,1_9
1,1,2,13,3,3,0,0,0,1,5_9,1_1
1,1,2,15,3,3,0,0,0,1,6_9,1_7
2,1,2,29,6,3,0,0,0,1,6_9,1_8
1,1,2,57,9,3,0,0,0,1,5_9,1_2
1,2,1,53,8,3,0,0,0,1,6_9,1_1
2,1,2,46,8,2,0,0,0,0,0_0,1_2
1,1,1,18,4,3,0,0,0,1,6_9,1_3
1,1,2,58,9,3,0,0,0,1,9_9,1_2
1,2,2,49,8,3,0,0,0,1,1_1,1_5
1,1,1,13,3,2,0,0,0,1,5_1,1_9
1,1,2,12,3,3,0,0,0,1,4_3,1_7
1,1,2,17,4,3,0,0,0,1,5_3,1_3
2,1,2,69,10,3,0,0,0,0,0_0,1_7
3,1,2,28,6,3,0,0,0,0,0_0,1_3
1,1,2,46,8,2,0,0,0,0,0_0,2_7
1,1,1,52,8,3,0,0,0,1,6_9,1_1
3,1,1,17,4,2,0,0,0,0,0_0,2_8
1,1,1,81,11,3,0,0,0,0,0_0,2_10
1,1,1,19,4,2,0,0,0,1,5_3,1_9
2,2,1,32,6,3,0,0,0,0,0_0,3_9
1,1,1,14,3,3,0,0,0,1,8_1,-1_-1
2,2,1,13,3,3,0,0,0,0,0_0,1_3
1,3,1,24,5,3,0,0,0,0,0_0,-1_-1
2,2,1,38,7,2,0,0,0,0,0_0,1_6
1,1,2,76,11,2,0,0,0,0,0_0,3_9
1,2,2,23,5,3,0,0,0,1,0_0,1_2
1,2,2,16,4,3,0,0,0,1,0_0,-1_-1
2,2,2,27,6,3,0,0,0,0,0_0,1_3
1,1,1,3,1,2,0,0,0,1,1_3,1_1
1,1,2,36,7,2,0,0,0,1,4_3,1_4
1,1,1,11,3,3,0,0,0,1,5_3,-1_-1
1,1,1,63,9,2,0,0,0,1,9_9,1_4
1,1,1,65,9,2,0,0,0,1,5_3,1_4
1,2,1,73,10,3,0,0,0,1,1_3,1_3
1,1,1,31,6,3,0,0,0,1,1_1,1_1
1,2,2,5,1,2,0,0,0,1,6_9,1_4
1,3,1,48,8,2,0,0,0,1,6_9,1_4
1,1,1,25,5,2,0,0,0,1,1_3,1_1
1,1,1,30,6,3,0,0,0,1,5_1,1_7
1,1,1,19,4,3,0,0,0,1,1_9,-1_-1
1,1,2,69,10,3,0,0,0,1,10_9,1_3
1,1,1,20,4,3,0,0,0,1,1_1,1_3
1,1,2,58,9,3,0,0,0,1,1_1,1_1
2,1,1,44,7,2,0,0,0,0,0_0,1_10
1,1,1,12,3,3,0,0,0,1,4_1,1_3
2,2,2,74,10,2,0,0,0,0,0_0,1_9
1,1,1,34,6,3,0,0,0,1,1_1,1_6
1,2,2,1,1,3,0,0,0,1,1_9,1_6
1,1,2,27,6,3,0,0,0,1,0_0,-1_-1
1,1,2,81,11,2,0,0,0,1,1_1,1_4
1,1,2,74,10,3,0,0,0,0,0_0,2_3
1,1,1,59,9,3,0,0,0,1,5_1,-1_-1
1,1,1,35,6,2,0,0,0,1,8_5,1_5
1,1,1,60,9,2,0,0,0,0,0_0,1_5
1,2,2,46,8,2,0,0,0,1,0_0,1_8
2,1,1,58,9,2,0,0,0,0,0_0,1_5
1,1,1,20,4,3,0,0,0,1,6_9,1_3
1,1,2,79,11,3,0,0,0,1,6_9,-1_-1
1,1,1,62,9,1,0,0,0,0,0_0,-1_-1
2,2,1,60,9,3,0,0,0,0,0_0,-1_-1
3,2,1,29,6,3,0,0,0,0,0_0,1_5
2,2,2,60,9,3,0,0,0,0,0_0,3_10
3,3,1,39,7,3,0,0,0,0,0_0,2_9
2,2,2,45,7,3,0,0,0,0,0_0,3_8
2,2,2,18,4,3,0,0,0,0,0_0,1_7
1,1,2,77,11,2,0,0,0,1,6_9,1_2
2,1,1,67,10,3,0,0,0,0,0_0,1_4
1,1,1,82,11,3,0,0,0,0,0_0,1_2
1,1,1,17,4,3,0,0,0,0,0_0,3_-1
2,2,1,30,6,2,0,0,0,0,0_0,2_9
1,1,1,35,6,3,0,0,0,1,5_3,1_8
2,1,1,60,9,3,0,0,0,1,5_1,1_1
1,1,1,18,4,2,0,0,0,0,0_0,3_7
1,1,2,47,8,2,0,0,0,0,0_0,2_10
1,1,2,35,6,3,0,0,0,0,0_0,1_10
1,1,1,48,8,3,0,0,0,0,0_0,3_7
2,1,2,75,10,2,0,0,0,0,0_0,1_10
1,1,2,3,1,2,0,0,0,1,10_1,1_5
1,1,2,64,9,2,0,0,0,1,10_1,1_4
1,1,1,62,9,3,0,0,0,1,9_8,1_8
3,2,1,30,6,3,0,0,0,0,0_0,1_10
1,1,1,88,11,2,0,0,0,0,0_0,1_8
3,2,2,60,9,3,0,0,0,0,0_0,1_10
1,1,1,30,6,3,0,0,0,1,1_3,-1_-1
1,1,1,62,9,3,0,0,0,1,10_9,1_4
1,1,2,70,10,2,0,0,0,1,1_9,1_7
2,2,2,60,9,3,0,0,0,0,0_0,1_10
2,2,1,37,7,2,0,0,0,0,0_0,-1_-1
1,1,2,55,8,3,0,0,0,0,0_0,3_7
1,1,1,10,2,2,0,0,0,1,9_1,1_7
1,1,1,28,6,2,0,0,0,0,0_0,2_-1
1,1,1,11,3,3,0,0,0,0,0_0,2_10
1,1,2,42,7,3,0,0,0,1,6_8,1_9
1,1,2,30,6,2,0,0,0,0,0_0,1_1
1,1,1,59,9,2,0,0,0,0,0_0,2_9
2,1,1,27,6,2,0,0,0,0,0_0,3_9
3,1,1,21,5,3,0,0,0,0,0_0,3_8
1,1,1,82,11,3,0,0,0,0,0_0,1_8
1,1,2,74,10,3,0,0,0,1,5_1,1_4
1,1,2,66,10,3,0,0,0,0,0_0,3_10
3,3,2,35,6,3,0,0,0,0,0_0,2_8
2,1,1,33,6,3,0,0,0,0,0_0,3_6
1,1,1,83,11,3,0,0,0,0,0_0,3_8
1,1,1,24,5,2,0,0,0,1,5_1,1_10
1,1,1,74,10,3,0,0,0,1,4_9,1_7
1,1,1,17,4,1,0,0,0,1,9_5,1_3
1,2,1,50,8,3,0,0,0,1,6_9,1_6
1,1,1,8,2,3,0,0,0,1,5_1,1_10
2,2,2,39,7,3,0,0,0,0,0_0,1_9
1,1,1,17,4,2,0,0,0,1,1_1,1_6
1,1,1,64,9,3,0,0,0,1,9_5,1_10
1,1,1,49,8,3,0,0,0,0,0_0,2_10
1,1,2,17,4,3,0,0,0,1,5_3,1_9
1,1,1,17,4,2,0,0,0,1,10_9,1_6
1,1,1,4,1,3,0,0,0,1,1_1,1_10
2,1,1,23,5,2,0,0,0,0,0_0,1_9
1,1,1,60,9,3,0,0,0,0,0_0,3_10
3,3,1,28,6,3,0,0,0,0,0_0,1_9
2,1,2,37,7,3,0,0,0,0,0_0,2_9
3,2,2,48,8,3,0,0,0,0,0_0,1_10
3,1,1,40,7,3,0,0,0,0,0_0,-1_-1
1,1,1,20,4,3,0,0,0,0,0_0,2_-1
2,1,1,52,8,2,0,0,0,0,0_0,1_10
2,1,1,17,4,3,0,0,0,1,0_0,1_8
2,2,1,15,3,3,0,0,0,0,0_0,1_7
3,2,1,25,5,2,0,0,0,0,0_0,2_6
2,1,1,29,6,2,0,0,0,0,0_0,2_4
2,1,1,31,6,3,0,0,0,0,0_0,3_9
2,1,2,93,11,3,0,0,0,0,0_0,1_6
1,1,1,36,7,3,0,0,0,0,0_0,2_8
2,1,2,58,9,3,0,0,0,0,0_0,3_3
1,1,2,34,6,3,0,0,0,0,0_0,2_9
1,1,2,14,3,3,0,0,0,1,2_1,1_7
1,1,2,70,10,3,0,0,0,0,0_0,3_10
2,1,2,75,10,2,0,0,0,0,0_0,3_10
1,1,2,13,3,3,0,0,0,1,1_1,1_6
1,1,1,41,7,3,0,0,0,0,0_0,2_7
2,2,1,49,8,2,0,0,0,0,0_0,1_9
1,2,1,19,4,3,0,0,0,0,0_0,1_10
1,1,1,29,6,2,0,0,0,1,10_9,1_4
1,1,1,24,5,3,0,0,0,1,1_1,1_8
1,2,1,49,8,2,0,0,0,0,0_0,3_8
1,1,1,86,11,2,0,0,0,0,0_0,1_3
1,3,2,34,6,3,0,0,0,0,0_0,1_6
2,2,1,46,8,3,0,0,0,0,0_0,1_9
1,2,2,76,11,3,0,0,0,0,0_0,1_8
1,1,1,46,8,2,0,0,0,1,6_9,1_6
2,1,1,47,8,3,0,0,0,0,0_0,3_10
2,2,1,93,11,3,0,0,0,0,0_0,2_8
1,1,1,20,4,3,0,0,0,1,5_3,1_3
1,1,1,75,10,3,0,0,0,1,4_1,1_6
1,1,2,10,2,3,0,0,0,1,5_2,-1_-1
1,2,1,40,7,3,0,0,0,0,0_0,1_10
1,1,1,76,11,3,0,0,0,0,0_0,2_8
2,2,1,39,7,3,0,0,0,1,0_0,1_10
2,2,2,37,7,3,0,0,0,0,0_0,3_8
2,2,2,82,11,2,0,0,0,0,0_0,2_10
2,1,1,58,9,2,0,0,0,0,0_0,3_7
3,2,1,43,7,3,0,0,0,0,0_0,1_3
1,1,2,13,3,2,0,0,0,1,5_3,3_10
2,1,1,24,5,3,0,0,0,0,0_0,3_7
1,1,1,19,4,3,0,0,0,1,1_1,1_8
1,1,2,40,7,3,0,0,0,1,6_9,1_4
1,1,2,25,5,2,0,0,0,0,0_0,1_2
1,1,2,36,7,2,0,0,0,1,1_3,1_2
1,1,2,72,10,3,0,0,0,1,4_3,1_1
1,1,1,54,8,1,0,0,0,0,0_0,1_10
1,1,2,41,7,2,0,0,0,0,0_0,3_9
1,1,2,38,7,3,0,0,0,1,6_9,1_8
1,1,2,23,5,3,0,0,0,1,8_1,1_9
1,1,1,55,8,2,0,0,0,0,0_0,3_6
2,1,2,50,8,3,0,0,0,0,0_0,3_6
2,1,1,22,5,3,0,0,0,0,0_0,3_6
3,2,1,76,11,3,0,0,0,0,0_0,1_9
2,2,2,30,6,2,0,0,0,0,0_0,2_6
1,1,1,68,10,3,0,0,0,1,6_9,1_4
1,1,1,16,4,3,0,0,0,1,10_9,1_3
1,1,2,69,10,3,0,0,0,0,0_0,3_8
2,2,1,54,8,3,0,0,0,0,0_0,1_10
1,1,1,57,9,1,0,0,0,0,0_0,3_9
2,3,2,29,6,3,0,0,0,1,0_0,1_7
1,1,2,45,7,3,0,0,0,1,5_1,1_5
1,1,2,32,6,3,0,0,0,1,5_1,1_3
1,1,2,71,10,2,0,0,0,1,5_1,1_9
3,1,2,25,5,3,0,0,0,0,0_0,1_5
2,2,1,71,10,3,0,0,0,0,0_0,1_4
1,1,1,9,2,2,0,0,0,1,9_5,1_3
1,1,1,4,1,3,0,0,0,1,9_9,1_2
1,1,1,48,8,3,0,0,0,1,1_1,1_2
1,1,2,29,6,3,0,0,0,1,10_9,1_2
1,1,1,56,9,3,0,0,0,1,5_3,1_5
1,1,2,38,7,3,0,0,0,1,1_3,1_4
2,1,1,40,7,3,0,0,0,0,0_0,2_9
1,1,1,13,3,3,0,0,0,1,9_8,2_10
2,1,2,67,10,2,0,0,0,0,0_0,2_10
1,1,1,53,8,2,0,0,0,0,0_0,3_6
2,1,1,30,6,3,0,0,0,0,0_0,3_6
2,2,2,63,9,3,0,0,0,0,0_0,1_9
1,1,1,47,8,3,0,0,0,0,0_0,2_10
3,3,1,57,9,2,0,0,0,0,0_0,3_7
2,1,1,54,8,2,0,0,0,0,0_0,2_10
1,1,2,63,9,3,0,0,0,1,10_3,1_4
3,3,1,56,9,3,0,0,0,0,0_0,1_10
1,1,2,27,6,3,0,0,0,1,6_9,1_9
1,1,2,30,6,3,0,0,0,0,0_0,2_8
1,2,1,18,4,3,0,0,0,0,0_0,1_8
2,1,1,33,6,2,0,0,0,0,0_0,2_8
2,1,2,35,6,2,0,0,0,0,0_0,1_9
1,1,2,53,8,3,0,0,0,1,5_3,1_10
1,1,2,21,5,3,0,0,0,1,5_1,1_3
1,1,2,81,11,3,0,0,0,1,5_3,1_7
3,1,2,64,9,3,0,0,0,0,0_0,3_10
1,1,1,55,8,2,0,0,0,1,5_1,1_2
1,1,1,47,8,3,0,0,0,1,9_8,1_9
3,2,1,50,8,3,0,0,0,0,0_0,3_9
2,2,1,36,7,3,0,0,0,0,0_0,3_8
1,1,1,73,10,1,0,0,0,1,5_1,2_4
1,1,2,30,6,3,0,0,0,1,1_2,1_10
1,2,1,62,9,2,0,0,0,1,0_0,3_7
3,1,1,58,9,3,0,0,0,0,0_0,1_4
1,1,1,39,7,3,0,0,0,1,5_4,-1_-1
1,1,1,48,8,2,0,0,0,1,5_9,-1_-1
1,1,1,75,10,3,0,0,0,0,0_0,3_4
2,2,1,20,4,3,0,0,0,0,0_0,3_5
1,3,2,21,5,3,0,0,0,0,0_0,2_10
1,1,2,59,9,3,0,0,0,1,6_9,2_8
1,1,1,53,8,3,0,0,0,1,10_9,2_10
2,1,1,60,9,3,0,0,0,1,6_5,1_2
1,2,2,23,5,3,0,0,0,0,0_0,1_3
2,2,1,17,4,2,0,0,0,0,0_0,2_3
1,1,2,6,2,3,0,0,0,1,6_2,-1_-1
1,1,1,20,4,3,0,0,0,1,8_7,2_5
2,1,1,44,7,3,0,0,0,0,0_0,2_3
1,1,1,39,7,2,0,0,0,0,0_0,2_7
1,1,1,68,10,2,0,0,0,0,0_0,1_2
2,3,2,23,5,3,0,0,0,0,0_0,3_5
1,1,1,82,11,1,0,0,0,0,0_0,1_6
2,1,1,51,8,3,0,0,0,0,0_0,2_8
1,1,2,52,8,3,0,0,0,1,6_9,1_2
1,1,1,28,6,3,0,0,0,1,1_1,1_5
1,1,2,47,8,2,0,0,0,1,3_1,1_6
1,1,1,20,4,3,0,0,0,1,5_1,1_3
1,2,2,18,4,3,0,0,0,1,8_2,1_2
1,1,1,39,7,3,0,0,0,1,6_9,1_3
2,1,1,17,4,3,0,0,0,0,0_0,3_6
1,3,2,21,5,3,0,0,0,0,0_0,1_6
1,1,1,11,3,2,0,0,0,1,5_1,1_7
2,1,1,59,9,3,0,0,0,0,0_0,1_6
1,1,2,22,5,3,0,0,0,1,10_3,1_1
1,1,2,35,6,2,0,0,0,0,0_0,1_10
2,1,2,42,7,3,0,0,0,0,0_0,2_10
1,1,2,74,10,3,0,0,0,1,5_3,1_10
1,1,2,76,11,3,0,0,0,1,1_1,1_10
1,1,1,62,9,1,0,0,0,0,0_0,1_5
2,1,1,37,7,3,0,0,0,0,0_0,1_10
2,1,1,30,6,3,0,0,0,0,0_0,3_-1
1,1,1,80,11,3,0,0,0,1,6_9,-1_-1
1,1,1,66,10,2,0,0,0,0,0_0,2_10
1,1,1,26,6,2,0,0,0,0,0_0,1_7
2,2,2,42,7,3,0,0,0,0,0_0,2_10
2,1,1,53,8,3,0,0,0,0,0_0,3_5
1,1,1,11,3,3,0,0,0,0,0_0,2_6
1,1,2,58,9,3,0,0,0,0,0_0,2_6
1,2,1,75,10,2,0,0,0,1,6_9,2_6
1,3,2,73,10,3,0,0,0,1,6_9,2_6
1,1,1,29,6,2,0,0,0,1,9_9,1_5
1,1,1,72,10,2,0,0,0,0,0_0,1_3
2,2,2,39,7,2,0,0,0,0,0_0,2_6
2,1,2,62,9,3,0,0,0,0,0_0,2_7
1,1,1,17,4,3,0,0,0,1,10_9,1_4
2,2,1,21,5,3,0,0,0,0,0_0,2_4
1,2,1,27,6,2,0,0,0,0,0_0,1_6
2,1,2,59,9,3,0,0,0,0,0_0,3_4
2,1,2,28,6,3,0,0,0,0,0_0,2_4
2,2,1,60,9,2,0,0,0,0,0_0,1_6
2,1,2,67,10,3,0,0,0,0,0_0,3_5
1,1,1,48,8,2,0,0,0,0,0_0,1_-1
1,1,1,30,6,3,0,0,0,1,9_8,3_7
1,1,1,16,4,3,0,0,0,1,5_9,1_4
1,1,1,60,9,3,0,0,0,0,0_0,2_7
1,1,2,40,7,3,0,0,0,1,8_1,1_4
1,1,1,10,2,3,0,0,0,1,9_8,2_5
2,2,1,83,11,1,0,0,0,0,0_0,1_3
2,3,1,66,10,3,0,0,0,0,0_0,1_1
1,2,1,59,9,3,0,0,0,0,0_0,3_3
2,1,2,53,8,3,0,0,0,0,0_0,2_3
1,2,2,30,6,3,0,0,0,0,0_0,1_4
2,1,2,40,7,3,0,0,0,0,0_0,3_8
1,1,2,46,8,3,0,0,0,0,0_0,3_5
1,1,1,11,3,3,0,0,0,1,1_1,1_3
1,1,1,58,9,3,0,0,0,0,0_0,2_3
1,2,2,54,8,3,0,0,0,0,0_0,1_10
2,1,2,68,10,3,0,0,0,0,0_0,1_3
1,1,2,55,8,3,0,0,0,1,8_1,1_1
1,1,1,40,7,3,0,0,0,0,0_0,2_2
1,2,2,19,4,3,0,0,0,1,0_0,2_2
1,3,2,6,2,3,0,0,0,1,6_7,-1_-1
2,1,1,73,10,3,0,0,0,0,0_0,1_8
1,2,1,44,7,3,0,0,0,0,0_0,1_4
2,1,1,20,4,3,0,0,0,0,0_0,3_10
2,1,1,30,6,2,0,0,0,0,0_0,2_10
1,1,2,85,11,3,0,0,0,1,6_9,1_10
1,1,1,28,6,3,0,0,0,0,0_0,3_8
1,1,2,35,6,3,0,0,0,1,6_7,3_8
2,1,1,35,6,3,0,0,0,0,0_0,3_8
1,1,1,25,5,2,0,0,0,1,5_2,1_2
2,1,1,29,6,3,0,0,0,0,0_0,3_10
1,1,1,25,5,3,0,0,0,1,5_1,1_6
1,1,1,4,1,3,0,0,0,1,5_3,1_10
1,1,2,86,11,3,0,0,0,0,0_0,2_10
2,1,1,51,8,2,0,0,0,0,0_0,3_8
2,1,2,70,10,2,0,0,0,0,0_0,1_10
2,3,1,71,10,3,0,0,0,0,0_0,1_10
1,1,2,22,5,2,0,0,0,1,9_9,-1_-1
1,1,2,85,11,2,0,0,0,1,5_4,2_9
1,1,1,18,4,2,0,0,0,0,0_0,2_8
1,1,1,83,11,3,0,0,0,0,0_0,2_10
1,1,1,34,6,3,0,0,0,1,5_1,1_10
1,1,2,28,6,3,0,0,0,0,0_0,1_10
2,2,1,16,4,3,0,0,0,0,0_0,1_10
2,1,1,39,7,3,0,0,0,0,0_0,3_1
2,1,2,26,6,3,0,0,0,0,0_0,2_7
2,1,2,24,5,3,0,0,0,0,0_0,2_9
2,2,2,38,7,3,0,0,0,0,0_0,1_5
2,1,2,46,8,3,0,0,0,0,0_0,2_5
1,1,1,24,5,3,0,0,0,0,0_0,3_1
1,1,2,54,8,2,0,0,0,1,1_3,1_5
1,3,1,25,5,3,0,0,0,0,0_0,1_7
1,1,2,49,8,1,0,0,0,1,10_1,1_2
2,2,1,38,7,3,0,0,0,0,0_0,3_4
1,1,1,15,3,2,0,0,0,1,4_3,1_9
1,2,1,16,4,3,0,0,0,1,4_3,1_5
2,1,2,59,9,2,0,0,0,0,0_0,3_7
2,1,2,48,8,3,0,0,0,0,0_0,2_9
1,1,2,45,7,2,0,0,0,0,0_0,1_10
2,2,1,12,3,3,0,0,0,1,0_0,1_10
1,1,2,12,3,3,0,0,0,0,0_0,1_5
2,2,1,57,9,3,0,0,0,0,0_0,1_2
1,1,2,29,6,3,0,0,0,1,10_9,1_1
1,1,1,43,7,2,0,0,0,1,5_1,1_9
1,1,1,15,3,2,0,0,0,0,0_0,1_6
3,3,1,19,4,3,0,0,0,0,0_0,1_10
1,1,1,54,8,3,0,0,0,1,9_7,3_5
1,1,2,18,4,2,0,0,0,1,5_1,2_5
3,1,1,36,7,3,0,0,0,0,0_0,1_3
1,1,2,86,11,3,0,0,0,0,0_0,1_5
1,1,1,48,8,2,0,0,0,0,0_0,-1_-1
3,1,2,23,5,3,0,0,0,0,0_0,1_5
1,1,2,53,8,3,0,0,0,1,10_1,2_6
1,1,1,71,10,3,0,0,0,0,0_0,1_7
1,1,2,33,6,3,0,0,0,0,0_0,2_10
1,1,2,87,11,3,0,0,0,0,0_0,1_8
1,1,2,29,6,2,0,0,0,0,0_0,2_9
1,1,2,75,10,3,0,0,0,0,0_0,1_3
1,1,1,58,9,2,0,0,0,1,9_9,1_10
1,1,2,38,7,3,0,0,0,1,5_1,1_7
1,1,1,60,9,3,0,0,0,1,5_1,1_10
1,1,1,39,7,3,0,0,0,0,0_0,2_9
1,1,1,35,6,3,0,0,0,1,1_3,3_8
1,1,1,13,3,3,0,0,0,1,4_1,1_5
2,3,2,49,8,3,0,0,0,0,0_0,2_7
2,2,2,49,8,3,0,0,0,0,0_0,-1_-1
2,1,2,55,8,3,0,0,0,0,0_0,1_10
1,1,2,15,3,3,0,0,0,1,1_1,1_5
3,1,2,33,6,3,0,0,0,0,0_0,1_4
1,1,2,72,10,2,0,0,0,1,5_3,1_5
1,1,1,82,11,1,0,0,0,0,0_0,1_10
2,3,2,84,11,1,0,0,0,0,0_0,3_7
1,1,1,23,5,3,0,0,0,1,5_1,1_4
1,1,1,94,11,3,0,0,0,0,0_0,2_8
1,1,1,3,1,3,0,0,0,1,1_1,2_5
2,1,2,35,6,1,0,0,0,0,0_0,1_8
2,2,2,63,9,3,0,0,0,1,0_0,1_10
1,1,2,24,5,3,0,0,0,1,5_4,1_10
1,1,1,17,4,3,0,0,0,1,1_3,1_9
1,1,2,86,11,2,0,0,0,0,0_0,-1_-1
2,1,1,87,11,3,0,0,0,0,0_0,1_5
1,1,1,23,5,3,0,0,0,1,5_1,1_7
2,2,1,48,8,3,0,0,0,0,0_0,1_2
3,3,1,19,4,3,0,0,0,0,0_0,1_4
1,1,1,61,9,3,0,0,0,1,4_1,1_2
1,1,1,47,8,2,0,0,0,1,4_1,1_2
2,1,1,81,11,2,0,0,0,0,0_0,1_6
2,1,1,18,4,2,0,0,0,0,0_0,2_8
1,1,2,45,7,3,0,0,0,1,1_1,1_2
2,2,2,34,6,3,0,0,0,0,0_0,1_6
1,3,1,72,10,2,0,0,0,0,0_0,2_10
1,1,1,22,5,3,0,0,0,1,5_9,1_3
2,2,1,26,6,3,0,0,0,0,0_0,3_9
2,2,1,58,9,3,0,0,0,0,0_0,3_5
1,1,1,32,6,2,0,0,0,1,9_7,2_3
1,1,2,4,1,3,0,0,0,1,10_9,-1_-1
1,1,1,91,11,3,0,0,0,0,0_0,-1_-1
1,1,1,45,7,2,0,0,0,1,10_1,2_7
1,1,1,73,10,1,0,0,0,1,8_3,2_10
2,1,2,72,10,2,0,0,0,0,0_0,1_7
1,1,1,55,8,3,0,0,0,0,0_0,2_2
1,1,2,25,5,3,0,0,0,1,6_9,2_8
1,1,1,84,11,3,0,0,0,0,0_0,1_5
1,1,2,55,8,2,0,0,0,0,0_0,1_7
3,2,2,62,9,3,0,0,0,0,0_0,2_6
2,2,1,49,8,3,0,0,0,0,0_0,1_5
1,1,2,35,6,2,0,0,0,0,0_0,3_7
1,1,2,43,7,3,0,0,0,1,5_9,1_6
1,2,2,45,7,3,0,0,0,1,5_9,1_7
2,1,2,55,8,2,0,0,0,0,0_0,2_6
2,1,1,61,9,2,0,0,0,0,0_0,3_9
1,1,1,40,7,1,0,0,0,0,0_0,1_1
2,1,1,22,5,2,0,0,0,0,0_0,1_10
1,1,1,42,7,1,0,0,0,0,0_0,1_10
1,1,2,15,3,1,0,0,0,1,5_2,3_10
1,2,2,15,3,2,0,0,0,1,5_2,1_7
1,3,2,15,3,2,0,0,0,1,5_2,1_9
1,1,1,63,9,3,0,0,0,1,5_3,1_4
2,1,1,59,9,3,0,0,0,0,0_0,2_10
1,1,2,29,6,2,0,0,0,0,0_0,1_4
2,1,2,48,8,2,0,0,0,1,0_0,1_5
3,2,1,31,6,2,0,0,0,0,0_0,1_2
2,1,1,36,7,3,0,0,0,1,9_5,1_3
2,1,1,13,3,3,0,0,0,0,0_0,2_5
2,1,1,36,7,3,0,0,0,0,0_0,3_-1
1,1,1,27,6,1,0,0,0,1,5_3,1_2
2,2,1,32,6,3,0,0,0,0,0_0,1_8
1,1,1,65,9,3,0,0,0,1,9_5,1_4
1,1,1,26,6,2,0,0,0,1,10_5,1_3
2,2,2,44,7,3,0,0,0,0,0_0,2_6
1,1,1,88,11,3,0,0,0,0,0_0,2_7
2,1,1,35,6,3,0,0,0,0,0_0,2_10
1,1,1,79,11,2,0,0,0,0,0_0,2_6
3,2,1,50,8,3,0,0,0,0,0_0,1_4
1,3,1,33,6,3,0,0,0,0,0_0,1_7
1,1,1,55,8,2,0,0,0,0,0_0,3_9
1,1,2,19,4,3,0,0,0,1,8_9,3_5
1,1,2,74,10,3,0,0,0,1,5_1,1_7
2,3,2,31,6,2,0,0,0,0,0_0,2_6
1,2,1,30,6,3,0,0,0,0,0_0,3_5
1,1,1,53,8,3,0,0,0,1,8_1,1_1
1,1,1,26,6,3,0,0,0,0,0_0,2_4
1,1,1,43,7,2,0,0,0,0,0_0,1_6
2,2,1,24,5,2,0,0,0,0,0_0,1_6
1,1,2,41,7,2,0,0,0,0,0_0,2_10
2,1,1,31,6,3,0,0,0,0,0_0,2_8
2,1,2,46,8,2,0,0,0,0,0_0,1_9
1,1,1,41,7,1,0,0,0,0,0_0,1_3
2,2,1,41,7,2,0,0,0,0,0_0,1_9
3,3,1,77,11,3,0,0,0,0,0_0,3_8
2,1,1,73,10,2,0,0,0,0,0_0,1_8
1,1,1,66,10,2,0,0,0,1,6_9,1_4
1,1,2,23,5,2,0,0,0,1,5_1,1_4
1,1,2,36,7,3,0,0,0,0,0_0,2_5
2,1,2,64,9,3,0,0,0,0,0_0,1_5
2,2,1,23,5,3,0,0,0,0,0_0,2_9
2,1,2,67,10,3,0,0,0,0,0_0,3_10
1,1,1,86,11,3,0,0,0,1,5_1,1_8
1,1,1,81,11,3,0,0,0,0,0_0,1_4
1,1,2,16,4,2,0,0,0,1,3_3,1_7
1,1,1,9,2,3,0,0,0,1,5_1,1_5
1,1,1,74,10,2,0,0,0,0,0_0,3_7
3,1,2,44,7,3,0,0,0,0,0_0,1_9
1,1,1,29,6,3,0,0,0,1,6_9,1_7
1,2,1,26,6,2,0,0,0,0,0_0,1_7
2,2,2,38,7,3,0,0,0,0,0_0,1_8
2,2,1,35,6,3,0,0,0,0,0_0,1_9
1,1,1,23,5,3,0,0,0,0,0_0,2_-1
1,1,1,47,8,3,0,0,0,1,4_3,-1_-1
1,1,1,58,9,2,0,0,0,1,5_3,1_5
2,2,1,51,8,3,0,0,0,0,0_0,1_4
1,1,1,32,6,3,0,0,0,1,8_6,-1_-1
1,1,1,60,9,3,0,0,0,1,4_9,1_5
1,1,2,66,10,3,0,0,0,0,0_0,1_7
2,2,1,19,4,3,0,0,0,0,0_0,1_10
2,1,1,21,5,3,0,0,0,0,0_0,3_8
1,1,1,28,6,1,0,0,0,0,0_0,1_3
1,1,1,74,10,2,0,0,0,0,0_0,1_5
1,1,2,87,11,3,0,0,0,1,5_3,1_10
2,2,1,43,7,2,0,0,0,0,0_0,3_9
2,2,1,42,7,3,0,0,0,0,0_0,3_9
1,1,1,35,6,2,0,0,0,1,6_1,1_7
2,2,2,25,5,3,0,0,0,0,0_0,1_9
3,3,2,38,7,3,0,0,0,0,0_0,-1_-1
3,3,1,20,4,3,0,0,0,0,0_0,1_7
2,1,1,64,9,2,0,0,0,0,0_0,3_7
1,1,2,70,10,3,0,0,0,0,0_0,1_10
2,3,1,36,7,3,0,0,0,0,0_0,1_9
2,1,2,31,6,3,0,0,0,0,0_0,1_-1
1,1,1,85,11,3,0,0,0,1,0_0,-1_-1
2,1,2,33,6,3,0,0,0,0,0_0,3_9
1,3,1,17,4,3,0,0,0,0,0_0,1_8
2,1,2,60,9,2,0,0,0,0,0_0,3_6
1,1,2,35,6,3,0,0,0,1,6_9,1_10
2,1,2,57,9,2,0,0,0,0,0_0,2_8
1,1,2,27,6,3,0,0,0,1,5_2,1_10
1,1,2,22,5,3,0,0,0,1,1_3,2_9
3,1,1,23,5,3,0,0,0,0,0_0,1_10
1,1,1,64,9,3,0,0,0,0,0_0,2_9
2,1,1,71,10,2,0,0,0,0,0_0,3_6
1,1,1,11,3,2,0,0,0,1,5_4,1_10
2,1,2,41,7,3,0,0,0,0,0_0,1_8
1,2,1,37,7,2,0,0,0,0,0_0,1_8
3,2,2,29,6,3,0,0,0,0,0_0,3_6
2,1,2,54,8,2,0,0,0,0,0_0,2_8
1,1,1,60,9,2,0,0,0,0,0_0,3_9
1,1,1,60,9,2,0,0,0,0,0_0,2_10
2,2,2,49,8,2,0,0,0,0,0_0,1_5
1,1,2,12,3,2,0,0,0,1,5_1,3_9
1,1,1,34,6,2,0,0,0,1,4_3,1_10
2,1,2,59,9,2,0,0,0,0,0_0,3_9
2,2,2,43,7,3,0,0,0,0,0_0,2_7
1,1,2,25,5,2,0,0,0,0,0_0,1_10
2,1,2,23,5,3,0,0,0,0,0_0,3_3
1,1,2,61,9,3,0,0,0,0,0_0,1_6
1,1,1,61,9,2,0,0,0,1,5_4,1_5
1,1,2,30,6,3,0,0,0,1,5_3,1_4
1,1,2,49,8,3,0,0,0,1,5_1,1_3
1,1,1,24,5,3,0,0,0,1,10_9,1_3
3,2,2,58,9,3,0,0,0,0,0_0,1_6
1,1,2,22,5,3,0,0,0,1,5_2,2_5
1,1,1,39,7,2,0,0,0,1,5_3,1_2
1,2,1,20,4,2,0,0,0,0,0_0,1_3
1,1,1,41,7,2,0,0,0,1,1_1,1_3
1,1,1,73,10,2,0,0,0,1,5_1,1_7
1,2,1,87,11,3,0,0,0,0,0_0,2_7
1,1,1,83,11,1,0,0,0,0,0_0,1_2
1,1,2,26,6,3,0,0,0,1,5_1,1_10
1,1,1,54,8,3,0,0,0,1,1_1,1_8
2,1,1,76,11,2,0,0,0,0,0_0,3_8
1,1,1,30,6,3,0,0,0,1,5_3,3_9
2,1,2,48,8,2,0,0,0,0,0_0,1_9
1,1,1,22,5,3,0,0,0,1,5_1,1_3
1,1,2,79,11,3,0,0,0,1,5_3,2_8
2,1,1,64,9,1,0,0,0,0,0_0,3_10
1,1,1,22,5,2,0,0,0,1,1_3,1_4
2,1,2,29,6,2,0,0,0,0,0_0,1_10
3,3,2,23,5,2,0,0,0,0,0_0,1_7
1,1,1,32,6,2,0,0,0,0,0_0,3_9
2,2,2,38,7,2,0,0,0,0,0_0,-1_-1
2,2,1,38,7,2,0,0,0,0,0_0,1_5
1,1,1,43,7,1,0,0,0,0,0_0,1_4
1,1,2,76,11,2,0,0,0,1,5_1,1_3
1,1,2,76,11,2,0,0,0,1,5_9,1_4
1,1,2,81,11,2,0,0,0,1,6_9,1_8
1,1,1,55,8,3,0,0,0,0,0_0,3_3
2,1,2,25,5,2,0,0,0,0,0_0,2_9
1,2,1,19,4,3,0,0,0,0,0_0,2_1
1,1,2,66,10,3,0,0,0,1,8_1,1_9
1,1,2,27,6,2,0,0,0,0,0_0,1_3
1,1,2,20,4,3,0,0,0,1,8_7,1_1
1,1,1,61,9,3,0,0,0,1,8_5,3_6
2,1,2,47,8,3,0,0,0,0,0_0,1_9
1,1,1,21,5,3,0,0,0,1,5_1,1_6
1,1,1,45,7,3,0,0,0,0,0_0,2_7
1,1,1,49,8,3,0,0,0,0,0_0,3_9
2,1,1,70,10,3,0,0,0,0,0_0,2_3
1,1,2,34,6,2,0,0,0,0,0_0,1_8
1,1,1,68,10,3,0,0,0,0,0_0,3_8
1,1,2,57,9,3,0,0,0,0,0_0,2_7
1,1,1,13,3,3,0,0,0,1,5_1,1_6
1,1,2,86,11,2,0,0,0,1,1_3,1_10
2,1,1,11,3,3,0,0,0,0,0_0,1_8
2,1,1,64,9,3,0,0,0,0,0_0,2_8
1,1,2,82,11,2,0,0,0,0,0_0,3_10
3,1,2,26,6,3,0,0,0,0,0_0,1_3
2,2,2,35,6,3,0,0,0,0,0_0,3_7
1,1,1,52,8,3,0,0,0,0,0_0,2_10
1,1,1,10,2,2,0,0,0,1,5_1,1_10
1,1,1,34,6,3,0,0,0,1,10_8,1_8
2,2,1,45,7,2,0,0,0,0,0_0,1_5
1,1,1,25,5,3,0,0,0,0,0_0,2_9
1,2,1,21,5,3,0,0,0,0,0_0,1_2
1,2,1,50,8,3,0,0,0,0,0_0,3_6
1,1,2,12,3,3,0,0,0,1,4_1,1_2
1,2,2,12,3,3,0,0,0,1,4_1,1_3
2,2,1,76,11,3,0,0,0,0,0_0,1_6
3,1,2,61,9,3,0,0,0,0,0_0,1_4
1,1,1,68,10,2,0,0,0,0,0_0,2_8
2,2,1,54,8,2,0,0,0,0,0_0,1_9
2,1,1,13,3,3,0,0,0,0,0_0,2_2
1,1,1,32,6,3,0,0,0,1,10_3,1_6
2,1,1,59,9,2,0,0,0,0,0_0,3_7
1,1,1,21,5,3,0,0,0,0,0_0,2_1
1,1,1,11,3,3,0,0,0,1,5_2,3_7
2,1,1,94,11,3,0,0,0,0,0_0,1_5
2,1,1,13,3,3,0,0,0,1,0_0,-1_-1
1,1,2,70,10,2,0,0,0,1,6_9,1_6
1,1,2,34,6,3,0,0,0,1,6_9,1_5
1,1,2,92,11,2,0,0,0,1,5_1,2_7
2,2,2,23,5,3,0,0,0,0,0_0,1_9
1,2,1,64,9,2,0,0,0,0,0_0,1_5
3,2,2,38,7,3,0,0,0,0,0_0,1_8
1,1,2,68,10,3,0,0,0,0,0_0,1_3
2,2,2,26,6,3,0,0,0,0,0_0,1_-1
2,1,1,25,5,1,0,0,0,0,0_0,1_3
2,1,1,79,11,2,0,0,0,0,0_0,1_1
1,1,2,39,7,3,0,0,0,1,5_2,2_5
2,1,2,56,9,3,0,0,0,1,9_5,1_8
1,1,1,19,4,2,0,0,0,1,9_5,1_4
1,2,2,49,8,3,0,0,0,0,0_0,1_10
2,3,2,18,4,3,0,0,0,0,0_0,3_7
1,1,1,65,9,3,0,0,0,1,5_3,1_1
1,1,2,11,3,3,0,0,0,1,4_4,2_3
1,1,2,79,11,3,0,0,0,1,5_9,1_6
1,1,2,52,8,3,0,0,0,1,5_1,1_3
2,1,1,22,5,3,0,0,0,0,0_0,3_4
3,2,1,37,7,3,0,0,0,0,0_0,1_2
1,1,1,17,4,3,0,0,0,1,8_1,1_3
1,1,1,23,5,2,0,0,0,0,0_0,1_7
1,1,2,60,9,3,0,0,0,1,5_3,2_7
1,1,2,27,6,2,0,0,0,0,0_0,3_5
1,1,1,62,9,2,0,0,0,1,4_1,1_5
2,1,1,15,3,3,0,0,0,0,0_0,3_6
1,1,2,65,9,3,0,0,0,0,0_0,-1_-1
1,1,1,73,10,3,0,0,0,1,5_1,-1_-1
1,2,2,70,10,2,0,0,0,1,5_1,-1_-1
1,1,1,23,5,1,0,0,0,1,8_8,-1_-1
1,1,2,67,10,3,0,0,0,1,1_1,-1_-1
1,1,1,81,11,2,0,0,0,0,0_0,-1_-1
1,1,1,54,8,1,0,0,0,0,0_0,-1_-1
2,2,1,50,8,1,0,0,0,0,0_0,-1_-1
1,1,2,84,11,3,0,0,0,0,0_0,-1_-1
1,1,1,31,6,2,0,0,0,1,5_1,-1_-1
2,1,2,68,10,3,0,0,0,0,0_0,-1_-1
2,1,1,33,6,3,0,0,0,1,9_9,-1_-1
2,2,2,51,8,3,0,0,0,0,0_0,-1_-1
2,2,2,37,7,3,0,0,0,0,0_0,2_5
1,1,2,55,8,3,0,0,0,0,0_0,3_5
1,1,1,33,6,1,0,0,0,1,9_9,3_9
2,1,2,32,6,3,0,0,0,0,0_0,2_4
1,1,1,44,7,3,0,0,0,0,0_0,3_4
2,2,2,55,8,3,0,0,0,0,0_0,3_4
3,1,1,42,7,3,0,0,0,0,0_0,1_7
1,1,1,37,7,2,0,0,0,1,6_5,3_4
1,1,1,68,10,3,0,0,0,0,0_0,3_5
1,1,1,39,7,2,0,0,0,0,0_0,3_4
2,2,1,80,11,2,0,0,0,0,0_0,1_8
2,1,2,52,8,2,0,0,0,1,6_7,2_4
2,3,1,10,2,3,0,0,0,1,0_0,1_5
3,1,2,25,5,3,0,0,0,0,0_0,2_4
1,1,1,82,11,1,0,0,0,0,0_0,1_3
2,2,1,18,4,3,0,0,0,0,0_0,1_9
2,2,1,66,10,2,0,0,0,0,0_0,1_2
2,1,2,58,9,3,0,0,0,0,0_0,3_4
1,1,1,11,3,3,0,0,0,1,5_1,3_4
2,1,1,79,11,3,0,0,0,0,0_0,3_6
1,1,2,31,6,2,0,0,0,0,0_0,-1_-1
1,1,2,78,11,3,0,0,0,0,0_0,-1_-1
1,1,1,33,6,3,0,0,0,1,9_7,-1_-1
2,1,2,50,8,2,0,0,0,0,0_0,-1_-1
2,1,1,20,4,2,0,0,0,0,0_0,-1_-1
1,1,1,82,11,2,0,0,0,1,5_3,1_1
1,1,1,47,8,3,0,0,0,1,6_9,1_1
1,1,2,83,11,2,0,0,0,1,5_1,1_3
1,1,2,38,7,3,0,0,0,1,6_9,1_6
1,1,2,38,7,3,0,0,0,1,4_1,1_5
1,1,1,54,8,3,0,0,0,1,0_0,2_4
1,1,2,53,8,2,0,0,0,1,5_3,1_2
1,1,1,12,3,3,0,0,0,1,5_4,1_2
1,1,1,15,3,2,0,0,0,1,10_9,1_1
2,1,1,27,6,2,0,0,0,1,0_0,-1_-1
1,2,2,28,6,3,0,0,0,0,0_0,3_4
1,1,1,21,5,3,0,0,0,1,1_1,1_1
1,1,1,33,6,3,0,0,0,1,9_7,3_5
1,1,1,43,7,3,0,0,0,1,9_5,1_5
1,3,1,23,5,3,0,0,0,0,0_0,1_2
1,1,1,54,8,2,0,0,0,1,10_1,-1_-1
2,1,1,57,9,3,0,0,0,0,0_0,2_5
1,1,2,62,9,2,0,0,0,0,0_0,2_5
2,2,1,21,5,3,0,0,0,0,0_0,3_4
3,3,2,21,5,3,0,0,0,0,0_0,2_5
1,1,1,13,3,3,0,0,0,1,1_9,1_3
1,1,2,64,9,3,0,0,0,1,9_8,1_3
1,1,1,89,11,3,0,0,0,1,5_3,1_10
1,1,2,48,8,2,0,0,0,1,8_1,3_7
1,2,1,67,10,2,0,0,0,0,0_0,3_8
1,1,2,60,9,3,0,0,0,1,9_7,3_8
1,1,2,59,9,2,0,0,0,0,0_0,3_6
2,1,1,29,6,3,0,0,0,0,0_0,3_6
2,2,1,56,9,2,0,0,0,0,0_0,3_4
1,1,1,84,11,3,0,0,0,0,0_0,3_6
1,1,1,37,7,1,0,0,0,0,0_0,3_7
1,1,2,21,5,3,0,0,0,1,4_3,1_4
1,1,2,30,6,2,0,0,0,0,0_0,2_3
1,1,1,14,3,2,0,0,0,1,4_2,1_1
1,1,1,66,10,3,0,0,0,1,9_5,1_1
2,1,2,31,6,2,0,0,0,0,0_0,1_10
1,2,1,26,6,2,0,0,0,0,0_0,3_5
1,1,1,18,4,3,0,0,0,1,5_3,1_2
2,2,1,30,6,3,0,0,0,0,0_0,2_10
2,2,2,46,8,3,0,0,0,0,0_0,1_3
3,3,1,39,7,3,0,0,0,0,0_0,1_10
2,1,2,82,11,3,0,0,0,0,0_0,1_6
1,1,1,11,3,3,0,0,0,1,10_1,-1_-1
2,1,1,24,5,3,0,0,0,0,0_0,2_4
1,1,2,59,9,2,0,0,0,0,0_0,3_5
1,1,1,49,8,3,0,0,0,0,0_0,2_4
2,2,2,22,5,3,0,0,0,0,0_0,2_8
2,2,1,21,5,2,0,0,0,0,0_0,1_6
1,1,2,45,7,3,0,0,0,0,0_0,2_2
1,1,1,28,6,3,0,0,0,0,0_0,2_8
2,2,1,68,10,2,0,0,0,0,0_0,3_4
2,3,1,77,11,3,0,0,0,0,0_0,1_7
1,1,1,15,3,2,0,0,0,1,5_1,1_7
2,1,1,13,3,3,0,0,0,0,0_0,1_5
2,2,2,65,9,3,0,0,0,0,0_0,3_5
2,1,2,39,7,2,0,0,0,0,0_0,1_5
1,1,1,25,5,2,0,0,0,0,0_0,2_7
1,1,2,64,9,3,0,0,0,0,0_0,2_7
1,1,1,59,9,2,0,0,0,1,6_8,3_7
2,1,1,65,9,2,0,0,0,0,0_0,3_3
1,1,1,84,11,1,0,0,0,0,0_0,3_5
1,1,1,18,4,2,0,0,0,0,0_0,3_3
2,2,1,69,10,2,0,0,0,0,0_0,3_8
3,2,1,47,8,3,0,0,0,0,0_0,3_8
2,1,1,32,6,2,0,0,0,0,0_0,1_7
1,1,1,48,8,1,0,0,0,0,0_0,2_10
1,2,1,26,6,2,0,0,0,0,0_0,1_2
2,1,1,56,9,2,0,0,0,1,9_9,1_1
1,1,2,27,6,3,0,0,0,1,5_2,2_3
2,2,2,64,9,3,0,0,0,0,0_0,2_4
3,2,1,49,8,3,0,0,0,0,0_0,1_9
2,1,2,35,6,2,0,0,0,0,0_0,-1_-1
1,1,1,70,10,2,0,0,0,0,0_0,1_1
3,1,2,36,7,3,0,0,0,0,0_0,1_9
2,1,2,22,5,2,0,0,0,0,0_0,1_10
1,1,1,34,6,1,0,0,0,0,0_0,2_5
2,1,2,35,6,2,0,0,0,0,0_0,1_10
1,1,2,78,11,2,0,0,0,1,5_2,2_10
1,1,1,35,6,3,0,0,0,1,5_1,1_6
1,1,1,94,11,3,0,0,0,0,0_0,3_6
2,2,2,63,9,3,0,0,0,1,0_0,2_5
1,1,1,29,6,3,0,0,0,1,1_9,1_7
2,2,1,27,6,3,0,0,0,0,0_0,3_4
2,2,1,62,9,3,0,0,0,0,0_0,1_8
1,1,1,46,8,3,0,0,0,0,0_0,2_2
1,1,1,73,10,3,0,0,0,0,0_0,2_8
1,1,1,15,3,2,0,0,0,0,0_0,-1_-1
1,2,1,14,3,2,0,0,0,1,0_0,1_4
2,2,2,70,10,3,0,0,0,0,0_0,3_9
2,1,2,21,5,2,0,0,0,0,0_0,1_1
1,1,1,20,4,3,0,0,0,1,5_2,-1_-1
1,1,2,33,6,1,0,0,0,1,5_1,1_7
2,1,2,54,8,3,0,0,0,0,0_0,3_5
1,3,1,18,4,3,0,0,0,0,0_0,3_4
2,2,2,57,9,3,0,0,0,0,0_0,2_6
1,1,2,10,2,2,0,0,0,1,4_3,1_1
1,2,2,19,4,3,0,0,0,1,4_3,1_1
1,1,1,52,8,3,0,0,0,1,1_3,2_4
2,1,2,64,9,2,0,0,0,0,0_0,2_7
1,1,1,3,1,2,0,0,0,1,9_7,-1_-1
1,2,1,32,6,3,0,0,0,1,0_0,1_3
1,2,1,13,3,3,0,0,0,1,5_4,1_2
1,3,1,55,8,3,0,0,0,0,0_0,3_5
1,1,2,66,10,2,0,0,0,0,0_0,2_2
2,2,1,86,11,2,0,0,0,0,0_0,-1_-1
1,1,2,14,3,3,0,0,0,1,6_9,-1_-1
1,1,2,38,7,3,0,0,0,1,9_8,-1_-1
2,2,1,77,11,3,0,0,0,0,0_0,-1_-1
2,1,1,65,9,2,0,0,0,0,0_0,-1_-1
1,1,2,8,2,3,0,0,0,1,5_4,-1_-1
1,2,1,57,9,2,0,0,0,0,0_0,-1_-1
2,1,1,63,9,2,0,0,0,0,0_0,-1_-1
1,1,1,38,7,3,0,0,0,1,4_3,-1_-1
1,1,2,51,8,2,0,0,0,1,5_3,-1_-1
1,1,2,14,3,3,0,0,0,1,5_3,1_1
1,1,1,39,7,2,0,0,0,1,5_1,2_6
1,1,2,7,2,3,0,0,0,1,5_3,1_5
2,2,1,29,6,3,0,0,0,0,0_0,3_5
1,1,2,71,10,2,0,0,0,0,0_0,1_5
2,1,1,28,6,3,0,0,0,0,0_0,3_6
1,2,1,67,10,2,0,0,0,0,0_0,2_1
1,1,1,47,8,2,0,0,0,1,5_3,1_3
1,1,1,43,7,2,0,0,0,0,0_0,3_6
3,1,1,34,6,3,0,0,0,0,0_0,1_1
1,1,1,55,8,3,0,0,0,1,2_3,1_2
1,1,2,19,4,3,0,0,0,1,1_1,1_5
2,1,1,45,7,3,0,0,0,0,0_0,3_7
2,2,1,65,9,2,0,0,0,0,0_0,1_3
3,3,1,46,8,3,0,0,0,0,0_0,1_7
2,2,1,15,3,3,0,0,0,1,0_0,3_7
1,1,1,42,7,3,0,0,0,1,9_5,3_6
1,1,2,30,6,2,0,0,0,1,1_3,1_4
2,2,2,70,10,2,0,0,0,0,0_0,1_2
1,1,1,67,10,3,0,0,0,0,0_0,3_5
1,1,1,85,11,3,0,0,0,0,0_0,1_1
2,1,1,30,6,2,0,0,0,0,0_0,2_7
1,1,2,34,6,3,0,0,0,1,4_3,1_4
2,1,1,46,8,3,0,0,0,0,0_0,2_2
1,2,1,25,5,2,0,0,0,0,0_0,3_2
1,1,2,31,6,2,0,0,0,0,0_0,3_6
2,2,2,18,4,3,0,0,0,0,0_0,3_5
1,1,1,47,8,3,0,0,0,1,5_1,1_6
1,2,2,3,1,3,0,0,0,1,5_1,1_6
1,1,1,5,1,2,0,0,0,1,5_3,1_2
1,1,2,71,10,3,0,0,0,1,5_1,1_5
1,1,1,31,6,3,0,0,0,1,6_9,1_9
2,1,1,47,8,2,0,0,0,0,0_0,3_6
1,2,2,41,7,3,0,0,0,0,0_0,2_4
1,1,1,86,11,3,0,0,0,0,0_0,3_5
2,2,2,81,11,3,0,0,0,0,0_0,3_5
1,1,1,4,1,3,0,0,0,1,5_1,2_10
1,1,2,35,6,3,0,0,0,1,10_9,1_8
1,1,1,13,3,2,0,0,0,0,0_0,1_5
1,1,1,11,3,3,0,0,0,1,9_9,3_7
1,1,1,22,5,2,0,0,0,1,0_0,1_8
1,2,2,57,9,3,0,0,0,1,0_0,1_6
2,1,1,29,6,2,0,0,0,0,0_0,2_3
2,2,1,33,6,3,0,0,0,1,0_0,3_4
2,1,1,58,9,3,0,0,0,0,0_0,3_4
1,1,1,15,3,2,0,0,0,0,0_0,3_6
1,1,2,33,6,3,0,0,0,1,10_9,1_3
1,1,1,13,3,3,0,0,0,1,5_9,2_6
3,1,2,83,11,1,0,0,0,0,0_0,3_5
1,1,1,81,11,2,0,0,0,0,0_0,1_7
1,1,1,66,10,2,0,0,0,0,0_0,1_1
2,1,2,25,5,3,0,0,0,0,0_0,3_7
2,2,1,39,7,3,0,0,0,0,0_0,1_8
1,1,2,40,7,2,0,0,0,1,5_3,1_1
2,2,2,47,8,2,0,0,0,0,0_0,2_9
1,1,2,73,10,3,0,0,0,0,0_0,3_7
2,1,2,79,11,2,0,0,0,0,0_0,3_5
2,1,2,52,8,3,0,0,0,0,0_0,2_7
1,1,2,85,11,3,0,0,0,1,1_3,1_9
1,1,2,15,3,3,0,0,0,1,5_1,2_4
2,2,2,36,7,3,0,0,0,1,0_0,1_7
1,1,1,42,7,3,0,0,0,0,0_0,3_5
1,1,1,34,6,1,0,0,0,0,0_0,2_7
2,1,1,42,7,2,0,0,0,0,0_0,1_6
1,2,2,42,7,2,0,0,0,0,0_0,3_8
2,3,1,29,6,3,0,0,0,0,0_0,3_8
1,1,2,77,11,3,0,0,0,0,0_0,3_8
2,2,1,76,11,3,0,0,0,0,0_0,2_9
3,3,2,44,7,3,0,0,0,0,0_0,1_7
1,1,2,63,9,3,0,0,0,1,5_1,2_5
2,1,1,40,7,3,0,0,0,0,0_0,3_7
2,1,2,37,7,3,0,0,0,0,0_0,2_4
1,1,1,9,2,3,0,0,0,1,10_9,1_1
3,1,2,31,6,3,0,0,0,0,0_0,1_2
1,1,2,83,11,3,0,0,0,0,0_0,1_8
2,1,1,36,7,3,0,0,0,0,0_0,2_4
1,2,2,35,6,3,0,0,0,0,0_0,1_5
1,1,2,34,6,3,0,0,0,1,10_9,-1_-1
1,1,1,38,7,3,0,0,0,0,0_0,2_4
2,1,1,62,9,3,0,0,0,0,0_0,2_4
2,2,2,53,8,3,0,0,0,0,0_0,1_5
2,1,2,35,6,3,0,0,0,1,0_0,1_6
2,1,2,36,7,3,0,0,0,0,0_0,3_3
1,1,1,3,1,3,0,0,0,1,5_2,1_2
1,1,1,38,7,2,0,0,0,1,1_3,-1_-1
1,2,1,80,11,1,0,0,0,0,0_0,1_8
2,1,2,55,8,2,0,0,0,0,0_0,3_4
2,3,1,51,8,2,0,0,0,0,0_0,-1_-1
1,1,1,15,3,2,0,0,0,1,1_3,1_8
1,1,1,7,2,2,0,0,0,1,5_4,-1_-1
1,1,1,47,8,3,0,0,0,1,9_5,1_1
1,1,1,69,10,2,0,0,0,1,4_9,1_1
1,1,1,13,3,3,0,0,0,1,5_9,1_6
1,2,2,63,9,3,0,0,0,0,0_0,1_6
1,2,1,60,9,3,0,0,0,1,10_6,1_1
1,1,1,62,9,3,0,0,0,1,5_3,2_10
3,1,2,51,8,3,0,0,0,0,0_0,3_9
1,1,1,47,8,2,0,0,0,0,0_0,3_6
2,1,2,47,8,3,0,0,0,0,0_0,2_4
1,1,1,22,5,3,0,0,0,1,9_5,2_6
1,1,2,29,6,3,0,0,0,1,5_4,1_3
1,1,2,17,4,3,0,0,0,0,0_0,3_4
2,1,2,44,7,2,0,0,0,0,0_0,1_4
1,1,2,29,6,3,0,0,0,1,10_9,1_4
1,1,2,27,6,3,0,0,0,0,0_0,3_4
1,1,2,21,5,3,0,0,0,1,1_1,1_6
1,1,2,88,11,3,0,0,0,1,5_1,2_4
2,3,1,51,8,3,0,0,0,0,0_0,1_2
1,1,1,44,7,3,0,0,0,1,9_5,1_3
1,1,1,52,8,1,0,0,0,0,0_0,1_6
1,1,1,50,8,2,0,0,0,0,0_0,2_6
1,1,1,25,5,2,0,0,0,1,5_1,1_5
3,3,2,51,8,3,0,0,0,0,0_0,1_1
1,1,1,68,10,2,0,0,0,0,0_0,1_4
1,1,2,75,10,2,0,0,0,1,1_1,1_8
1,1,1,85,11,3,0,0,0,0,0_0,3_8
2,2,2,36,7,3,0,0,0,0,0_0,1_3
1,1,2,55,8,3,0,0,0,1,9_5,1_3
1,1,2,61,9,3,0,0,0,1,6_9,1_6
1,1,1,57,9,2,0,0,0,1,6_9,1_3
1,1,2,86,11,2,0,0,0,1,6_9,1_5
1,1,1,11,3,3,0,0,0,1,5_4,2_2
1,1,1,29,6,2,0,0,0,0,0_0,3_8
1,2,2,65,9,3,0,0,0,0,0_0,1_3
2,1,2,64,9,3,0,0,0,0,0_0,3_7
3,2,2,26,6,3,0,0,0,0,0_0,2_3
1,1,1,3,1,3,0,0,0,1,5_2,1_4
1,1,1,20,4,3,0,0,0,0,0_0,2_8
1,1,2,73,10,3,0,0,0,0,0_0,3_9
1,1,1,72,10,1,0,0,0,0,0_0,1_7
2,1,1,69,10,3,0,0,0,0,0_0,2_5
1,1,2,82,11,2,0,0,0,1,1_3,2_3
2,1,1,64,9,3,0,0,0,0,0_0,-1_-1
2,1,2,28,6,2,0,0,0,1,9_6,1_5
2,2,1,23,5,2,0,0,0,1,9_6,1_5
1,1,2,40,7,2,0,0,0,0,0_0,1_1
1,1,1,46,8,3,0,0,0,0,0_0,3_3
1,1,1,6,2,3,0,0,0,1,1_3,1_7
1,1,1,18,4,3,0,0,0,1,8_5,2_4
1,1,1,12,3,3,0,0,0,1,8_3,1_1
1,1,2,16,4,3,0,0,0,1,9_5,3_6
1,1,1,20,4,1,0,0,0,1,8_3,1_7
1,1,2,73,10,2,0,0,0,0,0_0,3_5
1,1,1,13,3,2,0,0,0,1,5_1,1_8
1,1,1,35,6,2,0,0,0,0,0_0,3_7
1,1,2,31,6,3,0,0,0,1,9_9,3_5
1,1,1,19,4,2,0,0,0,0,0_0,2_4
3,2,1,87,11,2,0,0,0,0,0_0,2_9
1,1,1,78,11,2,0,0,0,0,0_0,3_7
2,3,1,83,11,2,0,0,0,0,0_0,1_3
1,2,2,32,6,3,0,0,0,0,0_0,1_9
1,1,1,76,11,2,0,0,0,0,0_0,1_4
2,1,1,27,6,3,0,0,0,0,0_0,3_4
1,1,2,12,3,3,0,0,0,1,10_1,3_8
1,1,2,69,10,2,0,0,0,1,6_9,1_2
1,1,1,93,11,3,0,0,0,1,6_9,3_10
1,1,1,13,3,3,0,0,0,1,1_4,1_3
2,1,2,20,4,3,0,0,0,0,0_0,3_7
3,2,1,18,4,3,0,0,0,0,0_0,1_7
2,2,2,60,9,3,0,0,0,0,0_0,1_5
1,1,1,11,3,3,0,0,0,1,5_2,1_1
2,1,1,50,8,2,0,0,0,0,0_0,3_7
1,1,1,88,11,3,0,0,0,1,10_9,1_5
1,1,1,11,3,2,0,0,0,1,6_8,1_6
1,2,2,17,4,3,0,0,0,0,0_0,1_10
3,2,2,31,6,2,0,0,0,0,0_0,3_9
1,1,2,60,9,2,0,0,0,1,5_3,-1_-1
1,1,1,34,6,3,0,0,0,1,6_9,1_9
3,2,1,41,7,3,0,0,0,0,0_0,1_5
1,1,1,79,11,3,0,0,0,0,0_0,1_8
2,2,1,76,11,3,0,0,0,0,0_0,3_9
1,1,2,75,10,2,0,0,0,0,0_0,1_9
1,1,1,65,9,3,0,0,0,1,9_8,3_6
1,1,2,58,9,3,0,0,0,0,0_0,1_9
2,1,1,59,9,3,0,0,0,0,0_0,3_6
2,1,2,45,7,3,0,0,0,0,0_0,3_7
1,2,1,41,7,3,0,0,0,0,0_0,3_6
2,3,1,19,4,3,0,0,0,0,0_0,3_5
2,1,2,63,9,3,0,0,0,0,0_0,3_5
1,1,2,40,7,3,0,0,0,0,0_0,2_9
1,1,1,41,7,3,0,0,0,0,0_0,3_3
2,1,2,49,8,2,0,0,0,0,0_0,1_7
1,3,2,33,6,3,0,0,0,0,0_0,1_9
3,1,2,36,7,3,0,0,0,0,0_0,1_10
2,1,2,35,6,3,0,0,0,0,0_0,3_9
2,1,1,60,9,3,0,0,0,0,0_0,2_9
1,1,2,89,11,2,0,0,0,1,8_3,2_8
2,2,2,44,7,3,0,0,0,0,0_0,1_3
1,1,1,78,11,3,0,0,0,1,10_9,1_9
1,1,1,82,11,2,0,0,0,0,0_0,1_9
2,1,1,28,6,2,0,0,0,0,0_0,2_7
1,1,2,34,6,3,0,0,0,1,9_9,1_9
1,2,1,49,8,3,0,0,0,1,9_9,-1_-1
1,2,2,21,5,3,0,0,0,1,0_0,1_3
2,1,1,78,11,3,0,0,0,0,0_0,1_3
1,1,1,63,9,2,0,0,0,0,0_0,3_5
1,1,2,45,7,3,0,0,0,0,0_0,2_7
1,1,1,15,3,3,0,0,0,1,3_1,1_5
1,1,1,53,8,2,0,0,0,0,0_0,2_7
2,2,1,35,6,3,0,0,0,0,0_0,2_5
1,1,1,33,6,3,0,0,0,1,9_9,1_8
1,1,1,30,6,3,0,0,0,1,5_9,-1_-1
1,1,1,46,8,3,0,0,0,0,0_0,2_4
1,1,2,80,11,2,0,0,0,1,6_9,1_3
1,1,1,45,7,3,0,0,0,1,9_5,1_8
1,1,1,48,8,3,0,0,0,0,0_0,2_9
2,2,1,91,11,2,0,0,0,0,0_0,3_8
1,1,2,71,10,3,0,0,0,1,9_7,3_7
1,1,1,67,10,3,0,0,0,1,8_4,1_6
2,2,2,36,7,3,0,0,0,0,0_0,3_1
1,1,2,22,5,3,0,0,0,0,0_0,2_5
2,2,2,30,6,3,0,0,0,0,0_0,2_3
1,1,2,52,8,3,0,0,0,1,1_4,1_5
1,1,2,82,11,2,0,0,0,0,0_0,1_6
1,1,2,19,4,2,0,0,0,0,0_0,2_3
1,1,1,11,3,1,0,0,0,1,4_1,1_2
1,2,2,73,10,3,0,0,0,0,0_0,3_6
1,1,2,27,6,3,0,0,0,1,1_1,3_6
2,2,1,30,6,3,0,0,0,0,0_0,2_7
1,1,2,86,11,2,0,0,0,1,5_9,2_5
1,1,2,51,8,2,0,0,0,1,6_9,3_6
2,2,2,49,8,3,0,0,0,0,0_0,1_-1
1,1,1,49,8,3,0,0,0,0,0_0,2_1
2,2,1,46,8,3,0,0,0,0,0_0,1_5
1,1,1,72,10,1,0,0,0,1,6_9,1_6
1,1,2,61,9,2,0,0,0,0,0_0,3_6
2,2,2,19,4,3,0,0,0,0,0_0,3_10
1,1,1,31,6,3,0,0,0,1,4_1,1_10
1,1,1,19,4,2,0,0,0,0,0_0,2_5
1,1,1,25,5,3,0,0,0,0,0_0,3_9
1,1,2,45,7,3,0,0,0,0,0_0,1_8
1,2,1,55,8,3,0,0,0,1,6_9,1_6
1,2,1,16,4,2,0,0,0,1,0_0,1_6
1,1,2,64,9,3,0,0,0,1,1_1,1_4
2,3,1,34,6,3,0,0,0,0,0_0,1_1
1,1,1,27,6,3,0,0,0,0,0_0,2_3
1,1,1,16,4,3,0,0,0,0,0_0,1_6
2,1,2,38,7,2,0,0,0,0,0_0,3_8
1,1,1,67,10,3,0,0,0,0,0_0,3_7
1,1,2,41,7,3,0,0,0,1,9_7,1_7
1,1,1,45,7,2,0,0,0,0,0_0,2_6
2,2,1,55,8,3,0,0,0,0,0_0,3_6
2,1,1,56,9,3,0,0,0,0,0_0,2_1
2,1,1,25,5,2,0,0,0,0,0_0,1_7
3,2,1,54,8,3,0,0,0,0,0_0,3_8
1,1,1,68,10,3,0,0,0,0,0_0,1_7
1,2,2,30,6,3,0,0,0,0,0_0,1_3
2,2,2,19,4,3,0,0,0,0,0_0,1_10
1,1,2,61,9,2,0,0,0,1,5_1,1_10
1,2,2,33,6,3,0,0,0,0,0_0,1_4
2,1,2,39,7,2,0,0,0,0,0_0,2_10
1,2,1,53,8,3,0,0,0,0,0_0,3_8
1,3,2,24,5,3,0,0,0,1,0_0,3_8
1,1,2,77,11,2,0,0,0,1,5_1,1_7
1,1,2,23,5,3,0,0,0,1,8_5,1_5
2,2,1,79,11,3,0,0,0,0,0_0,1_2
1,1,2,23,5,3,0,0,0,1,8_5,1_2
1,1,1,10,2,3,0,0,0,0,0_0,1_10
1,1,1,75,10,3,0,0,0,1,5_3,1_10
1,1,2,88,11,3,0,0,0,0,0_0,1_6
1,1,1,19,4,2,0,0,0,1,9_9,1_10
1,2,1,19,4,2,0,0,0,0,0_0,1_10
2,1,1,32,6,2,0,0,0,0,0_0,1_9
2,2,2,11,3,3,0,0,0,1,0_0,-1_-1
1,1,2,25,5,3,0,0,0,1,5_1,1_8
1,1,2,72,10,1,0,0,0,0,0_0,1_6
1,1,1,3,1,3,0,0,0,1,8_1,1_6
2,1,2,64,9,3,0,0,0,0,0_0,1_6
2,1,2,33,6,3,0,0,0,0,0_0,3_5
3,1,1,25,5,3,0,0,0,0,0_0,2_9
1,1,2,57,9,3,0,0,0,0,0_0,1_1
1,1,1,61,9,2,0,0,0,0,0_0,2_5
2,2,1,48,8,3,0,0,0,0,0_0,2_8
1,1,1,58,9,2,0,0,0,1,5_3,1_8
2,1,2,42,7,3,0,0,0,0,0_0,3_8
2,1,2,49,8,2,0,0,0,0,0_0,1_9
3,2,1,52,8,3,0,0,0,1,0_0,1_5
3,3,1,34,6,3,0,0,0,0,0_0,1_7
1,1,1,77,11,3,0,0,0,1,5_1,1_8
2,1,2,71,10,3,0,0,0,0,0_0,3_5
1,1,1,32,6,3,0,0,0,1,10_9,1_4
1,1,2,10,2,3,0,0,0,1,4_1,2_4
1,1,1,44,7,1,0,0,0,0,0_0,-1_-1
1,1,2,10,2,3,0,0,0,1,5_4,1_7
1,1,1,11,3,3,0,0,0,0,0_0,2_4
1,1,2,73,10,3,0,0,0,1,5_3,1_5
2,1,1,43,7,3,0,0,0,0,0_0,2_8
1,1,1,50,8,3,0,0,0,1,9_8,2_6
2,1,1,20,4,3,0,0,0,0,0_0,2_3
1,1,1,43,7,1,0,0,0,0,0_0,1_3
1,1,2,93,11,3,0,0,0,0,0_0,2_10
1,1,2,16,4,3,0,0,0,1,5_1,1_7
1,2,1,73,10,3,0,0,0,0,0_0,3_4
2,2,2,40,7,3,0,0,0,0,0_0,1_8
1,1,2,30,6,3,0,0,0,0,0_0,2_2
1,1,1,23,5,3,0,0,0,1,6_9,1_5
1,1,1,63,9,2,0,0,0,1,5_4,1_1
1,1,2,68,10,2,0,0,0,0,0_0,-1_-1
1,1,1,25,5,3,0,0,0,0,0_0,3_2
2,2,2,72,10,3,0,0,0,0,0_0,1_8
3,3,1,55,8,3,0,0,0,0,0_0,1_1
2,1,2,53,8,3,0,0,0,0,0_0,3_1
1,1,1,22,5,3,0,0,0,1,5_3,1_1
1,1,1,28,6,3,0,0,0,1,9_7,1_3
1,2,1,39,7,3,0,0,0,0,0_0,3_5
1,1,2,51,8,3,0,0,0,0,0_0,3_9
1,1,1,76,11,3,0,0,0,0,0_0,2_5
1,1,1,81,11,3,0,0,0,1,1_3,1_8
1,1,1,39,7,3,0,0,0,0,0_0,3_8
2,2,2,74,10,2,0,0,0,0,0_0,1_8
2,3,2,19,4,3,0,0,0,0,0_0,1_2
1,1,1,58,9,3,0,0,0,0,0_0,2_4
2,1,2,28,6,2,0,0,0,0,0_0,1_10
1,2,1,34,6,3,0,0,0,0,0_0,1_2
2,2,2,14,3,3,0,0,0,1,0_0,-1_-1
1,1,1,35,6,1,0,0,0,0,0_0,-1_-1
1,1,1,58,9,1,0,0,0,0,0_0,1_4
1,1,1,40,7,2,0,0,0,1,9_5,1_5
1,1,1,40,7,3,0,0,0,1,6_8,-1_-1
1,1,2,73,10,3,0,0,0,0,0_0,2_7
1,1,1,62,9,2,0,0,0,0,0_0,2_9
2,2,2,57,9,2,0,0,0,0,0_0,-1_-1
2,3,2,45,7,2,0,0,0,0,0_0,3_8
2,1,1,46,8,3,0,0,0,0,0_0,3_7
1,2,2,23,5,2,0,0,0,0,0_0,3_1
2,1,1,21,5,2,0,0,0,0,0_0,2_4
2,2,2,65,9,3,0,0,0,0,0_0,1_2
1,1,1,46,8,2,0,0,0,0,0_0,3_5
2,2,1,16,4,3,0,0,0,0,0_0,3_6
1,1,1,72,10,3,0,0,0,0,0_0,1_1
1,1,2,50,8,3,0,0,0,0,0_0,2_6
1,1,2,59,9,3,0,0,0,0,0_0,3_7
1,1,1,33,6,3,0,0,0,0,0_0,3_10
1,2,2,70,10,3,0,0,0,0,0_0,3_4
1,1,1,73,10,3,0,0,0,0,0_0,3_10
1,1,2,47,8,3,0,0,0,1,6_9,2_4
2,2,1,54,8,2,0,0,0,0,0_0,1_2
3,3,2,42,7,2,0,0,0,0,0_0,3_4
1,1,2,26,6,3,0,0,0,1,6_1,1_9
1,1,1,44,7,3,0,0,0,1,9_7,1_4
2,2,1,31,6,3,0,0,0,0,0_0,2_8
3,3,2,56,9,3,0,0,0,0,0_0,3_5
2,1,1,60,9,3,0,0,0,0,0_0,2_4
1,1,2,47,8,3,0,0,0,1,9_8,3_3
1,1,2,71,10,3,0,0,0,0,0_0,1_3
1,1,2,69,10,2,0,0,0,1,5_1,1_3
1,1,1,41,7,3,0,0,0,1,9_6,1_4
1,1,1,76,11,3,0,0,0,1,2_1,1_10
1,1,1,34,6,2,0,0,0,0,0_0,2_4
1,1,1,75,10,2,0,0,0,0,0_0,1_8
1,1,2,34,6,3,0,0,0,1,9_5,1_6
1,2,1,28,6,3,0,0,0,0,0_0,1_2
1,1,2,65,9,2,0,0,0,1,5_3,1_2
2,2,2,72,10,2,0,0,0,0,0_0,2_4
1,1,1,31,6,3,0,0,0,1,1_1,2_4
1,1,2,40,7,3,0,0,0,1,5_1,2_4
1,1,2,70,10,3,0,0,0,1,4_3,-1_-1
2,1,1,55,8,3,0,0,0,1,0_0,1_2
1,1,1,69,10,2,0,0,0,0,0_0,2_8
1,1,1,22,5,3,0,0,0,0,0_0,3_3
1,2,1,38,7,3,0,0,0,0,0_0,-1_-1
1,1,1,21,5,3,0,0,0,1,6_8,2_5
1,2,1,26,6,3,0,0,0,1,6_9,-1_-1
1,1,2,5,1,3,0,0,0,1,4_1,-1_-1
1,1,1,83,11,2,0,0,0,0,0_0,1_8
2,3,2,45,7,3,0,0,0,0,0_0,3_9
1,2,1,39,7,3,0,0,0,0,0_0,1_4
1,1,2,18,4,3,0,0,0,0,0_0,2_2
2,1,2,20,4,3,0,0,0,0,0_0,3_8
1,1,2,84,11,2,0,0,0,1,5_1,-1_-1
1,1,1,39,7,2,0,0,0,0,0_0,3_-1
1,1,2,23,5,2,0,0,0,1,1_1,-1_-1
1,1,1,13,3,3,0,0,0,1,4_1,1_2
2,1,1,46,8,3,0,0,0,0,0_0,1_9
1,1,1,51,8,2,0,0,0,1,1_1,1_4
1,2,1,6,2,3,0,0,0,1,1_1,1_1
2,2,1,25,5,2,0,0,0,0,0_0,-1_-1
1,1,1,40,7,2,0,0,0,0,0_0,2_4
2,2,2,46,8,3,0,0,0,0,0_0,3_4
2,1,1,90,11,2,0,0,0,0,0_0,2_10
2,1,1,65,9,3,0,0,0,0,0_0,3_9
1,1,2,35,6,2,0,0,0,0,0_0,-1_-1
1,1,1,29,6,2,0,0,0,0,0_0,2_10
1,1,1,17,4,3,0,0,0,1,5_1,1_9
1,1,1,61,9,2,0,0,0,1,6_9,2_3
2,2,2,48,8,3,0,0,0,0,0_0,1_5
1,1,1,53,8,3,0,0,0,1,4_3,1_5
2,2,2,24,5,3,0,0,0,0,0_0,1_10
1,1,2,77,11,3,0,0,0,1,1_1,1_4
1,1,1,52,8,3,0,0,0,1,1_1,1_8
1,1,1,6,2,3,0,0,0,1,5_4,1_5
2,1,1,16,4,2,0,0,0,0,0_0,1_7
1,1,2,5,1,3,0,0,0,1,3_1,1_3
1,1,1,32,6,2,0,0,0,1,5_9,1_4
1,1,1,22,5,3,0,0,0,1,1_3,1_3
1,1,1,10,2,3,0,0,0,1,6_9,1_1
2,2,2,34,6,3,0,0,0,0,0_0,1_3
2,3,1,44,7,3,0,0,0,0,0_0,1_1
2,1,2,73,10,3,0,0,0,0,0_0,1_1
3,2,1,20,4,3,0,0,0,0,0_0,1_4
1,1,2,20,4,3,0,0,0,1,1_3,1_8
1,1,1,36,7,3,0,0,0,1,1_1,1_8
1,1,1,36,7,3,0,0,0,1,2_9,1_5
1,1,1,16,4,3,0,0,0,1,1_1,1_4
1,1,1,62,9,3,0,0,0,1,9_9,1_5
1,1,1,31,6,3,0,0,0,1,1_3,1_7
1,1,1,81,11,2,0,0,0,1,1_1,-1_-1
1,1,2,65,9,2,0,0,0,0,0_0,1_9
1,1,1,29,6,3,0,0,0,1,5_1,1_10
1,1,2,20,4,3,0,0,0,1,1_1,1_4
2,1,1,31,6,2,0,0,0,0,0_0,2_3
2,1,2,20,4,2,0,0,0,0,0_0,2_5
2,1,2,21,5,3,0,0,0,0,0_0,2_2
1,1,1,53,8,2,0,0,0,1,5_1,-1_-1
2,1,1,40,7,3,0,0,0,0,0_0,3_9
2,1,1,78,11,3,0,0,0,0,0_0,1_2
1,1,2,16,4,2,0,0,0,1,1_3,1_2
1,1,2,42,7,3,0,0,0,1,6_9,1_1
1,1,2,18,4,3,0,0,0,1,5_9,1_5
1,1,1,63,9,2,0,0,0,1,8_9,-1_-1
2,1,2,55,8,3,0,0,0,0,0_0,2_5
1,1,2,20,4,2,0,0,0,1,8_3,1_3
1,1,1,12,3,2,0,0,0,1,5_2,1_3
3,3,2,36,7,3,0,0,0,0,0_0,1_2
1,1,2,61,9,3,0,0,0,1,5_3,1_1
1,1,1,5,1,2,0,0,0,1,1_9,1_1
2,1,1,42,7,3,0,0,0,1,0_0,1_3
2,2,2,24,5,2,0,0,0,0,0_0,1_3
2,2,1,50,8,2,0,0,0,0,0_0,1_9
1,3,2,57,9,3,0,0,0,0,0_0,3_7
3,1,1,61,9,3,0,0,0,0,0_0,1_6
1,1,2,47,8,2,0,0,0,0,0_0,1_7
2,1,1,31,6,1,0,0,0,0,0_0,1_2
2,1,1,45,7,2,0,0,0,0,0_0,1_9
1,1,2,67,10,3,0,0,0,1,1_1,1_4
1,1,1,22,5,3,0,0,0,1,1_9,1_4
1,1,1,8,2,3,0,0,0,1,9_9,1_2
1,1,2,12,3,3,0,0,0,1,5_3,1_2
1,1,1,33,6,2,0,0,0,1,1_1,-1_-1
1,2,2,32,6,2,0,0,0,1,1_1,-1_-1
1,1,1,33,6,3,0,0,0,1,8_3,1_2
2,3,1,34,6,3,0,0,0,0,0_0,1_4
1,1,1,10,2,3,0,0,0,1,6_9,1_3
1,1,1,78,11,1,0,0,0,1,5_3,1_2
1,1,1,7,2,3,0,0,0,1,6_9,1_4
2,1,2,29,6,3,0,0,0,0,0_0,2_3
2,2,2,65,9,3,0,0,0,0,0_0,2_6
2,1,2,32,6,3,0,0,0,0,0_0,2_6
1,1,2,22,5,2,0,0,0,0,0_0,1_3
1,1,2,55,8,2,0,0,0,1,1_1,1_1
3,2,1,57,9,3,0,0,0,0,0_0,1_3
1,1,2,65,9,3,0,0,0,1,6_9,-1_-1
1,1,1,74,10,1,0,0,0,0,0_0,1_8
2,1,2,60,9,3,0,0,0,0,0_0,1_9
2,1,2,66,10,3,0,0,0,0,0_0,2_4
1,1,1,43,7,2,0,0,0,1,4_1,1_2
1,1,1,11,3,3,0,0,0,1,5_4,1_3
1,1,2,59,9,3,0,0,0,1,10_9,1_3
1,1,1,67,10,3,0,0,0,1,5_3,1_4
1,1,1,41,7,2,0,0,0,1,8_3,1_6
2,3,1,40,7,3,0,0,0,0,0_0,1_5
1,1,2,21,5,3,0,0,0,1,1_9,1_2
1,1,1,58,9,3,0,0,0,1,8_5,1_1
1,1,1,51,8,3,0,0,0,1,10_9,1_8
1,1,2,39,7,3,0,0,0,1,1_1,1_4
3,2,1,53,8,3,0,0,0,0,0_0,1_8
2,1,1,42,7,2,0,0,0,0,0_0,1_1
3,2,1,42,7,2,0,0,0,0,0_0,1_6
3,2,1,37,7,1,0,0,0,0,0_0,1_2
2,2,1,48,8,3,0,0,0,0,0_0,2_3
2,2,1,54,8,3,0,0,0,1,0_0,1_6
2,1,2,40,7,2,0,0,0,0,0_0,1_5
3,1,1,43,7,3,0,0,0,0,0_0,1_1
1,1,2,49,8,2,0,0,0,0,0_0,-1_-1
2,1,2,35,6,3,0,0,0,0,0_0,3_7
1,1,2,27,6,3,0,0,0,0,0_0,2_8
2,1,1,14,3,2,0,0,0,0,0_0,1_2
2,1,1,80,11,2,0,0,0,0,0_0,1_3
1,1,2,57,9,3,0,0,0,1,1_3,1_9
1,1,1,36,7,3,0,0,0,1,9_6,-1_-1
1,1,1,35,6,3,0,0,0,1,6_9,1_2
1,1,1,11,3,3,0,0,0,1,8_1,-1_-1
1,2,1,22,5,3,0,0,0,1,0_0,1_2
1,1,1,13,3,3,0,0,0,1,8_4,1_8
1,3,1,32,6,3,0,0,0,0,0_0,1_10
1,1,2,65,9,3,0,0,0,1,5_1,1_3
2,2,1,34,6,3,0,0,0,0,0_0,1_10
1,1,2,66,10,2,0,0,0,1,6_9,1_4
1,1,2,32,6,3,0,0,0,1,6_9,1_2
1,1,1,46,8,3,0,0,0,1,10_5,1_5
1,1,1,29,6,3,0,0,0,1,5_3,1_10
1,1,1,25,5,2,0,0,0,1,9_5,3_8
1,2,1,33,6,3,0,0,0,0,0_0,1_8
2,1,1,5,1,3,0,0,0,0,0_0,1_3
1,1,2,11,3,3,0,0,0,1,5_3,1_3
1,1,1,62,9,3,0,0,0,1,8_3,1_3
2,1,1,54,8,2,0,0,0,0,0_0,1_8
3,2,1,43,7,3,0,0,0,0,0_0,1_6
1,1,2,33,6,3,0,0,0,1,0_0,1_2
1,1,2,68,10,2,0,0,0,1,1_3,1_3
1,1,1,47,8,2,0,0,0,1,5_1,1_3
1,2,2,1,1,3,0,0,0,1,5_1,1_3
2,2,2,18,4,3,0,0,0,0,0_0,1_4
1,1,2,25,5,3,0,0,0,1,1_3,-1_-1
1,2,1,20,4,3,0,0,0,0,0_0,1_2
1,1,2,22,5,3,0,0,0,1,5_1,1_6
1,1,1,21,5,2,0,0,0,1,5_3,-1_-1
1,1,2,12,3,3,0,0,0,1,1_1,1_4
1,2,2,0,1,3,0,0,0,1,5_1,1_4
1,3,2,3,1,3,0,0,0,1,5_1,1_4
1,2,1,49,8,3,0,0,0,1,5_1,1_6
1,1,1,10,2,3,0,0,0,1,1_1,1_4
1,1,2,86,11,2,0,0,0,1,6_9,1_9
1,1,2,73,10,3,0,0,0,1,5_3,1_4
1,1,1,7,2,3,0,0,0,1,5_1,1_4
2,1,1,62,9,3,0,0,0,0,0_0,1_7
3,2,1,52,8,3,0,0,0,0,0_0,1_4
1,1,1,21,5,3,0,0,0,1,9_5,-1_-1
1,1,1,48,8,3,0,0,0,1,8_1,1_5
1,1,2,20,4,3,0,0,0,1,1_1,1_3
1,1,2,5,1,3,0,0,0,1,1_1,1_2
2,1,1,55,8,3,0,0,0,0,0_0,2_4
2,1,1,48,8,3,0,0,0,0,0_0,2_9
1,1,2,32,6,3,0,0,0,1,1_3,1_9
1,1,1,46,8,3,0,0,0,1,6_9,1_8
1,1,2,24,5,3,0,0,0,1,9_5,1_10
1,1,1,20,4,3,0,0,0,1,0_0,-1_-1
2,1,2,31,6,2,0,0,0,0,0_0,1_1
1,1,1,30,6,2,0,0,0,1,5_4,1_6
1,1,1,43,7,3,0,0,0,1,5_3,2_3
2,1,1,40,7,3,0,0,0,0,0_0,2_6
1,1,2,18,4,3,0,0,0,1,4_1,1_1
1,1,1,63,9,3,0,0,0,1,2_1,1_2
1,1,1,24,5,3,0,0,0,1,5_3,-1_-1
3,2,1,32,6,3,0,0,0,0,0_0,3_5
2,1,2,54,8,2,0,0,0,0,0_0,1_4
1,1,1,5,1,3,0,0,0,1,5_2,1_6
1,1,1,48,8,2,0,0,0,0,0_0,1_4
1,3,1,28,6,2,0,0,0,0,0_0,1_5
1,1,2,87,11,3,0,0,0,0,0_0,-1_-1
1,1,2,19,4,3,0,0,0,0,0_0,2_4
2,2,1,58,9,2,0,0,0,0,0_0,1_6
1,1,2,20,4,3,0,0,0,1,1_1,1_2
1,1,2,54,8,2,0,0,0,1,6_9,1_3
2,2,1,78,11,3,0,0,0,0,0_0,1_5
1,1,2,14,3,3,0,0,0,1,4_1,1_4
1,1,2,49,8,2,0,0,0,1,4_9,1_5
1,1,2,26,6,3,0,0,0,0,0_0,2_9
1,1,1,61,9,3,0,0,0,1,1_1,1_1
1,1,1,92,11,3,0,0,0,1,5_3,1_4
2,1,2,50,8,2,0,0,0,0,0_0,1_1
2,2,1,58,9,3,0,0,0,0,0_0,2_4
1,1,2,4,1,3,0,0,0,1,5_1,1_1
1,1,1,19,4,3,0,0,0,1,1_1,1_3
1,1,2,58,9,3,0,0,0,0,0_0,2_8
3,1,1,67,10,3,0,0,0,0,0_0,1_7
1,1,1,85,11,2,0,0,0,1,10_9,1_4
1,1,1,15,3,2,0,0,0,1,10_1,1_1
1,1,2,13,3,3,0,0,0,1,5_1,1_8
1,1,1,4,1,3,0,0,0,1,5_3,-1_-1
2,1,1,34,6,3,0,0,0,1,0_0,1_8
2,3,1,27,6,3,0,0,0,0,0_0,1_6
2,2,1,27,6,3,0,0,0,1,0_0,1_4
1,2,1,29,6,3,0,0,0,0,0_0,1_1
2,3,1,34,6,2,0,0,0,0,0_0,1_1
2,2,2,43,7,3,0,0,0,1,0_0,1_3
3,1,1,6,2,3,0,0,0,1,0_0,2_8
1,1,1,20,4,3,0,0,0,0,0_0,3_3
1,1,1,12,3,2,0,0,0,1,4_9,1_9
1,1,2,54,8,3,0,0,0,1,5_3,1_5
1,1,1,49,8,3,0,0,0,1,5_4,1_8
1,1,2,59,9,3,0,0,0,1,10_9,1_6
1,1,2,46,8,3,0,0,0,1,5_1,1_2
1,1,2,52,8,2,0,0,0,0,0_0,1_5
1,1,2,18,4,2,0,0,0,1,9_9,-1_-1
1,1,1,30,6,3,0,0,0,1,6_9,-1_-1
1,1,1,10,2,3,0,0,0,1,1_1,1_6
3,1,1,59,9,3,0,0,0,0,0_0,1_10
2,1,1,57,9,2,0,0,0,0,0_0,1_2
1,1,2,19,4,2,0,0,0,0,0_0,1_1
1,1,2,65,9,2,0,0,0,1,5_3,-1_-1
1,2,1,68,10,3,0,0,0,1,5_3,1_1
1,1,1,75,10,2,0,0,0,1,10_9,1_6
2,2,2,52,8,3,0,0,0,0,0_0,1_7
1,1,1,54,8,3,0,0,0,0,0_0,2_9
1,1,2,27,6,2,0,0,0,1,6_9,2_8
1,1,2,20,4,3,0,0,0,1,10_1,1_3
2,1,1,27,6,2,0,0,0,0,0_0,1_8
3,1,2,33,6,2,0,0,0,0,0_0,1_3
1,1,1,18,4,3,0,0,0,1,10_9,1_9
2,1,2,27,6,2,0,0,0,0,0_0,1_4
1,1,2,28,6,3,0,0,0,0,0_0,1_-1
2,1,2,32,6,2,0,0,0,0,0_0,1_6
1,1,1,14,3,3,0,0,0,1,8_5,1_6
1,1,1,46,8,2,0,0,0,1,5_1,1_5
1,1,1,20,4,3,0,0,0,1,1_9,1_8
1,1,1,28,6,3,0,0,0,1,5_3,1_5
2,1,2,22,5,2,0,0,0,0,0_0,1_8
1,1,1,26,6,3,0,0,0,1,1_3,1_5
1,2,1,24,5,2,0,0,0,1,1_3,1_7
3,1,1,50,8,3,0,0,0,0,0_0,1_2
2,3,2,44,7,3,0,0,0,0,0_0,1_2
1,1,2,23,5,2,0,0,0,1,1_3,1_4
1,1,2,35,6,3,0,0,0,1,4_3,1_4
1,1,1,16,4,3,0,0,0,1,4_2,1_2
1,1,2,62,9,2,0,0,0,1,4_3,1_1
1,1,2,54,8,2,0,0,0,1,5_3,1_5
3,1,2,23,5,3,0,0,0,0,0_0,1_4
1,1,1,22,5,3,0,0,0,1,9_5,3_8
1,1,2,55,8,3,0,0,0,1,5_1,1_7
1,1,1,77,11,2,0,0,0,1,5_3,1_9
1,1,1,17,4,2,0,0,0,1,5_1,1_1
1,1,2,70,10,3,0,0,0,0,0_0,1_9
1,1,1,59,9,2,0,0,0,1,1_3,3_4
1,1,1,32,6,2,0,0,0,1,1_4,1_4
1,2,1,55,8,3,0,0,0,0,0_0,1_9
1,1,2,41,7,3,0,0,0,1,5_1,1_4
3,2,1,22,5,3,0,0,0,0,0_0,1_10
1,1,2,44,7,3,0,0,0,1,5_1,1_7
1,2,2,7,2,3,0,0,0,1,5_1,1_7
1,1,1,51,8,3,0,0,0,1,9_5,1_3
1,1,1,52,8,2,0,0,0,1,1_3,1_4
1,1,2,76,11,2,0,0,0,1,5_2,1_7
1,1,2,15,3,3,0,0,0,1,9_5,1_3
1,1,2,42,7,3,0,0,0,1,1_1,1_6
1,1,1,52,8,3,0,0,0,1,5_2,1_-1
1,1,2,4,1,2,0,0,0,1,1_3,1_4
1,1,1,12,3,2,0,0,0,1,5_4,1_3
1,1,2,12,3,3,0,0,0,1,9_7,1_5
1,1,2,68,10,3,0,0,0,1,5_1,1_2
2,1,2,75,10,3,0,0,0,0,0_0,1_7
1,2,2,54,8,2,0,0,0,1,1_3,1_1
1,1,2,18,4,3,0,0,0,1,1_9,1_4
2,1,1,65,9,3,0,0,0,0,0_0,3_6
1,1,2,45,7,3,0,0,0,1,4_1,1_8
1,2,1,39,7,3,0,0,0,0,0_0,2_10
1,1,2,31,6,2,0,0,0,0,0_0,2_5
1,1,2,65,9,2,0,0,0,1,10_1,2_9
1,1,2,60,9,1,0,0,0,1,5_2,1_9
1,1,2,69,10,2,0,0,0,1,4_1,3_5
2,1,1,43,7,2,0,0,0,0,0_0,2_-1
1,1,2,29,6,3,0,0,0,0,0_0,2_7
1,1,1,15,3,3,0,0,0,1,8_7,1_4
2,1,2,58,9,3,0,0,0,0,0_0,3_8
1,1,2,80,11,2,0,0,0,0,0_0,1_4
1,1,1,13,3,3,0,0,0,1,10_9,-1_-1
1,1,1,12,3,3,0,0,0,1,5_4,1_1
2,1,1,76,11,2,0,0,0,0,0_0,1_5
1,3,2,29,6,3,0,0,0,0,0_0,1_8
1,1,1,85,11,2,0,0,0,0,0_0,1_6
2,2,2,62,9,2,0,0,0,0,0_0,1_8
1,1,1,35,6,1,0,0,0,1,5_9,1_2
2,2,1,31,6,2,0,0,0,0,0_0,1_4
1,1,1,20,4,3,0,0,0,1,5_1,2_2
1,2,2,4,1,3,0,0,0,1,5_1,1_1
1,1,1,74,10,2,0,0,0,1,10_9,1_6
1,1,2,46,8,2,0,0,0,1,6_5,1_4
1,2,1,19,4,3,0,0,0,0,0_0,1_2
1,1,2,50,8,3,0,0,0,1,10_3,1_3
1,1,2,15,3,3,0,0,0,1,5_9,1_6
2,1,2,27,6,3,0,0,0,0,0_0,2_8
1,1,2,32,6,3,0,0,0,1,1_9,1_7
1,1,1,63,9,3,0,0,0,1,5_9,1_3
1,1,1,24,5,3,0,0,0,1,5_3,1_6
1,1,2,52,8,3,0,0,0,1,5_3,1_7
2,1,1,25,5,3,0,0,0,0,0_0,1_-1
1,1,2,28,6,3,0,0,0,1,9_9,1_5
1,1,1,9,2,3,0,0,0,1,1_3,1_1
1,1,2,29,6,3,0,0,0,1,10_9,1_6
2,1,2,62,9,3,0,0,0,0,0_0,1_6
1,1,1,12,3,3,0,0,0,1,5_2,1_4
1,1,1,26,6,2,0,0,0,1,1_2,1_3
1,1,2,28,6,2,0,0,0,1,1_2,1_7
1,1,2,82,11,1,0,0,0,1,1_1,-1_-1
1,1,1,30,6,3,0,0,0,1,5_9,1_1
2,2,2,36,7,3,0,0,0,0,0_0,1_7
2,3,1,44,7,3,0,0,0,0,0_0,1_4
1,2,1,37,7,3,0,0,0,1,4_2,1_5
1,2,1,20,4,3,0,0,0,0,0_0,2_3
1,1,1,11,3,2,0,0,0,1,10_1,-1_-1
2,1,2,32,6,3,0,0,0,0,0_0,1_-1
1,1,1,89,11,3,0,0,0,0,0_0,1_9
1,1,1,89,11,3,0,0,0,0,0_0,1_1
2,1,2,79,11,2,0,0,0,0,0_0,3_4
1,1,2,17,4,2,0,0,0,1,5_1,2_9
1,1,1,23,5,2,0,0,0,1,5_1,1_1
2,1,1,68,10,3,0,0,0,0,0_0,3_7
1,1,1,20,4,2,0,0,0,1,10_3,1_2
1,1,2,38,7,2,0,0,0,1,5_3,1_5
2,1,2,21,5,2,0,0,0,0,0_0,3_7
2,2,2,44,7,3,0,0,0,0,0_0,1_4
1,1,2,90,11,3,0,0,0,1,5_2,1_9
1,1,2,20,4,3,0,0,0,1,9_8,1_7
1,2,1,30,6,3,0,0,0,0,0_0,-1_-1
2,3,2,40,7,3,0,0,0,0,0_0,1_2
2,1,2,38,7,3,0,0,0,0,0_0,2_4
1,1,2,81,11,3,0,0,0,1,5_1,3_6
1,1,2,26,6,2,0,0,0,1,1_1,2_2
1,1,2,12,3,3,0,0,0,1,5_3,2_2
1,1,1,33,6,3,0,0,0,1,5_3,3_10
1,1,1,25,5,3,0,0,0,1,2_1,-1_-1
1,1,2,18,4,3,0,0,0,1,5_3,1_3
1,1,2,57,9,3,0,0,0,1,1_3,1_1
1,1,2,22,5,3,0,0,0,1,4_2,1_1
1,1,2,44,7,2,0,0,0,1,1_1,1_8
1,1,2,18,4,3,0,0,0,1,1_3,1_3
1,1,1,14,3,3,0,0,0,1,5_1,1_6
3,1,1,25,5,3,0,0,0,0,0_0,1_3
2,1,1,71,10,2,0,0,0,0,0_0,1_3
1,1,1,8,2,3,0,0,0,1,10_9,1_2
1,2,2,17,4,3,0,0,0,0,0_0,1_4
1,1,1,31,6,2,0,0,0,1,9_8,1_4
1,1,1,78,11,2,0,0,0,0,0_0,1_1
2,1,1,50,8,3,0,0,0,0,0_0,2_4
2,1,1,56,9,1,0,0,0,0,0_0,3_8
1,1,2,64,9,2,0,0,0,1,1_3,1_1
1,1,1,30,6,3,0,0,0,1,8_7,1_1
1,1,1,12,3,3,0,0,0,1,9_5,3_8
1,1,2,46,8,2,0,0,0,1,4_1,1_1
1,1,1,48,8,1,0,0,0,1,10_5,1_4
2,2,2,57,9,3,0,0,0,0,0_0,2_9
1,1,1,12,3,2,0,0,0,1,5_3,-1_-1
1,1,2,31,6,2,0,0,0,0,0_0,1_8
1,1,2,30,6,2,0,0,0,1,9_5,1_5
1,1,1,77,11,2,0,0,0,0,0_0,1_1
2,2,2,29,6,3,0,0,0,0,0_0,1_-1
2,2,1,22,5,3,0,0,0,0,0_0,3_5
2,1,1,27,6,1,0,0,0,0,0_0,1_2
1,2,1,63,9,1,0,0,0,1,1_1,1_4
1,1,1,73,10,1,0,0,0,0,0_0,1_7
2,1,2,59,9,2,0,0,0,0,0_0,1_2
1,1,2,90,11,2,0,0,0,1,1_2,1_9
1,1,2,66,10,3,0,0,0,1,6_9,1_2
1,1,2,60,9,3,0,0,0,1,5_3,1_9
1,1,2,8,2,3,0,0,0,1,5_1,1_4
3,1,1,27,6,3,0,0,0,0,0_0,1_3
1,1,2,22,5,2,0,0,0,1,1_3,1_4
1,1,1,31,6,2,0,0,0,1,5_2,1_9
1,1,2,22,5,2,0,0,0,0,0_0,1_10
1,1,1,15,3,2,0,0,0,1,8_2,1_1
1,1,1,12,3,3,0,0,0,1,5_3,-1_-1
1,1,1,11,3,3,0,0,0,1,1_1,1_8
3,3,2,30,6,3,0,0,0,0,0_0,1_10
2,2,2,4,1,3,0,0,0,1,0_0,1_3
1,1,2,43,7,3,0,0,0,1,1_3,1_6
2,2,2,28,6,3,0,0,0,0,0_0,1_8
1,1,2,41,7,3,0,0,0,1,5_9,1_1
1,1,2,23,5,3,0,0,0,1,9_9,1_4
1,1,1,32,6,2,0,0,0,1,5_1,1_4
1,1,1,56,9,3,0,0,0,1,5_3,1_7
1,1,2,77,11,3,0,0,0,0,0_0,2_9
1,1,2,25,5,3,0,0,0,1,9_9,1_2
1,1,2,79,11,2,0,0,0,1,5_1,1_3
1,1,1,6,2,3,0,0,0,1,1_1,1_7
1,2,1,6,2,3,0,0,0,1,1_1,1_7
2,1,2,27,6,3,0,0,0,0,0_0,2_3
1,1,1,66,10,2,0,0,0,1,1_1,1_1
1,1,1,13,3,3,0,0,0,1,1_9,-1_-1
1,1,2,71,10,3,0,0,0,1,6_9,1_1
1,1,2,78,11,3,0,0,0,1,9_5,3_8
2,2,1,14,3,3,0,0,0,0,0_0,-1_-1
1,1,1,69,10,1,0,0,0,0,0_0,-1_-1
1,1,1,7,2,3,0,0,0,1,5_2,-1_-1
1,1,1,9,2,3,0,0,0,1,2_1,1_3
1,1,2,89,11,2,0,0,0,1,5_1,1_2
1,1,1,12,3,2,0,0,0,1,1_3,1_2
3,2,1,63,9,3,0,0,0,0,0_0,1_3
1,1,2,34,6,3,0,0,0,1,1_9,1_3
1,1,1,57,9,2,0,0,0,1,5_2,1_2
1,2,1,26,6,3,0,0,0,0,0_0,1_3
1,1,2,57,9,3,0,0,0,1,6_9,1_7
1,1,1,63,9,2,0,0,0,1,5_9,1_8
1,1,1,22,5,3,0,0,0,1,9_9,1_4
2,1,1,51,8,3,0,0,0,1,9_9,1_2
1,1,1,30,6,2,0,0,0,1,5_9,1_2
1,1,2,48,8,2,0,0,0,1,4_9,1_7
1,1,2,15,3,3,0,0,0,1,6_9,1_2
1,1,1,67,10,3,0,0,0,0,0_0,1_8
1,1,2,25,5,2,0,0,0,1,4_4,1_3
2,1,1,46,8,2,0,0,0,0,0_0,1_4
3,2,1,24,5,1,0,0,0,0,0_0,1_3
1,1,1,19,4,2,0,0,0,1,1_3,1_6
1,1,2,54,8,2,0,0,0,1,1_3,1_4
1,1,2,77,11,1,0,0,0,0,0_0,1_10
2,3,1,42,7,2,0,0,0,0,0_0,-1_-1
1,1,1,47,8,2,0,0,0,1,5_3,1_4
1,1,2,61,9,3,0,0,0,1,1_9,1_4
2,1,1,52,8,2,0,0,0,0,0_0,1_4
2,1,2,54,8,2,0,0,0,0,0_0,1_3
2,1,1,74,10,2,0,0,0,0,0_0,1_1
1,1,1,91,11,3,0,0,0,0,0_0,1_9
2,3,1,25,5,3,0,0,0,0,0_0,1_1
2,2,1,40,7,3,0,0,0,0,0_0,1_2
1,1,2,9,2,3,0,0,0,1,1_9,1_6
1,1,2,81,11,2,0,0,0,1,5_1,1_1
1,1,1,51,8,2,0,0,0,0,0_0,1_10
1,1,1,50,8,3,0,0,0,1,5_3,1_1
1,1,1,57,9,3,0,0,0,1,1_1,1_3
1,1,1,88,11,3,0,0,0,1,5_3,1_1
1,1,2,24,5,3,0,0,0,1,0_0,1_3
1,1,1,45,7,1,0,0,0,0,0_0,1_3
3,1,2,53,8,3,0,0,0,0,0_0,1_7
1,1,2,36,7,3,0,0,0,1,5_3,1_5
1,1,2,65,9,1,0,0,0,1,6_9,1_6
1,2,2,84,11,2,0,0,0,1,6_9,1_6
1,1,2,76,11,2,0,0,0,1,1_1,1_3
1,1,2,39,7,3,0,0,0,0,0_0,2_3
2,2,2,43,7,3,0,0,0,0,0_0,2_-1
2,1,1,83,11,2,0,0,0,0,0_0,1_3
1,1,1,16,4,2,0,0,0,1,0_0,3_5
2,2,2,31,6,3,0,0,0,1,0_0,1_1
1,1,1,56,9,3,0,0,0,0,0_0,2_2
2,2,1,60,9,3,0,0,0,0,0_0,2_5
3,3,2,55,8,3,0,0,0,0,0_0,3_5
1,1,2,18,4,2,0,0,0,0,0_0,3_5
2,2,1,67,10,2,0,0,0,0,0_0,2_3
1,1,1,82,11,2,0,0,0,1,5_1,1_3
2,1,2,49,8,3,0,0,0,0,0_0,2_3
3,2,1,48,8,3,0,0,0,0,0_0,1_3
1,1,2,26,6,3,0,0,0,1,1_1,1_1
1,2,2,9,2,3,0,0,0,1,1_1,-1_-1
1,1,2,14,3,2,0,0,0,1,5_1,-1_-1
1,1,2,65,9,3,0,0,0,1,5_3,1_2
2,1,2,42,7,2,0,0,0,0,0_0,1_8
2,1,1,25,5,3,0,0,0,0,0_0,3_8
1,2,1,55,8,3,0,0,0,0,0_0,1_3
1,1,1,78,11,2,0,0,0,0,0_0,1_8
1,1,2,35,6,2,0,0,0,0,0_0,1_6
2,2,2,66,10,3,0,0,0,0,0_0,1_4
2,2,2,54,8,3,0,0,0,0,0_0,3_-1
1,1,2,41,7,2,0,0,0,0,0_0,1_2
1,1,2,49,8,3,0,0,0,1,5_9,2_9
2,1,2,39,7,3,0,0,0,0,0_0,3_7
2,1,1,77,11,2,0,0,0,0,0_0,1_4
1,1,2,80,11,3,0,0,0,1,9_7,2_9
1,1,1,84,11,3,0,0,0,0,0_0,3_10
2,3,2,61,9,3,0,0,0,0,0_0,2_10
3,2,2,44,7,3,0,0,0,0,0_0,3_5
1,1,1,10,2,3,0,0,0,1,5_9,1_1
1,1,2,62,9,2,0,0,0,1,1_1,1_3
1,2,2,14,3,3,0,0,0,1,1_1,1_1
1,1,1,13,3,3,0,0,0,1,1_1,1_3
1,1,2,4,1,2,0,0,0,1,4_4,1_2
1,1,1,9,2,3,0,0,0,0,0_0,1_2
1,1,1,16,4,2,0,0,0,0,0_0,-1_-1
1,1,2,14,3,3,0,0,0,1,5_9,1_2
1,1,2,26,6,2,0,0,0,1,6_9,1_5
1,1,2,7,2,3,0,0,0,1,5_1,1_2
1,1,1,9,2,3,0,0,0,1,5_9,1_2
1,2,2,61,9,3,0,0,0,1,6_9,1_6
2,1,2,30,6,2,0,0,0,0,0_0,1_3
1,1,1,24,5,3,0,0,0,1,4_3,1_2
1,1,1,32,6,3,0,0,0,1,9_9,1_3
1,1,2,13,3,3,0,0,0,1,4_3,2_8
1,1,1,35,6,2,0,0,0,1,9_9,-1_-1
1,1,2,12,3,3,0,0,0,1,5_3,3_6
1,1,2,52,8,2,0,0,0,0,0_0,2_9
1,1,2,41,7,2,0,0,0,0,0_0,2_4
1,1,2,66,10,3,0,0,0,1,5_9,2_1
1,1,1,35,6,3,0,0,0,1,9_7,1_7
1,2,1,56,9,3,0,0,0,1,0_0,1_6
1,3,1,61,9,3,0,0,0,1,0_0,-1_-1
1,1,1,87,11,3,0,0,0,0,0_0,1_3
2,3,1,33,6,3,0,0,0,0,0_0,-1_-1
3,2,1,59,9,2,0,0,0,0,0_0,-1_-1
2,2,1,64,9,3,0,0,0,0,0_0,1_3
2,1,1,9,2,3,0,0,0,0,0_0,2_4
1,1,1,14,3,3,0,0,0,1,6_9,1_1
2,1,1,65,9,2,0,0,0,0,0_0,1_-1
2,1,1,80,11,3,0,0,0,0,0_0,1_4
1,1,1,84,11,3,0,0,0,1,6_9,1_2
3,2,1,38,7,3,0,0,0,0,0_0,1_3
3,1,1,54,8,3,0,0,0,0,0_0,1_2
1,1,1,65,9,2,0,0,0,1,1_1,1_1
1,1,1,49,8,2,0,0,0,1,10_9,-1_-1
2,3,2,19,4,3,0,0,0,0,0_0,1_8
1,1,2,51,8,2,0,0,0,1,1_1,1_4
1,1,2,28,6,3,0,0,0,1,6_9,1_1
1,1,1,22,5,2,0,0,0,1,1_3,1_8
1,1,1,67,10,3,0,0,0,1,5_1,1_10
1,1,1,60,9,3,0,0,0,1,9_7,1_3
1,1,1,17,4,3,0,0,0,1,5_3,1_7
2,2,1,69,10,2,0,0,0,0,0_0,3_7
1,1,1,37,7,3,0,0,0,0,0_0,2_8
1,1,2,10,2,2,0,0,0,1,5_1,1_7
2,1,1,34,6,2,0,0,0,0,0_0,2_8
1,1,1,36,7,2,0,0,0,0,0_0,1_8
2,2,1,55,8,2,0,0,0,0,0_0,-1_-1
2,3,1,27,6,2,0,0,0,0,0_0,1_2
1,1,1,30,6,3,0,0,0,1,5_9,1_7
2,2,2,80,11,3,0,0,0,0,0_0,3_7
1,1,1,72,10,3,0,0,0,0,0_0,1_3
1,1,1,19,4,3,0,0,0,1,5_1,1_8
1,1,2,71,10,3,0,0,0,1,6_9,1_2
1,1,2,5,1,3,0,0,0,1,5_4,1_1
1,1,1,79,11,2,0,0,0,1,6_5,1_1
1,1,2,3,1,2,0,0,0,1,1_3,1_9
1,1,1,69,10,3,0,0,0,0,0_0,1_4
2,1,1,58,9,3,0,0,0,0,0_0,3_1
1,1,1,72,10,3,0,0,0,1,1_4,1_1
1,1,2,32,6,3,0,0,0,1,10_3,1_1
2,2,2,27,6,3,0,0,0,0,0_0,2_10
1,1,2,9,2,3,0,0,0,1,6_9,1_3
1,1,2,4,1,3,0,0,0,1,5_1,-1_-1
1,1,1,9,2,3,0,0,0,1,6_9,1_8
2,2,1,82,11,3,0,0,0,0,0_0,1_1
1,1,2,19,4,3,0,0,0,1,10_9,1_2
1,1,1,55,8,3,0,0,0,1,9_5,1_2
3,1,1,58,9,3,0,0,0,0,0_0,-1_-1
1,1,1,36,7,2,0,0,0,1,1_1,1_9
1,1,2,49,8,3,0,0,0,1,4_9,1_1
1,1,1,47,8,3,0,0,0,1,5_1,1_3
1,1,2,49,8,2,0,0,0,1,1_1,1_3
1,1,1,32,6,2,0,0,0,1,9_5,1_8
1,2,1,42,7,3,0,0,0,1,5_3,1_3
1,1,1,3,1,3,0,0,0,1,10_9,1_4
1,1,2,26,6,3,0,0,0,1,9_5,1_3
2,1,1,49,8,3,0,0,0,0,0_0,2_6
3,2,1,69,10,3,0,0,0,0,0_0,2_7
2,1,2,78,11,3,0,0,0,0,0_0,2_6
1,1,2,59,9,3,0,0,0,1,5_3,1_3
1,1,1,10,2,2,0,0,0,0,0_0,1_6
2,3,1,37,7,3,0,0,0,0,0_0,1_-1
2,1,1,22,5,3,0,0,0,0,0_0,3_8
1,1,1,80,11,2,0,0,0,0,0_0,3_8
2,2,1,18,4,3,0,0,0,0,0_0,2_8
1,2,1,94,11,3,0,0,0,0,0_0,3_7
2,2,2,62,9,3,0,0,0,0,0_0,1_7
1,1,2,55,8,2,0,0,0,1,9_5,3_6
2,3,2,52,8,3,0,0,0,0,0_0,1_6
1,1,1,11,3,3,0,0,0,1,5_2,-1_-1
1,1,2,26,6,3,0,0,0,1,1_1,1_10
2,2,1,51,8,3,0,0,0,0,0_0,-1_-1
1,1,1,48,8,3,0,0,0,1,10_1,1_9
1,1,1,10,2,2,0,0,0,1,4_9,-1_-1
1,1,1,76,11,2,0,0,0,0,0_0,3_10
1,1,1,77,11,3,0,0,0,1,10_3,2_4
1,1,1,29,6,2,0,0,0,1,8_1,3_3
1,2,1,51,8,2,0,0,0,1,0_0,1_6
1,2,2,71,10,3,0,0,0,0,0_0,1_5
1,1,1,17,4,3,0,0,0,1,6_8,3_6
2,2,1,26,6,3,0,0,0,0,0_0,2_8
2,3,2,34,6,3,0,0,0,1,6_9,-1_-1
1,1,1,4,1,1,0,0,0,1,5_4,2_2
2,2,1,36,7,3,0,0,0,0,0_0,-1_-1
2,1,2,56,9,3,0,0,0,1,9_5,2_5
1,1,2,84,11,3,0,0,0,1,5_2,2_9
1,1,1,12,3,3,0,0,0,1,4_1,1_1
1,1,2,24,5,2,0,0,0,1,4_3,1_2
1,1,1,18,4,3,0,0,0,1,4_4,-1_-1
1,1,1,42,7,3,0,0,0,1,4_1,-1_-1
1,1,1,6,2,2,0,0,0,1,5_2,1_1
2,1,1,9,2,2,0,0,0,0,0_0,1_7
1,1,2,15,3,2,0,0,0,1,5_1,1_1
2,2,1,11,3,2,0,0,0,1,0_0,1_1
3,3,1,6,2,3,0,0,0,0,0_0,1_1
1,1,2,7,2,3,0,0,0,1,5_4,1_1
2,1,1,33,6,3,0,0,0,0,0_0,2_9
1,1,1,13,3,2,0,0,0,1,4_1,1_4
3,1,1,57,9,3,0,0,0,0,0_0,1_6
1,1,1,45,7,1,0,0,0,1,8_1,1_3
1,1,2,19,4,2,0,0,0,0,0_0,3_4
1,1,1,29,6,3,0,0,0,1,4_1,1_2
1,1,2,46,8,3,0,0,0,1,6_9,1_10
2,1,1,75,10,3,0,0,0,0,0_0,1_4
1,1,1,34,6,3,0,0,0,1,8_3,-1_-1
2,2,2,41,7,3,0,0,0,1,0_0,1_3
1,1,2,35,6,3,0,0,0,1,5_3,2_8
1,2,2,33,6,3,0,0,0,1,5_3,1_3
1,1,2,22,5,3,0,0,0,1,5_3,1_4
2,1,2,67,10,3,0,0,0,0,0_0,1_6
1,1,2,20,4,3,0,0,0,1,1_9,1_5
3,3,1,30,6,3,0,0,0,0,0_0,-1_-1
1,1,1,21,5,2,0,0,0,1,1_3,1_10
2,2,2,31,6,2,0,0,0,1,0_0,1_1
2,3,1,21,5,2,0,0,0,0,0_0,1_3
3,1,2,50,8,3,0,0,0,0,0_0,1_7
2,2,1,59,9,3,0,0,0,0,0_0,2_9
3,3,2,29,6,3,0,0,0,0,0_0,1_8
1,1,1,44,7,3,0,0,0,1,10_9,2_5
1,1,2,13,3,3,0,0,0,1,5_3,1_3
2,2,2,54,8,3,0,0,0,0,0_0,3_7
1,1,1,19,4,3,0,0,0,1,9_5,1_7
1,1,2,23,5,3,0,0,0,1,5_2,1_2
1,1,1,29,6,3,0,0,0,1,6_9,1_8
2,2,1,19,4,3,0,0,0,0,0_0,-1_-1
1,1,2,31,6,3,0,0,0,1,1_1,-1_-1
1,1,1,70,10,2,0,0,0,1,5_1,1_2
2,2,1,60,9,3,0,0,0,0,0_0,3_4
1,1,2,24,5,3,0,0,0,1,6_9,1_10
1,1,2,18,4,3,0,0,0,1,5_3,1_4
1,1,1,32,6,2,0,0,0,1,5_1,1_1
1,1,1,64,9,3,0,0,0,1,10_9,1_5
2,2,2,54,8,3,0,0,0,0,0_0,1_1
1,1,2,21,5,3,0,0,0,1,4_1,1_1
1,1,2,36,7,3,0,0,0,1,5_1,1_9
1,2,1,3,1,3,0,0,0,1,5_1,1_9
1,1,1,84,11,3,0,0,0,0,0_0,1_4
3,1,1,78,11,3,0,0,0,0,0_0,1_2
1,1,1,61,9,3,0,0,0,1,5_1,1_3
2,1,1,52,8,2,0,0,0,0,0_0,1_6
1,1,2,74,10,3,0,0,0,1,6_9,2_7
1,1,2,33,6,3,0,0,0,1,6_9,1_3
1,1,2,10,2,3,0,0,0,1,9_9,1_1
1,1,1,35,6,2,0,0,0,1,5_1,1_1
1,1,1,50,8,3,0,0,0,1,1_1,-1_-1
2,2,2,58,9,3,0,0,0,0,0_0,1_4
2,3,1,44,7,3,0,0,0,1,0_0,1_4
1,1,1,20,4,2,0,0,0,0,0_0,2_1
2,1,1,65,9,3,0,0,0,0,0_0,2_3
2,3,1,35,6,2,0,0,0,0,0_0,-1_-1
1,1,2,46,8,2,0,0,0,1,5_2,1_7
1,1,1,64,9,3,0,0,0,1,5_1,1_1
1,1,2,35,6,3,0,0,0,1,5_1,1_2
1,1,1,21,5,3,0,0,0,1,4_4,1_3
2,2,1,27,6,1,0,0,0,0,0_0,-1_-1
1,1,1,89,11,2,0,0,0,1,4_1,1_8
1,1,2,77,11,3,0,0,0,1,10_9,1_1
1,1,1,20,4,1,0,0,0,1,5_9,1_10
1,1,1,34,6,3,0,0,0,1,6_9,3_9
1,1,2,79,11,2,0,0,0,0,0_0,3_9
1,1,2,41,7,3,0,0,0,0,0_0,2_3
1,1,1,41,7,2,0,0,0,1,10_1,2_10
1,1,2,50,8,2,0,0,0,1,1_1,-1_-1
1,1,2,70,10,3,0,0,0,1,2_1,1_6
2,2,1,65,9,3,0,0,0,0,0_0,1_2
1,1,1,11,3,3,0,0,0,0,0_0,3_8
3,2,1,26,6,3,0,0,0,0,0_0,1_3
1,1,1,25,5,3,0,0,0,1,5_1,1_8
1,1,1,30,6,3,0,0,0,1,4_1,1_2
1,1,2,7,2,3,0,0,0,1,1_1,1_4
2,1,2,16,4,3,0,0,0,0,0_0,1_5
2,1,1,50,8,1,0,0,0,0,0_0,1_2
1,1,2,31,6,3,0,0,0,1,10_9,-1_-1
1,1,1,38,7,3,0,0,0,1,9_9,1_4
3,1,1,26,6,3,0,0,0,0,0_0,1_-1
2,1,1,33,6,2,0,0,0,0,0_0,-1_-1
1,1,1,18,4,3,0,0,0,1,5_2,1_7
2,1,1,63,9,3,0,0,0,0,0_0,2_10
1,1,2,14,3,3,0,0,0,1,4_9,1_1
1,1,1,75,10,3,0,0,0,0,0_0,1_2
1,1,1,22,5,1,0,0,0,1,5_3,1_4
1,1,1,31,6,3,0,0,0,1,4_1,-1_-1
1,1,1,64,9,3,0,0,0,0,0_0,1_1
1,1,1,42,7,3,0,0,0,1,6_9,1_5
1,1,2,61,9,2,0,0,0,1,1_2,1_5
2,2,1,48,8,3,0,0,0,0,0_0,3_-1
2,1,2,49,8,2,0,0,0,0,0_0,1_6
1,1,2,7,2,3,0,0,0,1,1_1,1_1
1,2,2,34,6,3,0,0,0,1,1_1,1_1
1,3,2,12,3,3,0,0,0,1,1_1,1_1
1,1,2,24,5,3,0,0,0,0,0_0,2_7
2,2,1,32,6,2,0,0,0,0,0_0,1_3
2,2,2,39,7,3,0,0,0,0,0_0,1_5
1,1,1,33,6,3,0,0,0,0,0_0,2_10
1,1,1,75,10,3,0,0,0,1,9_8,1_9
1,1,2,82,11,2,0,0,0,1,5_3,1_6
2,1,2,6,2,3,0,0,0,0,0_0,1_1
1,1,1,16,4,3,0,0,0,1,5_4,1_1
1,3,1,35,6,3,0,0,0,0,0_0,1_4
2,3,1,28,6,3,0,0,0,0,0_0,1_6
1,1,1,23,5,1,0,0,0,0,0_0,-1_-1
1,2,1,31,6,3,0,0,0,1,6_9,1_3
2,1,2,28,6,2,0,0,0,0,0_0,1_9
2,1,1,65,9,3,0,0,0,0,0_0,1_1
1,1,2,63,9,3,0,0,0,0,0_0,2_9
2,2,1,56,9,3,0,0,0,0,0_0,1_7
3,3,1,51,8,3,0,0,0,0,0_0,-1_-1
2,2,1,56,9,3,0,0,0,0,0_0,1_8
1,1,2,45,7,2,0,0,0,1,10_9,1_6
1,2,2,45,7,2,0,0,0,1,10_9,1_6
2,1,1,62,9,1,0,0,0,0,0_0,1_5
3,2,1,52,8,3,0,0,0,0,0_0,-1_-1
1,1,2,50,8,2,0,0,0,0,0_0,2_8
2,3,1,59,9,2,0,0,0,0,0_0,2_7
3,2,2,50,8,3,0,0,0,0,0_0,1_2
2,1,1,52,8,3,0,0,0,0,0_0,2_8
1,1,1,9,2,2,0,0,0,1,5_3,2_10
1,1,2,55,8,1,0,0,0,1,5_1,2_5
2,1,2,38,7,2,0,0,0,0,0_0,1_10
2,1,2,59,9,3,0,0,0,0,0_0,3_9
1,1,1,18,4,3,0,0,0,0,0_0,2_7
2,1,2,57,9,3,0,0,0,0,0_0,3_5
2,3,1,42,7,2,0,0,0,0,0_0,1_10
1,1,1,49,8,2,0,0,0,1,0_0,1_2
1,2,2,48,8,3,0,0,0,1,0_0,1_2
2,3,1,51,8,3,0,0,0,0,0_0,1_1
1,1,1,74,10,2,0,0,0,0,0_0,1_9
1,1,2,78,11,3,0,0,0,1,1_1,2_5
2,1,1,84,11,2,0,0,0,0,0_0,3_8
1,1,1,61,9,1,0,0,0,0,0_0,-1_-1
1,1,1,30,6,2,0,0,0,1,8_8,1_1
1,2,1,21,5,3,0,0,0,0,0_0,1_4
1,1,1,40,7,2,0,0,0,1,5_1,1_5
1,1,1,68,10,2,0,0,0,0,0_0,1_10
2,2,2,57,9,2,0,0,0,0,0_0,2_9
1,1,2,85,11,2,0,0,0,1,6_6,2_9
1,1,1,35,6,3,0,0,0,1,5_4,1_6
1,1,1,64,9,2,0,0,0,0,0_0,2_9
1,1,2,10,2,3,0,0,0,1,4_1,1_8
1,1,1,39,7,2,0,0,0,0,0_0,3_2
2,2,1,27,6,3,0,0,0,0,0_0,1_6
2,2,1,55,8,3,0,0,0,0,0_0,2_6
2,2,2,27,6,3,0,0,0,0,0_0,1_-1
2,2,1,73,10,3,0,0,0,0,0_0,2_10
1,1,2,62,9,3,0,0,0,1,9_5,2_9
2,1,1,56,9,3,0,0,0,0,0_0,3_7
1,1,2,31,6,2,0,0,0,0,0_0,1_1
1,1,1,31,6,2,0,0,0,1,8_3,1_4
1,1,2,40,7,3,0,0,0,1,1_3,-1_-1
2,1,2,44,7,2,0,0,0,1,9_9,-1_-1
1,1,1,27,6,2,0,0,0,1,10_9,1_2
1,2,1,50,8,2,0,0,0,0,0_0,1_5
1,1,1,65,9,2,0,0,0,0,0_0,1_4
2,1,1,15,3,2,0,0,0,0,0_0,1_4
1,1,2,55,8,2,0,0,0,1,6_9,-1_-1
1,1,2,43,7,1,0,0,0,0,0_0,1_4
2,2,2,29,6,2,0,0,0,0,0_0,1_1
1,1,2,18,4,3,0,0,0,1,9_5,-1_-1
1,2,1,24,5,3,0,0,0,1,9_6,1_1
2,1,1,49,8,2,0,0,0,0,0_0,1_5
3,1,1,28,6,3,0,0,0,0,0_0,1_2
1,1,1,44,7,3,0,0,0,1,5_1,1_1
1,1,2,73,10,3,0,0,0,0,0_0,3_5
1,2,2,29,6,3,0,0,0,0,0_0,2_6
1,1,2,32,6,3,0,0,0,0,0_0,2_6
1,1,2,64,9,3,0,0,0,0,0_0,3_3
2,1,1,63,9,1,0,0,0,0,0_0,1_1
2,3,1,53,8,3,0,0,0,0,0_0,3_7
3,2,1,35,6,3,0,0,0,0,0_0,1_3
1,2,1,71,10,3,0,0,0,0,0_0,3_7
1,1,1,81,11,2,0,0,0,0,0_0,1_9
2,2,1,57,9,3,0,0,0,0,0_0,1_1
2,2,1,24,5,2,0,0,0,0,0_0,1_4
1,1,1,53,8,3,0,0,0,1,6_9,1_10
2,1,2,38,7,2,0,0,0,0,0_0,1_5
1,1,1,14,3,2,0,0,0,1,1_3,1_1
1,3,2,8,2,3,0,0,0,1,6_9,1_2
2,2,1,42,7,3,0,0,0,0,0_0,3_6
1,1,2,4,1,2,0,0,0,1,5_2,-1_-1
1,1,1,85,11,2,0,0,0,1,6_9,1_4
1,1,2,73,10,3,0,0,0,0,0_0,1_3
3,1,2,61,9,2,0,0,0,0,0_0,1_1
1,1,2,54,8,2,0,0,0,0,0_0,1_1
2,2,2,16,4,2,0,0,0,1,0_0,1_1
2,3,1,6,2,2,0,0,0,1,0_0,1_1
1,1,1,45,7,2,0,0,0,1,0_0,-1_-1
1,1,2,77,11,2,0,0,0,0,0_0,1_9
2,1,2,19,4,2,0,0,0,0,0_0,3_8
1,1,1,65,9,3,0,0,0,0,0_0,2_9
3,2,2,26,6,2,0,0,0,0,0_0,1_2
1,1,2,76,11,2,0,0,0,1,5_1,1_9
1,2,1,78,11,2,0,0,0,1,5_1,1_9
2,2,2,21,5,2,0,0,0,1,0_0,1_1
2,1,2,79,11,3,0,0,0,0,0_0,3_4
2,1,1,56,9,3,0,0,0,0,0_0,2_9
1,1,1,13,3,3,0,0,0,1,4_3,1_5
1,1,2,78,11,3,0,0,0,1,5_1,-1_-1
1,1,2,75,10,3,0,0,0,0,0_0,2_10
1,1,2,12,3,3,0,0,0,1,5_3,-1_-1
1,1,1,38,7,3,0,0,0,1,5_3,-1_-1
1,1,2,19,4,3,0,0,0,1,4_4,1_3
2,1,2,29,6,3,0,0,0,1,9_9,1_10
2,1,1,43,7,3,0,0,0,0,0_0,3_5
1,1,1,31,6,3,0,0,0,1,9_9,1_5
1,2,1,19,4,3,0,0,0,1,1_1,1_1
2,1,2,80,11,3,0,0,0,0,0_0,1_1
3,1,1,23,5,3,0,0,0,0,0_0,1_1
1,1,1,16,4,2,0,0,0,1,9_9,1_4
1,1,2,5,1,3,0,0,0,1,4_4,1_3
1,1,2,42,7,2,0,0,0,0,0_0,1_10
1,1,2,44,7,3,0,0,0,1,6_9,1_2
1,1,2,73,10,3,0,0,0,0,0_0,1_8
1,1,1,29,6,2,0,0,0,1,9_7,1_3
1,1,1,8,2,3,0,0,0,1,5_2,1_1
1,1,1,4,1,3,0,0,0,1,9_8,1_4
1,1,1,57,9,3,0,0,0,1,5_1,1_3
1,1,2,25,5,3,0,0,0,1,8_4,1_4
1,1,1,60,9,1,0,0,0,0,0_0,1_10
2,2,2,64,9,3,0,0,0,0,0_0,3_7
1,1,1,18,4,3,0,0,0,1,9_5,3_6
1,1,1,50,8,3,0,0,0,1,9_8,1_1
1,1,2,43,7,3,0,0,0,1,9_8,1_4
1,1,1,58,9,3,0,0,0,0,0_0,2_10
1,1,1,15,3,3,0,0,0,1,9_9,3_9
1,1,2,63,9,3,0,0,0,0,0_0,1_1
1,1,2,7,2,2,0,0,0,1,5_2,-1_-1
1,1,2,80,11,3,0,0,0,0,0_0,1_6
1,1,1,18,4,3,0,0,0,1,2_3,1_1
1,1,2,37,7,3,0,0,0,1,9_9,1_7
1,2,1,20,4,3,0,0,0,1,0_0,-1_-1
1,1,1,9,2,2,0,0,0,1,1_1,1_2
2,2,2,62,9,3,0,0,0,0,0_0,1_9
2,1,2,7,2,3,0,0,0,0,0_0,1_4
2,2,2,75,10,3,0,0,0,0,0_0,1_4
1,1,1,10,2,3,0,0,0,1,4_3,1_3
1,2,2,8,2,2,0,0,0,1,4_3,1_3
1,3,2,12,3,3,0,0,0,1,4_3,1_4
1,1,1,64,9,2,0,0,0,1,5_9,1_1
1,1,2,11,3,3,0,0,0,1,1_3,1_1
2,1,1,83,11,3,0,0,0,0,0_0,1_2
1,1,1,56,9,3,0,0,0,0,0_0,2_10
1,1,1,45,7,3,0,0,0,1,5_3,-1_-1
1,1,1,36,7,3,0,0,0,1,6_7,1_4
1,1,2,16,4,2,0,0,0,1,9_5,3_7
1,1,2,14,3,3,0,0,0,1,9_5,1_8
1,1,1,60,9,3,0,0,0,1,5_9,1_2
1,1,1,9,2,3,0,0,0,1,5_3,1_-1
1,1,2,64,9,3,0,0,0,0,0_0,2_9
1,1,1,10,2,3,0,0,0,1,5_1,1_9
1,1,2,68,10,2,0,0,0,1,5_1,1_1
1,1,1,56,9,3,0,0,0,1,1_1,1_2
2,3,1,39,7,3,0,0,0,0,0_0,1_1
1,1,1,9,2,2,0,0,0,1,5_4,1_4
1,1,2,63,9,2,0,0,0,1,4_1,1_5
1,1,2,69,10,3,0,0,0,1,5_1,1_1
1,1,1,18,4,1,0,0,0,0,0_0,1_5
1,1,1,27,6,1,0,0,0,1,9_9,-1_-1
2,2,1,28,6,3,0,0,0,0,0_0,1_10
3,3,2,33,6,3,0,0,0,0,0_0,1_4
1,1,1,19,4,3,0,0,0,1,1_3,1_2
1,1,2,9,2,3,0,0,0,1,5_2,1_2
1,1,2,22,5,3,0,0,0,1,1_3,1_1
1,1,2,14,3,3,0,0,0,1,1_9,1_1
1,2,2,17,4,3,0,0,0,1,1_9,1_1
1,3,1,15,3,3,0,0,0,1,1_9,1_1
1,1,1,32,6,2,0,0,0,0,0_0,2_2
1,1,2,19,4,2,0,0,0,1,10_9,3_9
2,1,1,22,5,3,0,0,0,0,0_0,2_5
1,1,2,50,8,3,0,0,0,1,6_9,1_1
3,1,1,48,8,2,0,0,0,0,0_0,1_4
1,1,1,17,4,3,0,0,0,1,1_1,-1_-1
1,2,1,25,5,2,0,0,0,0,0_0,1_2
2,1,1,69,10,3,0,0,0,0,0_0,1_5
2,2,2,41,7,3,0,0,0,1,0_0,1_8
1,1,2,6,2,3,0,0,0,1,5_2,1_2
1,1,1,29,6,2,0,0,0,1,5_3,-1_-1
1,2,2,77,11,3,0,0,0,0,0_0,2_6
2,1,1,73,10,3,0,0,0,0,0_0,2_3
1,1,1,57,9,3,0,0,0,1,8_8,-1_-1
1,2,2,80,11,3,0,0,0,0,0_0,1_6
3,1,1,48,8,3,0,0,0,0,0_0,2_9
3,1,1,51,8,3,0,0,0,0,0_0,3_3
1,1,1,21,5,2,0,0,0,0,0_0,2_6
1,1,2,54,8,3,0,0,0,1,10_9,1_8
2,2,2,35,6,3,0,0,0,0,0_0,2_5
1,2,2,19,4,3,0,0,0,0,0_0,3_7
2,1,2,75,10,2,0,0,0,0,0_0,1_2
1,1,2,86,11,3,0,0,0,0,0_0,1_9
2,2,2,41,7,3,0,0,0,0,0_0,1_9
3,3,1,74,10,3,0,0,0,0,0_0,1_5
2,1,2,54,8,3,0,0,0,0,0_0,2_8
1,3,2,49,8,3,0,0,0,0,0_0,2_7
3,2,2,52,8,3,0,0,0,0,0_0,1_6
1,1,1,27,6,2,0,0,0,0,0_0,2_6
2,2,1,70,10,2,0,0,0,0,0_0,2_5
3,2,1,84,11,2,0,0,0,0,0_0,1_9
2,1,2,32,6,3,0,0,0,0,0_0,3_7
2,2,2,45,7,3,0,0,0,0,0_0,1_8
1,1,2,6,2,3,0,0,0,1,9_9,1_2
3,2,1,20,4,3,0,0,0,0,0_0,1_1
2,2,1,76,11,3,0,0,0,0,0_0,1_1
2,1,1,73,10,3,0,0,0,0,0_0,1_1
1,1,2,7,2,2,0,0,0,1,5_1,1_1
3,3,1,61,9,3,0,0,0,0,0_0,1_6
1,1,2,28,6,3,0,0,0,0,0_0,2_8
2,2,1,49,8,3,0,0,0,0,0_0,1_7
1,1,1,4,1,3,0,0,0,1,5_1,-1_-1
2,3,1,32,6,1,0,0,0,0,0_0,1_8
1,1,1,5,1,3,0,0,0,0,0_0,1_2
1,1,2,82,11,2,0,0,0,1,4_1,1_2
1,1,2,8,2,2,0,0,0,1,5_3,1_1
2,2,1,26,6,3,0,0,0,0,0_0,1_8
2,2,2,28,6,3,0,0,0,0,0_0,1_9
2,2,1,18,4,3,0,0,0,0,0_0,1_2
2,1,1,48,8,1,0,0,0,0,0_0,1_4
3,1,2,25,5,3,0,0,0,0,0_0,1_2
1,2,1,53,8,3,0,0,0,0,0_0,1_2
3,2,2,53,8,2,0,0,0,0,0_0,1_1
1,1,2,62,9,2,0,0,0,0,0_0,-1_-1
3,1,2,53,8,3,0,0,0,0,0_0,1_2
1,1,1,36,7,3,0,0,0,1,5_9,1_9
2,2,1,65,9,3,0,0,0,0,0_0,3_5
3,1,1,65,9,3,0,0,0,0,0_0,3_6
1,1,2,39,7,3,0,0,0,1,10_1,1_2
2,1,1,20,4,2,0,0,0,0,0_0,2_7
2,3,1,32,6,2,0,0,0,0,0_0,1_10
1,1,1,80,11,2,0,0,0,0,0_0,1_7
2,1,2,74,10,3,0,0,0,0,0_0,2_5
2,1,2,14,3,3,0,0,0,0,0_0,3_4
1,1,1,51,8,2,0,0,0,0,0_0,3_5
1,1,2,78,11,2,0,0,0,0,0_0,1_8
2,2,1,72,10,3,0,0,0,0,0_0,1_7
1,1,2,16,4,2,0,0,0,1,1_1,3_7
1,1,1,20,4,3,0,0,0,1,1_3,1_1
1,1,2,8,2,3,0,0,0,1,1_1,3_5
1,1,2,58,9,3,0,0,0,1,1_2,1_5
1,1,2,46,8,2,0,0,0,0,0_0,1_7
2,2,1,60,9,3,0,0,0,0,0_0,1_10
1,1,2,48,8,3,0,0,0,0,0_0,2_6
2,2,1,77,11,3,0,0,0,0,0_0,3_9
2,1,2,17,4,2,0,0,0,0,0_0,2_5
1,1,1,45,7,3,0,0,0,0,0_0,3_8
2,3,1,10,2,3,0,0,0,1,0_0,-1_-1
1,1,2,25,5,3,0,0,0,1,1_9,1_6
1,1,2,23,5,2,0,0,0,0,0_0,1_10
1,1,2,45,7,3,0,0,0,0,0_0,3_9
1,1,1,89,11,3,0,0,0,0,0_0,1_10
2,1,2,12,3,3,0,0,0,0,0_0,1_3
1,1,1,50,8,3,0,0,0,1,10_9,1_5
3,2,2,28,6,3,0,0,0,0,0_0,1_3
1,1,2,34,6,3,0,0,0,1,8_1,1_1
2,1,1,56,9,3,0,0,0,0,0_0,3_6
1,1,2,28,6,3,0,0,0,1,8_7,1_6
2,2,2,83,11,2,0,0,0,0,0_0,1_10
1,1,1,81,11,3,0,0,0,0,0_0,1_8
1,1,1,61,9,3,0,0,0,0,0_0,3_9
1,2,1,28,6,3,0,0,0,1,0_0,1_3
2,2,1,10,2,3,0,0,0,0,0_0,1_3
1,1,1,84,11,1,0,0,0,0,0_0,-1_-1
1,1,2,48,8,3,0,0,0,1,0_0,1_5
2,2,1,31,6,3,0,0,0,1,0_0,1_1
2,3,1,45,7,3,0,0,0,0,0_0,1_7
2,2,2,56,9,3,0,0,0,0,0_0,2_5
1,1,1,42,7,2,0,0,0,0,0_0,1_7
2,1,2,47,8,3,0,0,0,0,0_0,1_8
1,1,2,36,7,2,0,0,0,1,5_9,1_4
2,1,1,27,6,2,0,0,0,0,0_0,2_5
1,1,2,71,10,3,0,0,0,0,0_0,1_6
1,2,2,78,11,3,0,0,0,0,0_0,3_9
2,1,1,28,6,3,0,0,0,0,0_0,3_9
1,2,2,19,4,3,0,0,0,0,0_0,1_8
1,3,2,47,8,3,0,0,0,0,0_0,1_8
1,1,2,35,6,3,0,0,0,1,6_9,2_6
2,2,2,53,8,3,0,0,0,0,0_0,1_3
2,1,2,71,10,3,0,0,0,0,0_0,3_6
1,2,2,29,6,3,0,0,0,0,0_0,1_10
1,1,1,32,6,2,0,0,0,0,0_0,2_1
1,2,1,65,9,2,0,0,0,0,0_0,1_2
1,1,1,30,6,2,0,0,0,0,0_0,1_9
2,1,1,15,3,2,0,0,0,0,0_0,-1_-1
1,1,2,30,6,3,0,0,0,1,5_3,1_2
2,1,2,44,7,3,0,0,0,0,0_0,-1_-1
1,1,1,65,9,3,0,0,0,1,4_3,1_9
2,1,1,78,11,3,0,0,0,0,0_0,3_9
2,1,2,52,8,3,0,0,0,0,0_0,3_3
2,1,2,28,6,2,0,0,0,0,0_0,2_3
1,1,2,14,3,2,0,0,0,1,8_3,-1_-1
1,1,2,21,5,3,0,0,0,0,0_0,2_7
2,1,2,80,11,2,0,0,0,0,0_0,1_6
1,1,2,28,6,3,0,0,0,1,10_9,1_5
1,1,1,90,11,2,0,0,0,1,6_9,1_2
1,1,1,9,2,3,0,0,0,1,9_9,1_7
2,1,2,84,11,3,0,0,0,0,0_0,1_10
2,1,2,48,8,3,0,0,0,0,0_0,3_3
1,1,2,62,9,2,0,0,0,0,0_0,2_8
2,2,1,39,7,3,0,0,0,0,0_0,3_9
1,1,1,33,6,3,0,0,0,1,9_8,2_5
1,1,2,36,7,3,0,0,0,1,6_9,1_1
1,1,2,90,11,3,0,0,0,0,0_0,1_10
2,1,2,15,3,3,0,0,0,0,0_0,1_10
3,1,2,48,8,3,0,0,0,0,0_0,1_9
2,1,1,52,8,3,0,0,0,0,0_0,3_2
2,1,1,26,6,3,0,0,0,0,0_0,3_4
2,2,2,20,4,3,0,0,0,0,0_0,3_8
2,1,1,39,7,3,0,0,0,0,0_0,2_9
1,1,1,16,4,2,0,0,0,1,5_4,1_2
1,1,1,11,3,3,0,0,0,1,1_1,-1_-1
1,1,1,23,5,2,0,0,0,1,4_3,-1_-1
1,1,2,8,2,2,0,0,0,1,8_2,1_2
1,1,1,8,2,3,0,0,0,1,5_1,2_4
2,2,2,63,9,3,0,0,0,0,0_0,1_7
2,2,2,19,4,2,0,0,0,0,0_0,1_5
1,2,2,49,8,3,0,0,0,0,0_0,-1_-1
1,1,1,28,6,3,0,0,0,1,5_3,1_3
2,1,1,38,7,2,0,0,0,0,0_0,3_10
3,3,1,44,7,3,0,0,0,0,0_0,1_4
1,1,1,14,3,3,0,0,0,1,5_1,1_2
1,1,2,60,9,2,0,0,0,0,0_0,-1_-1
1,2,1,53,8,2,0,0,0,1,6_9,3_7
1,1,1,32,6,1,0,0,0,0,0_0,1_10
1,1,1,62,9,3,0,0,0,0,0_0,2_10
1,1,1,24,5,2,0,0,0,1,0_0,1_9
1,2,1,28,6,3,0,0,0,0,0_0,2_9
2,1,1,42,7,2,0,0,0,0,0_0,3_8
1,1,2,84,11,3,0,0,0,1,6_9,-1_-1
1,1,1,8,2,3,0,0,0,1,5_2,1_5
2,1,1,18,4,2,0,0,0,0,0_0,2_6
1,1,2,12,3,2,0,0,0,1,1_3,1_1
1,2,1,12,3,3,0,0,0,1,1_3,1_1
1,3,1,12,3,3,0,0,0,1,1_3,1_2
1,1,2,33,6,3,0,0,0,1,8_3,1_-1
1,1,2,4,1,3,0,0,0,1,8_1,1_8
1,1,1,53,8,2,0,0,0,1,5_2,1_9
3,1,2,35,6,2,0,0,0,0,0_0,1_6
1,1,1,5,1,3,0,0,0,1,5_3,1_3
1,1,2,11,3,2,0,0,0,1,5_1,1_10
1,1,1,13,3,3,0,0,0,0,0_0,3_6
1,1,1,58,9,2,0,0,0,0,0_0,3_8
1,1,2,4,1,2,0,0,0,1,5_3,1_3
1,1,2,75,10,1,0,0,0,1,5_3,1_7
1,1,2,12,3,3,0,0,0,1,5_3,1_10
1,1,2,44,7,2,0,0,0,0,0_0,1_5
1,1,1,73,10,2,0,0,0,0,0_0,1_3
1,1,2,42,7,2,0,0,0,0,0_0,3_8
1,1,2,41,7,3,0,0,0,0,0_0,2_4
3,1,2,31,6,3,0,0,0,0,0_0,1_8
1,1,1,26,6,2,0,0,0,1,9_9,1_2
2,2,2,41,7,3,0,0,0,0,0_0,1_7
1,1,1,32,6,2,0,0,0,0,0_0,3_5
2,1,2,32,6,3,0,0,0,0,0_0,2_7
1,1,1,15,3,3,0,0,0,1,6_9,1_8
1,2,1,41,7,3,0,0,0,0,0_0,1_8
2,1,2,20,4,3,0,0,0,0,0_0,2_6
1,1,1,34,6,3,0,0,0,1,4_3,-1_-1
1,1,1,82,11,1,0,0,0,1,9_8,-1_-1
1,2,1,48,8,3,0,0,0,0,0_0,-1_-1
2,1,2,18,4,2,0,0,0,0,0_0,3_8
1,1,2,24,5,3,0,0,0,1,4_3,1_1
2,2,1,64,9,3,0,0,0,0,0_0,1_1
2,1,2,59,9,2,0,0,0,0,0_0,1_9
1,1,1,18,4,3,0,0,0,1,4_9,1_4
2,1,2,49,8,3,0,0,0,0,0_0,1_10
1,1,1,37,7,3,0,0,0,1,5_3,-1_-1
1,1,2,40,7,3,0,0,0,1,6_9,1_9
1,1,2,72,10,3,0,0,0,1,6_8,3_7
2,2,1,64,9,3,0,0,0,0,0_0,1_5
2,1,1,33,6,2,0,0,0,0,0_0,1_10
1,1,1,10,2,3,0,0,0,1,6_9,1_10
1,1,1,50,8,3,0,0,0,0,0_0,3_10
1,2,1,25,5,3,0,0,0,1,5_2,-1_-1
1,1,2,24,5,2,0,0,0,0,0_0,2_3
1,2,2,42,7,3,0,0,0,0,0_0,1_5
2,2,2,45,7,3,0,0,0,0,0_0,-1_-1
1,2,1,20,4,3,0,0,0,0,0_0,3_10
2,1,2,16,4,3,0,0,0,0,0_0,1_10
3,1,1,28,6,3,0,0,0,0,0_0,1_9
1,1,1,21,5,3,0,0,0,1,5_3,1_2
1,1,2,22,5,2,0,0,0,0,0_0,2_4
2,2,2,44,7,3,0,0,0,0,0_0,2_7
1,1,1,47,8,1,0,0,0,0,0_0,1_6
3,2,1,48,8,3,0,0,0,0,0_0,-1_-1
1,1,2,48,8,3,0,0,0,0,0_0,2_5
2,2,2,83,11,3,0,0,0,0,0_0,1_7
1,1,2,63,9,2,0,0,0,1,5_1,1_8
1,1,1,83,11,2,0,0,0,0,0_0,1_10
2,1,1,75,10,2,0,0,0,0,0_0,1_6
2,1,2,77,11,3,0,0,0,0,0_0,1_7
1,1,1,19,4,3,0,0,0,1,1_1,-1_-1
2,2,1,21,5,2,0,0,0,0,0_0,1_1
1,2,2,82,11,3,0,0,0,1,5_1,1_3
2,2,2,27,6,3,0,0,0,0,0_0,2_7
2,1,2,62,9,3,0,0,0,0,0_0,1_8
1,1,1,58,9,3,0,0,0,1,10_9,1_7
1,1,1,12,3,2,0,0,0,1,4_3,1_8
1,1,2,39,7,3,0,0,0,1,6_9,1_9
2,2,1,25,5,3,0,0,0,0,0_0,3_9
2,2,1,60,9,3,0,0,0,0,0_0,1_6
2,1,1,17,4,3,0,0,0,0,0_0,3_10
1,1,2,28,6,3,0,0,0,1,7_3,1_3
3,2,1,56,9,3,0,0,0,1,0_0,1_3
1,1,1,12,3,3,0,0,0,1,5_1,1_10
1,1,1,86,11,2,0,0,0,1,5_1,3_8
1,1,1,90,11,2,0,0,0,0,0_0,1_10
1,1,1,71,10,3,0,0,0,0,0_0,2_6
2,2,2,24,5,3,0,0,0,0,0_0,1_4
1,1,1,85,11,3,0,0,0,0,0_0,3_6
1,1,2,63,9,3,0,0,0,0,0_0,3_10
2,1,1,79,11,3,0,0,0,0,0_0,1_4
1,2,1,34,6,3,0,0,0,0,0_0,1_5
2,1,2,26,6,2,0,0,0,0,0_0,1_7
1,1,2,84,11,3,0,0,0,1,1_3,1_2
2,1,2,21,5,2,0,0,0,0,0_0,1_8
1,1,2,31,6,3,0,0,0,0,0_0,2_8
1,1,2,78,11,3,0,0,0,1,5_1,1_3
1,1,2,37,7,2,0,0,0,0,0_0,1_5
1,1,2,33,6,2,0,0,0,0,0_0,2_6
2,2,2,26,6,2,0,0,0,0,0_0,3_3
3,3,1,19,4,3,0,0,0,0,0_0,2_3
1,3,1,18,4,3,0,0,0,0,0_0,2_1
2,1,1,54,8,2,0,0,0,0,0_0,2_9
2,1,2,26,6,3,0,0,0,0,0_0,3_3
2,1,1,65,9,3,0,0,0,0,0_0,2_2
2,1,2,67,10,3,0,0,0,0,0_0,2_8
2,2,1,70,10,3,0,0,0,0,0_0,-1_-1
1,1,2,57,9,3,0,0,0,1,6_9,-1_-1
1,1,1,20,4,3,0,0,0,1,1_3,1_10
1,1,1,27,6,3,0,0,0,1,9_9,1_10
1,3,1,37,7,2,0,0,0,0,0_0,1_6
2,2,2,21,5,3,0,0,0,1,0_0,-1_-1
1,1,1,76,11,3,0,0,0,0,0_0,1_4
1,1,1,26,6,3,0,0,0,1,5_1,-1_-1
1,1,1,63,9,1,0,0,0,0,0_0,1_3
1,2,2,28,6,3,0,0,0,1,0_0,1_3
2,1,1,83,11,3,0,0,0,0,0_0,1_5
1,1,2,83,11,2,0,0,0,0,0_0,1_9
3,2,2,59,9,3,0,0,0,0,0_0,1_9
1,1,1,67,10,3,0,0,0,1,5_9,1_1
1,1,1,70,10,3,0,0,0,1,10_5,3_8
2,1,2,2,1,3,0,0,0,1,0_0,1_3
1,1,2,83,11,2,0,0,0,1,5_3,1_9
1,1,1,14,3,3,0,0,0,1,1_1,-1_-1
1,1,2,49,8,3,0,0,0,1,5_3,2_2
2,2,2,29,6,3,0,0,0,0,0_0,2_7
1,1,2,52,8,2,0,0,0,0,0_0,1_7
1,1,2,82,11,3,0,0,0,0,0_0,2_3
1,1,1,4,1,2,0,0,0,1,6_9,1_2
2,1,2,38,7,3,0,0,0,0,0_0,3_8
2,3,2,73,10,1,0,0,0,0,0_0,-1_-1
2,2,1,34,6,3,0,0,0,0,0_0,2_10
1,1,2,75,10,3,0,0,0,1,10_3,1_2
1,1,2,51,8,2,0,0,0,0,0_0,1_8
1,1,2,31,6,3,0,0,0,0,0_0,2_10
1,2,1,45,7,3,0,0,0,1,0_0,1_7
1,1,1,47,8,3,0,0,0,1,6_3,1_4
3,1,1,47,8,1,0,0,0,0,0_0,1_8
1,1,1,49,8,3,0,0,0,0,0_0,1_-1
2,1,2,38,7,3,0,0,0,0,0_0,2_10
1,1,1,65,9,3,0,0,0,0,0_0,2_8
1,1,2,41,7,3,0,0,0,0,0_0,2_6
3,2,1,18,4,3,0,0,0,0,0_0,1_1
1,1,2,19,4,3,0,0,0,1,1_9,1_7
2,2,1,70,10,2,0,0,0,0,0_0,3_6
1,1,1,46,8,3,0,0,0,0,0_0,3_7
1,1,2,36,7,2,0,0,0,0,0_0,2_7
2,1,2,47,8,2,0,0,0,0,0_0,1_10
2,1,2,65,9,3,0,0,0,0,0_0,2_-1
3,1,2,49,8,3,0,0,0,0,0_0,1_2
2,1,2,50,8,3,0,0,0,0,0_0,3_7
2,1,1,67,10,3,0,0,0,0,0_0,3_7
2,1,1,11,3,2,0,0,0,0,0_0,2_9
1,1,1,25,5,3,0,0,0,1,8_7,1_9
1,1,1,82,11,3,0,0,0,0,0_0,1_4
1,1,2,12,3,2,0,0,0,1,5_2,1_2
1,1,2,75,10,3,0,0,0,1,6_9,1_8
1,1,2,12,3,3,0,0,0,0,0_0,1_9
1,1,1,12,3,2,0,0,0,1,9_8,1_2
2,2,1,66,10,3,0,0,0,0,0_0,1_9
1,1,1,36,7,3,0,0,0,1,5_1,1_5
2,1,1,59,9,2,0,0,0,0,0_0,3_4
1,1,1,77,11,3,0,0,0,1,10_1,1_5
1,1,2,24,5,1,0,0,0,1,10_8,1_8
1,1,2,56,9,2,0,0,0,1,5_1,1_3
1,1,1,10,2,3,0,0,0,1,5_3,-1_-1
1,1,2,46,8,1,0,0,0,1,9_7,3_9
2,1,1,62,9,1,0,0,0,0,0_0,1_1
1,1,2,59,9,3,0,0,0,1,5_3,-1_-1
2,1,1,34,6,3,0,0,0,0,0_0,2_10
1,1,1,19,4,3,0,0,0,1,6_9,1_3
1,1,1,38,7,3,0,0,0,1,9_9,-1_-1
1,1,1,13,3,3,0,0,0,1,6_9,1_3
1,2,1,11,3,2,0,0,0,1,6_9,1_7
1,1,1,81,11,3,0,0,0,1,6_9,1_5
1,1,1,75,10,3,0,0,0,1,9_5,1_2
1,2,2,58,9,3,0,0,0,1,9_6,1_2
2,1,2,71,10,2,0,0,0,0,0_0,1_2
1,1,1,7,2,3,0,0,0,1,5_1,-1_-1
1,1,1,13,3,2,0,0,0,1,5_1,1_7
2,2,1,38,7,2,0,0,0,0,0_0,1_3
1,1,2,30,6,3,0,0,0,1,9_5,3_6
2,1,1,85,11,3,0,0,0,0,0_0,3_7
1,1,1,62,9,2,0,0,0,0,0_0,1_6
1,1,1,71,10,2,0,0,0,0,0_0,2_8
1,2,1,69,10,2,0,0,0,1,0_0,1_8
1,1,1,58,9,3,0,0,0,1,6_9,1_8
1,1,1,7,2,2,0,0,0,1,8_3,3_5
1,1,2,36,7,3,0,0,0,1,6_9,1_7
1,1,1,27,6,3,0,0,0,1,10_9,-1_-1
1,1,1,57,9,1,0,0,0,0,0_0,-1_-1
2,1,2,17,4,3,0,0,0,0,0_0,1_3
1,1,2,89,11,2,0,0,0,1,6_9,1_9
1,1,1,62,9,2,0,0,0,0,0_0,1_4
1,1,1,28,6,3,0,0,0,1,5_3,1_9
1,1,2,28,6,3,0,0,0,1,9_5,1_5
2,2,1,50,8,3,0,0,0,0,0_0,1_8
2,1,1,27,6,3,0,0,0,0,0_0,3_8
1,1,2,31,6,2,0,0,0,0,0_0,1_10
3,1,1,22,5,3,0,0,0,0,0_0,-1_-1
2,2,1,84,11,3,0,0,0,0,0_0,1_10
1,1,2,9,2,3,0,0,0,1,5_4,1_1
1,1,2,73,10,2,0,0,0,1,10_9,1_3
1,1,1,9,2,3,0,0,0,1,5_2,1_1
3,3,2,28,6,3,0,0,0,0,0_0,1_4
1,1,2,17,4,3,0,0,0,1,1_9,1_4
1,1,2,48,8,3,0,0,0,1,5_9,3_6
1,1,1,38,7,3,0,0,0,1,0_0,1_4
1,1,2,51,8,3,0,0,0,1,10_9,1_4
2,2,1,30,6,3,0,0,0,0,0_0,1_8
3,3,1,36,7,3,0,0,0,0,0_0,1_4
1,1,2,8,2,3,0,0,0,1,8_3,1_9
1,1,1,82,11,3,0,0,0,1,1_9,1_5
2,1,1,18,4,3,0,0,0,0,0_0,3_9
1,1,1,75,10,3,0,0,0,1,9_5,1_6
1,1,1,75,10,2,0,0,0,0,0_0,1_10
1,1,1,26,6,2,0,0,0,1,5_3,1_7
1,2,2,33,6,3,0,0,0,0,0_0,1_10
3,1,2,30,6,3,0,0,0,0,0_0,1_5
1,1,1,28,6,2,0,0,0,0,0_0,3_8
1,1,1,12,3,3,0,0,0,1,10_9,2_7
2,1,1,77,11,3,0,0,0,0,0_0,1_8
2,1,1,55,8,2,0,0,0,0,0_0,2_4
1,1,2,49,8,3,0,0,0,0,0_0,2_9
2,2,1,18,4,2,0,0,0,0,0_0,1_4
3,3,1,67,10,3,0,0,0,0,0_0,2_9
1,1,1,76,11,3,0,0,0,0,0_0,1_9
1,1,1,14,3,3,0,0,0,1,6_2,2_6
1,1,2,64,9,3,0,0,0,1,5_3,1_1
2,2,1,34,6,2,0,0,0,0,0_0,-1_-1
2,1,2,26,6,3,0,0,0,0,0_0,2_9
1,1,1,35,6,3,0,0,0,1,9_9,1_2
1,1,1,37,7,2,0,0,0,0,0_0,3_5
1,1,1,75,10,2,0,0,0,0,0_0,3_7
2,1,1,21,5,2,0,0,0,0,0_0,3_9
1,1,1,49,8,2,0,0,0,0,0_0,1_8
2,2,1,21,5,3,0,0,0,0,0_0,3_7
2,3,1,38,7,3,0,0,0,1,0_0,1_2
1,1,1,47,8,2,0,0,0,0,0_0,-1_-1
1,1,2,49,8,3,0,0,0,0,0_0,2_8
1,1,2,16,4,2,0,0,0,0,0_0,1_6
1,1,2,75,10,2,0,0,0,1,5_1,1_3
1,1,2,49,8,3,0,0,0,1,6_9,1_4
2,2,1,36,7,3,0,0,0,0,0_0,3_6
1,1,2,42,7,2,0,0,0,1,5_2,1_6
2,1,1,80,11,3,0,0,0,0,0_0,1_9
2,1,1,25,5,3,0,0,0,0,0_0,3_-1
1,1,1,98,11,2,0,0,0,0,0_0,3_6
2,1,2,59,9,3,0,0,0,0,0_0,1_8
1,1,2,38,7,3,0,0,0,0,0_0,3_5
2,2,1,60,9,3,0,0,0,0,0_0,3_8
2,1,1,26,6,3,0,0,0,0,0_0,3_8
2,1,2,25,5,2,0,0,0,0,0_0,1_8
2,1,1,70,10,3,0,0,0,0,0_0,1_10
1,1,2,26,6,3,0,0,0,1,9_9,1_3
1,1,1,68,10,3,0,0,0,1,9_7,1_10
1,1,1,11,3,2,0,0,0,1,1_3,1_9
1,2,2,11,3,2,0,0,0,1,1_3,1_9
1,1,1,5,1,3,0,0,0,1,0_0,1_3
2,1,2,12,3,3,0,0,0,0,0_0,1_8
1,2,1,69,10,3,0,0,0,0,0_0,1_6
2,1,2,45,7,3,0,0,0,0,0_0,3_8
1,1,1,43,7,2,0,0,0,0,0_0,2_6
2,1,1,41,7,3,0,0,0,0,0_0,3_9
2,3,1,34,6,3,0,0,0,0,0_0,1_2
3,2,2,17,4,3,0,0,0,0,0_0,1_2
2,2,1,74,10,3,0,0,0,0,0_0,2_8
1,1,2,74,10,2,0,0,0,1,8_3,1_2
1,1,2,52,8,3,0,0,0,0,0_0,3_10
1,1,2,49,8,3,0,0,0,1,6_9,3_6
1,1,2,73,10,3,0,0,0,1,1_1,1_10
1,1,1,73,10,3,0,0,0,1,8_8,1_7
1,1,1,47,8,2,0,0,0,1,1_9,1_8
1,1,2,52,8,3,0,0,0,1,4_3,1_7
1,1,1,30,6,3,0,0,0,1,1_1,1_7
1,1,2,19,4,2,0,0,0,1,5_1,1_2
2,1,1,31,6,2,0,0,0,0,0_0,2_8
1,2,1,28,6,3,0,0,0,0,0_0,1_9
1,1,2,15,3,3,0,0,0,1,1_1,-1_-1
2,1,2,78,11,2,0,0,0,0,0_0,2_7
1,1,2,49,8,2,0,0,0,1,2_1,1_1
1,1,2,50,8,2,0,0,0,1,1_2,1_8
2,3,2,35,6,3,0,0,0,0,0_0,2_9
1,1,2,27,6,3,0,0,0,1,6_9,2_9
1,2,1,38,7,3,0,0,0,1,5_1,-1_-1
2,1,2,50,8,3,0,0,0,0,0_0,2_8
1,1,1,40,7,2,0,0,0,0,0_0,1_8
2,1,1,35,6,1,0,0,0,1,5_3,1_5
2,2,1,61,9,2,0,0,0,0,0_0,2_4
1,1,2,64,9,3,0,0,0,1,5_1,1_6
1,1,2,14,3,2,0,0,0,1,10_1,2_2
2,2,1,45,7,3,0,0,0,0,0_0,2_2
2,2,2,34,6,3,0,0,0,0,0_0,3_9
2,2,1,57,9,2,0,0,0,0,0_0,1_7
1,1,1,52,8,3,0,0,0,1,5_3,1_1
2,2,1,17,4,2,0,0,0,0,0_0,1_2
1,1,1,66,10,3,0,0,0,1,5_1,1_3
1,1,1,83,11,2,0,0,0,0,0_0,1_4
1,1,2,55,8,3,0,0,0,1,6_9,1_7
2,2,1,39,7,2,0,0,0,0,0_0,1_1
2,2,1,33,6,2,0,0,0,0,0_0,1_1
1,1,1,11,3,3,0,0,0,1,5_2,3_3
1,1,1,44,7,3,0,0,0,1,5_1,1_7
1,1,1,55,8,3,0,0,0,1,4_2,3_5
2,1,1,65,9,3,0,0,0,0,0_0,3_7
3,1,2,21,5,3,0,0,0,0,0_0,1_7
1,1,2,10,2,3,0,0,0,1,5_3,3_9
2,2,2,46,8,2,0,0,0,0,0_0,2_9
1,2,1,33,6,3,0,0,0,0,0_0,3_8
1,1,2,15,3,3,0,0,0,0,0_0,3_4
2,2,1,66,10,3,0,0,0,0,0_0,1_6
3,2,1,53,8,3,0,0,0,0,0_0,1_7
1,1,2,65,9,2,0,0,0,0,0_0,3_7
1,1,2,15,3,3,0,0,0,0,0_0,1_4
2,1,1,78,11,2,0,0,0,0,0_0,2_8
2,1,2,63,9,2,0,0,0,0,0_0,1_5
1,1,2,40,7,3,0,0,0,1,1_1,1_8
1,1,1,53,8,2,0,0,0,0,0_0,2_9
1,1,2,4,1,3,0,0,0,1,5_4,1_1
3,3,2,26,6,3,0,0,0,0,0_0,1_3
1,1,2,40,7,3,0,0,0,0,0_0,2_1
1,1,1,21,5,2,0,0,0,0,0_0,2_5
1,1,2,11,3,2,0,0,0,1,5_3,1_1
2,2,1,17,4,3,0,0,0,0,0_0,1_6
2,2,2,27,6,3,0,0,0,0,0_0,2_9
1,1,2,53,8,3,0,0,0,1,0_0,1_8
2,1,2,25,5,2,0,0,0,0,0_0,3_3
1,1,1,73,10,3,0,0,0,0,0_0,3_7
2,1,1,47,8,3,0,0,0,0,0_0,3_3
1,1,2,41,7,3,0,0,0,1,8_1,1_8
2,1,1,32,6,1,0,0,0,1,8_5,-1_-1
1,1,1,72,10,3,0,0,0,0,0_0,2_4
1,1,2,26,6,2,0,0,0,1,10_9,1_2
2,1,1,65,9,2,0,0,0,0,0_0,2_6
1,1,2,23,5,3,0,0,0,1,9_8,3_5
3,1,1,63,9,3,0,0,0,0,0_0,-1_-1
2,2,1,33,6,3,0,0,0,0,0_0,1_5
1,1,2,42,7,2,0,0,0,1,10_9,2_6
2,2,2,26,6,3,0,0,0,0,0_0,2_7
1,1,1,75,10,3,0,0,0,1,9_5,1_5
1,1,1,69,10,3,0,0,0,1,1_1,1_10
2,1,2,57,9,2,0,0,0,0,0_0,1_6
1,2,1,18,4,3,0,0,0,0,0_0,1_7
1,3,1,79,11,3,0,0,0,0,0_0,1_9
3,1,2,27,6,3,0,0,0,0,0_0,3_4
1,1,2,71,10,2,0,0,0,1,1_3,1_3
2,1,2,20,4,2,0,0,0,0,0_0,1_4
1,1,2,26,6,3,0,0,0,0,0_0,3_6
2,1,2,27,6,1,0,0,0,1,9_5,3_6
1,1,2,62,9,3,0,0,0,0,0_0,3_7
1,2,2,44,7,3,0,0,0,1,0_0,1_1
1,3,2,57,9,3,0,0,0,1,0_0,1_3
3,1,2,54,8,3,0,0,0,0,0_0,3_6
3,2,1,55,8,3,0,0,0,0,0_0,1_4
1,2,2,33,6,3,0,0,0,0,0_0,-1_-1
1,3,2,54,8,2,0,0,0,0,0_0,3_8
1,1,2,59,9,2,0,0,0,1,6_8,2_8
1,1,2,79,11,3,0,0,0,0,0_0,3_7
1,1,2,33,6,2,0,0,0,0,0_0,3_6
2,2,1,38,7,3,0,0,0,0,0_0,3_6
1,1,2,56,9,3,0,0,0,0,0_0,3_7
1,1,1,82,11,3,0,0,0,0,0_0,3_6
2,1,2,76,11,3,0,0,0,0,0_0,2_8
2,1,1,52,8,2,0,0,0,0,0_0,3_5
1,1,2,62,9,3,0,0,0,0,0_0,2_7
1,1,2,47,8,2,0,0,0,0,0_0,1_10
2,1,2,55,8,2,0,0,0,0,0_0,1_3
1,1,2,54,8,3,0,0,0,1,9_6,2_6
2,2,2,43,7,3,0,0,0,0,0_0,2_6
1,1,2,41,7,3,0,0,0,0,0_0,3_9
2,2,1,70,10,3,0,0,0,0,0_0,3_8
1,1,1,41,7,1,0,0,0,0,0_0,-1_-1
2,1,2,51,8,2,0,0,0,0,0_0,1_7
1,1,2,54,8,3,0,0,0,1,1_1,1_3
1,1,1,70,10,3,0,0,0,1,10_5,-1_-1
1,1,1,29,6,1,0,0,0,0,0_0,3_9
1,1,1,76,11,2,0,0,0,0,0_0,3_8
2,1,1,69,10,2,0,0,0,0,0_0,2_7
2,1,1,49,8,2,0,0,0,0,0_0,3_7
1,1,1,75,10,3,0,0,0,1,5_3,3_5
1,1,2,30,6,3,0,0,0,1,8_1,1_3
1,1,2,78,11,3,0,0,0,0,0_0,3_7
1,1,1,82,11,3,0,0,0,0,0_0,2_9
2,1,1,57,9,2,0,0,0,0,0_0,3_9
1,1,1,14,3,2,0,0,0,0,0_0,1_9
2,1,2,66,10,3,0,0,0,0,0_0,1_7
1,1,2,35,6,2,0,0,0,0,0_0,3_5
1,1,1,79,11,3,0,0,0,1,10_9,1_5
1,2,2,45,7,2,0,0,0,1,0_0,-1_-1
2,2,2,48,8,3,0,0,0,0,0_0,2_1
2,2,2,54,8,2,0,0,0,0,0_0,2_5
1,1,2,51,8,3,0,0,0,1,6_5,1_5
1,1,1,32,6,3,0,0,0,0,0_0,3_1
2,2,2,30,6,3,0,0,0,0,0_0,1_9
1,1,2,30,6,3,0,0,0,1,5_9,1_3
1,1,1,12,3,3,0,0,0,1,3_2,1_2
1,1,2,55,8,3,0,0,0,0,0_0,3_6
1,1,2,78,11,2,0,0,0,1,5_1,3_8
1,1,2,75,10,3,0,0,0,0,0_0,1_10
1,1,1,50,8,3,0,0,0,0,0_0,3_8
2,2,2,39,7,3,0,0,0,0,0_0,3_7
1,1,2,43,7,3,0,0,0,0,0_0,3_5
1,1,2,58,9,3,0,0,0,1,10_9,1_4
1,1,1,27,6,2,0,0,0,0,0_0,3_9
1,1,1,83,11,2,0,0,0,1,5_9,3_6
1,1,2,17,4,3,0,0,0,1,5_1,1_7
2,1,1,73,10,3,0,0,0,0,0_0,3_10
1,1,1,50,8,3,0,0,0,1,10_6,3_9
2,2,1,24,5,3,0,0,0,0,0_0,1_8
1,1,1,41,7,1,0,0,0,1,8_1,1_1
1,1,1,80,11,3,0,0,0,1,5_3,1_4
1,1,1,71,10,2,0,0,0,0,0_0,2_6
2,2,1,19,4,2,0,0,0,0,0_0,2_2
1,1,1,22,5,3,0,0,0,0,0_0,2_7
1,1,1,28,6,3,0,0,0,0,0_0,2_2
2,2,1,26,6,2,0,0,0,0,0_0,3_10
1,1,1,45,7,3,0,0,0,1,9_7,1_4
1,1,1,55,8,3,0,0,0,1,4_9,1_4
2,2,1,46,8,2,0,0,0,0,0_0,2_10
2,2,1,27,6,2,0,0,0,0,0_0,1_1
1,1,1,31,6,3,0,0,0,1,9_9,1_4
1,1,2,24,5,2,0,0,0,0,0_0,1_1
2,2,1,19,4,3,0,0,0,0,0_0,1_9
1,1,2,39,7,2,0,0,0,0,0_0,1_2
2,2,1,37,7,3,0,0,0,0,0_0,1_5
1,1,1,3,1,3,0,0,0,1,5_4,2_9
2,1,1,77,11,3,0,0,0,0,0_0,3_9
1,1,2,10,2,3,0,0,0,0,0_0,1_8
2,1,1,63,9,2,0,0,0,0,0_0,1_10
1,1,2,65,9,2,0,0,0,0,0_0,2_4
1,1,1,56,9,3,0,0,0,1,1_1,1_3
1,1,2,25,5,2,0,0,0,1,5_4,1_4
1,2,2,18,4,3,0,0,0,0,0_0,3_6
2,2,1,31,6,3,0,0,0,0,0_0,2_-1
3,3,2,61,9,3,0,0,0,0,0_0,1_8
1,1,1,17,4,3,0,0,0,0,0_0,2_4
1,1,1,72,10,3,0,0,0,0,0_0,3_7
2,2,1,61,9,3,0,0,0,0,0_0,3_8
1,1,2,54,8,3,0,0,0,0,0_0,3_10
3,2,1,17,4,3,0,0,0,0,0_0,1_3
1,1,2,27,6,3,0,0,0,0,0_0,3_6
1,1,1,62,9,1,0,0,0,0,0_0,1_2
3,2,2,18,4,3,0,0,0,0,0_0,2_1
2,1,1,16,4,2,0,0,0,0,0_0,2_6
1,2,1,75,10,3,0,0,0,0,0_0,3_6
2,1,2,49,8,2,0,0,0,0,0_0,2_3
2,2,2,24,5,3,0,0,0,0,0_0,3_8
2,1,2,53,8,2,0,0,0,0,0_0,2_6
1,1,2,64,9,2,0,0,0,0,0_0,3_5
1,1,1,9,2,3,0,0,0,1,8_3,1_4
1,1,2,14,3,3,0,0,0,1,5_1,1_6
2,2,2,23,5,3,0,0,0,0,0_0,2_7
2,1,2,47,8,3,0,0,0,0,0_0,1_-1
2,1,2,58,9,3,0,0,0,0,0_0,1_4
3,2,1,31,6,3,0,0,0,0,0_0,1_2
1,1,1,31,6,3,0,0,0,1,10_9,1_1
2,1,2,50,8,3,0,0,0,0,0_0,2_7
1,1,2,77,11,3,0,0,0,1,5_1,2_9
2,2,2,50,8,3,0,0,0,0,0_0,1_6
1,1,1,70,10,3,0,0,0,0,0_0,1_7
1,1,1,50,8,3,0,0,0,0,0_0,3_5
2,2,1,56,9,2,0,0,0,0,0_0,3_7
2,1,1,20,4,3,0,0,0,0,0_0,3_6
2,1,1,28,6,2,0,0,0,0,0_0,3_7
1,1,1,4,1,2,0,0,0,1,6_9,3_7
1,2,1,6,2,2,0,0,0,1,6_7,3_7
1,3,1,6,2,2,0,0,0,1,6_9,2_6
1,2,1,79,11,2,0,0,0,0,0_0,2_6
2,3,2,56,9,2,0,0,0,0,0_0,2_5
2,1,1,76,11,3,0,0,0,0,0_0,3_7
3,1,1,73,10,3,0,0,0,0,0_0,2_6
1,1,1,18,4,1,0,0,0,0,0_0,3_6
1,1,1,72,10,2,0,0,0,1,9_9,-1_-1
1,1,1,20,4,3,0,0,0,1,9_5,3_4
1,1,1,72,10,1,0,0,0,1,1_3,1_1
1,3,2,62,9,3,0,0,0,0,0_0,1_4
2,2,2,44,7,2,0,0,0,0,0_0,1_7
2,3,2,58,9,2,0,0,0,0,0_0,3_5
1,1,1,29,6,3,0,0,0,0,0_0,2_3
3,2,2,60,9,3,0,0,0,0,0_0,1_3
2,3,1,23,5,2,0,0,0,1,9_5,3_5
1,1,2,20,4,3,0,0,0,1,0_0,1_1
1,2,2,21,5,3,0,0,0,0,0_0,1_10
1,1,2,14,3,3,0,0,0,1,3_1,1_7
2,1,2,18,4,3,0,0,0,0,0_0,3_9
1,1,2,24,5,3,0,0,0,1,9_8,1_4
1,1,1,33,6,3,0,0,0,1,9_5,2_6
1,1,2,13,3,2,0,0,0,1,4_1,1_6
1,1,2,15,3,3,0,0,0,1,5_1,2_10
1,1,1,49,8,3,0,0,0,1,6_9,1_10
1,2,1,31,6,3,0,0,0,0,0_0,1_3
1,1,1,49,8,2,0,0,0,0,0_0,2_9
1,1,1,49,8,2,0,0,0,0,0_0,1_6
1,1,2,38,7,3,0,0,0,1,9_5,-1_-1
1,1,1,41,7,2,0,0,0,1,1_3,-1_-1
1,1,2,50,8,3,0,0,0,0,0_0,3_5
1,1,1,4,1,2,0,0,0,1,5_3,1_6
1,1,1,82,11,1,0,0,0,1,8_3,2_6
2,1,2,39,7,2,0,0,0,0,0_0,1_7
1,1,1,11,3,2,0,0,0,0,0_0,1_7
1,2,2,33,6,3,0,0,0,0,0_0,3_7
2,1,2,52,8,3,0,0,0,0,0_0,2_5
1,1,1,88,11,3,0,0,0,0,0_0,1_8
1,1,1,25,5,2,0,0,0,1,5_3,2_8
1,1,1,35,6,3,0,0,0,1,4_1,-1_-1
3,1,2,48,8,2,0,0,0,0,0_0,-1_-1
1,1,1,12,3,3,0,0,0,1,5_2,-1_-1
1,1,1,14,3,3,0,0,0,1,4_1,-1_-1
1,1,2,23,5,2,0,0,0,1,4_3,-1_-1
1,1,1,55,8,3,0,0,0,1,6_7,-1_-1
2,1,2,59,9,2,0,0,0,0,0_0,-1_-1
2,2,1,32,6,2,0,0,0,0,0_0,-1_-1
1,1,1,51,8,1,0,0,0,0,0_0,-1_-1
2,2,1,19,4,3,0,0,0,1,0_0,3_6
1,1,2,64,9,3,0,0,0,1,8_1,1_2
1,1,2,73,10,2,0,0,0,1,5_1,1_5
1,1,1,14,3,2,0,0,0,1,5_2,1_1
1,1,1,35,6,3,0,0,0,1,4_1,1_2
2,1,2,58,9,2,0,0,0,0,0_0,2_4
1,1,2,58,9,2,0,0,0,1,8_1,1_3
2,1,1,54,8,2,0,0,0,0,0_0,2_6
1,1,1,29,6,1,0,0,0,1,8_7,1_2
1,1,2,24,5,3,0,0,0,1,5_4,1_8
1,1,1,67,10,2,0,0,0,0,0_0,1_7
1,1,2,8,2,2,0,0,0,1,8_3,1_4
1,1,1,14,3,2,0,0,0,1,6_9,-1_-1
1,1,1,19,4,3,0,0,0,0,0_0,3_1
1,1,1,38,7,2,0,0,0,1,9_9,3_5
1,1,2,37,7,2,0,0,0,0,0_0,1_2
1,1,1,62,9,3,0,0,0,1,5_2,1_1
2,2,2,28,6,3,0,0,0,0,0_0,3_-1
3,3,1,38,7,3,0,0,0,0,0_0,1_10
1,2,1,29,6,1,0,0,0,0,0_0,1_6
1,1,1,23,5,2,0,0,0,0,0_0,2_7
1,1,1,93,11,3,0,0,0,0,0_0,3_6
1,1,2,15,3,2,0,0,0,1,1_3,-1_-1
1,1,2,78,11,2,0,0,0,0,0_0,3_9
3,1,2,47,8,3,0,0,0,1,0_0,1_2
1,1,2,77,11,3,0,0,0,1,9_8,2_9
1,2,1,54,8,3,0,0,0,0,0_0,1_5
2,1,2,82,11,1,0,0,0,0,0_0,3_4
1,2,1,17,4,2,0,0,0,0,0_0,1_6
1,1,1,59,9,3,0,0,0,0,0_0,3_10
1,1,2,53,8,2,0,0,0,1,1_1,1_4
1,1,2,82,11,3,0,0,0,1,10_9,1_7
1,1,1,23,5,3,0,0,0,0,0_0,2_8
1,1,2,9,2,3,0,0,0,1,5_3,1_9
1,1,2,36,7,2,0,0,0,0,0_0,2_3
1,1,2,85,11,2,0,0,0,1,5_1,-1_-1
2,1,1,36,7,2,0,0,0,0,0_0,1_9
1,2,1,46,8,3,0,0,0,1,0_0,-1_-1
2,1,2,33,6,3,0,0,0,0,0_0,2_8
2,2,1,54,8,3,0,0,0,0,0_0,3_4
2,2,1,32,6,3,0,0,0,0,0_0,3_4
1,1,1,74,10,3,0,0,0,1,9_5,3_4
1,2,2,14,3,2,0,0,0,1,5_9,1_10
2,2,1,21,5,3,0,0,0,0,0_0,1_9
1,1,2,36,7,3,0,0,0,1,9_9,1_5
1,1,2,27,6,3,0,0,0,1,6_9,2_10
2,2,1,57,9,3,0,0,0,0,0_0,1_7
1,1,2,5,1,3,0,0,0,1,5_1,1_3
2,1,1,67,10,2,0,0,0,0,0_0,2_5
1,1,2,22,5,3,0,0,0,1,5_1,1_9
2,3,2,43,7,3,0,0,0,0,0_0,2_9
2,1,1,81,11,3,0,0,0,0,0_0,1_10
1,1,1,50,8,2,0,0,0,1,6_7,1_10
1,2,2,21,5,1,0,0,0,1,0_0,2_6
1,3,2,20,4,2,0,0,0,1,0_0,1_10
1,1,1,8,2,3,0,0,0,1,9_9,2_2
1,1,1,39,7,3,0,0,0,1,1_3,1_8
1,1,2,64,9,1,0,0,0,0,0_0,2_6
2,2,1,63,9,2,0,0,0,0,0_0,3_7
1,1,1,41,7,3,0,0,0,1,9_8,1_1
2,1,2,36,7,3,0,0,0,0,0_0,2_5
2,2,2,39,7,2,0,0,0,0,0_0,1_6
1,1,2,56,9,3,0,0,0,1,9_5,3_6
1,1,1,16,4,3,0,0,0,1,1_1,-1_-1
2,2,2,40,7,2,0,0,0,0,0_0,1_8
1,1,1,46,8,3,0,0,0,0,0_0,2_8
2,1,2,43,7,3,0,0,0,0,0_0,2_7
2,1,1,16,4,3,0,0,0,0,0_0,3_5
1,2,1,21,5,3,0,0,0,0,0_0,3_4
1,1,2,78,11,2,0,0,0,0,0_0,1_4
1,1,2,61,9,3,0,0,0,1,5_1,1_1
2,1,2,22,5,2,0,0,0,0,0_0,1_4
1,1,2,21,5,3,0,0,0,1,5_2,1_7
2,1,1,72,10,3,0,0,0,0,0_0,2_10
1,1,1,21,5,3,0,0,0,1,5_1,3_7
2,2,2,50,8,2,0,0,0,1,0_0,1_3
1,1,1,38,7,3,0,0,0,1,10_9,2_5
1,1,2,53,8,3,0,0,0,1,1_3,1_1
1,1,2,23,5,3,0,0,0,0,0_0,3_9
1,1,1,65,9,2,0,0,0,0,0_0,1_3
1,1,1,80,11,1,0,0,0,1,5_9,-1_-1
1,1,2,44,7,3,0,0,0,1,9_5,1_4
1,1,1,28,6,3,0,0,0,1,10_9,1_10
2,2,1,23,5,3,0,0,0,0,0_0,1_7
1,1,1,87,11,2,0,0,0,0,0_0,3_9
2,1,2,23,5,3,0,0,0,0,0_0,2_5
1,1,2,51,8,2,0,0,0,1,5_1,1_1
1,1,1,37,7,3,0,0,0,1,10_9,1_4
1,1,1,12,3,3,0,0,0,1,5_4,3_10
2,2,1,29,6,2,0,0,0,0,0_0,1_1
2,2,1,48,8,3,0,0,0,0,0_0,-1_-1
2,2,1,79,11,3,0,0,0,0,0_0,1_9
1,1,1,81,11,2,0,0,0,1,6_9,1_6
1,1,2,68,10,3,0,0,0,0,0_0,1_9
1,1,1,14,3,3,0,0,0,1,5_1,1_10
1,1,2,42,7,3,0,0,0,0,0_0,3_5
1,1,1,34,6,2,0,0,0,0,0_0,1_9
1,1,1,47,8,1,0,0,0,0,0_0,1_9
1,1,1,21,5,3,0,0,0,0,0_0,3_10
2,2,1,32,6,3,0,0,0,0,0_0,3_7
3,1,2,32,6,3,0,0,0,0,0_0,1_9
3,1,1,55,8,2,0,0,0,0,0_0,3_7
1,1,2,61,9,2,0,0,0,0,0_0,1_10
1,1,1,37,7,3,0,0,0,1,1_9,1_6
1,1,1,22,5,3,0,0,0,1,6_9,1_4
2,1,2,73,10,3,0,0,0,0,0_0,3_7
2,2,2,22,5,3,0,0,0,0,0_0,1_7
2,1,1,38,7,3,0,0,0,1,9_5,3_8
1,1,1,30,6,3,0,0,0,0,0_0,2_9
1,1,2,15,3,3,0,0,0,1,9_8,1_5
1,2,1,36,7,3,0,0,0,0,0_0,1_2
1,1,2,41,7,2,0,0,0,1,5_3,3_9
1,1,2,21,5,3,0,0,0,1,1_1,1_4
1,2,1,23,5,3,0,0,0,1,1_1,1_3
1,1,1,95,11,3,0,0,0,0,0_0,1_4
2,1,2,15,3,3,0,0,0,0,0_0,2_10
2,1,1,68,10,3,0,0,0,0,0_0,2_10
2,1,2,22,5,3,0,0,0,0,0_0,2_10
1,1,2,70,10,3,0,0,0,0,0_0,1_3
1,1,1,61,9,2,0,0,0,0,0_0,2_7
1,1,1,12,3,3,0,0,0,0,0_0,1_9
1,1,1,46,8,3,0,0,0,1,9_9,1_7
1,1,2,23,5,3,0,0,0,0,0_0,3_7
2,2,1,45,7,3,0,0,0,0,0_0,1_8
1,2,2,9,2,3,0,0,0,1,5_1,1_5
1,1,2,58,9,2,0,0,0,0,0_0,1_7
2,2,1,41,7,2,0,0,0,0,0_0,1_7
1,3,2,34,6,3,0,0,0,0,0_0,1_7
1,1,1,31,6,3,0,0,0,1,6_9,1_2
2,2,2,16,4,3,0,0,0,0,0_0,1_1
2,2,1,73,10,2,0,0,0,0,0_0,1_4
2,3,1,12,3,3,0,0,0,1,0_0,1_10
1,1,1,11,3,3,0,0,0,1,5_3,2_10
2,1,2,53,8,3,0,0,0,0,0_0,3_8
2,1,1,82,11,3,0,0,0,0,0_0,1_10
1,2,2,39,7,3,0,0,0,0,0_0,1_6
2,2,1,37,7,3,0,0,0,0,0_0,3_9
2,2,1,14,3,3,0,0,0,0,0_0,1_6
1,1,1,20,4,2,0,0,0,1,5_1,1_8
2,2,2,22,5,3,0,0,0,0,0_0,2_2
2,1,1,24,5,3,0,0,0,1,9_9,1_10
1,1,1,49,8,3,0,0,0,1,9_7,1_1
2,2,1,32,6,3,0,0,0,0,0_0,2_3
2,1,2,16,4,3,0,0,0,0,0_0,3_6
1,1,1,20,4,3,0,0,0,1,5_1,1_7
1,1,1,18,4,3,0,0,0,1,5_2,1_1
1,1,1,25,5,3,0,0,0,1,6_9,1_1
1,1,2,21,5,3,0,0,0,1,5_1,1_10
1,1,2,72,10,3,0,0,0,0,0_0,1_4
1,1,1,11,3,3,0,0,0,1,5_3,1_10
1,1,1,17,4,3,0,0,0,1,5_1,2_8
2,2,1,69,10,1,0,0,0,0,0_0,1_7
1,2,2,54,8,2,0,0,0,1,9_9,3_6
1,1,2,29,6,3,0,0,0,1,5_3,1_6
1,1,2,44,7,2,0,0,0,0,0_0,1_4
1,1,2,20,4,3,0,0,0,1,5_1,1_2
1,1,2,74,10,2,0,0,0,1,8_3,1_10
1,2,1,73,10,3,0,0,0,1,8_3,1_10
1,1,2,45,7,3,0,0,0,1,5_3,1_4
2,2,2,64,9,3,0,0,0,0,0_0,2_9
1,1,1,71,10,2,0,0,0,1,5_3,1_5
1,1,1,85,11,3,0,0,0,1,6_9,-1_-1
1,1,1,55,8,2,0,0,0,1,6_9,1_7
2,2,2,65,9,3,0,0,0,0,0_0,1_7
2,2,2,11,3,3,0,0,0,0,0_0,1_9
1,1,2,75,10,1,0,0,0,1,4_3,1_9
1,1,2,65,9,3,0,0,0,1,3_3,1_7
1,1,1,20,4,3,0,0,0,1,4_1,1_-1
2,2,1,56,9,3,0,0,0,0,0_0,1_9
3,3,1,53,8,3,0,0,0,0,0_0,1_7
2,2,1,29,6,3,0,0,0,0,0_0,2_6
1,1,2,21,5,3,0,0,0,1,4_2,1_4
1,1,2,28,6,2,0,0,0,0,0_0,1_2
2,2,1,27,6,3,0,0,0,0,0_0,3_3
1,1,2,21,5,3,0,0,0,1,10_9,1_2
2,3,2,62,9,3,0,0,0,1,0_0,1_5
1,1,1,79,11,3,0,0,0,1,5_1,2_1
1,1,1,10,2,3,0,0,0,1,4_1,1_1
1,1,1,59,9,3,0,0,0,1,1_3,-1_-1
2,2,2,21,5,3,0,0,0,0,0_0,3_3
2,2,1,52,8,2,0,0,0,0,0_0,1_9
2,3,1,9,2,3,0,0,0,1,0_0,1_1
1,1,1,34,6,2,0,0,0,0,0_0,3_9
1,1,1,49,8,3,0,0,0,1,5_1,1_4
1,1,1,12,3,2,0,0,0,1,5_1,1_2
2,2,1,27,6,3,0,0,0,0,0_0,2_3
2,2,2,75,10,3,0,0,0,0,0_0,1_9
1,1,2,27,6,3,0,0,0,0,0_0,2_5
2,2,1,43,7,3,0,0,0,0,0_0,1_2
2,1,2,66,10,3,0,0,0,0,0_0,1_4
1,1,2,8,2,2,0,0,0,1,5_9,1_2
2,1,2,31,6,3,0,0,0,0,0_0,3_8
3,1,2,55,8,3,0,0,0,0,0_0,3_8
2,3,1,55,8,3,0,0,0,0,0_0,3_5
3,2,1,51,8,3,0,0,0,0,0_0,2_6
3,3,1,24,5,3,0,0,0,0,0_0,1_8
1,1,2,17,4,3,0,0,0,0,0_0,2_4
1,2,1,28,6,3,0,0,0,0,0_0,3_2
1,1,1,61,9,2,0,0,0,0,0_0,3_8
2,1,1,83,11,3,0,0,0,0,0_0,3_8
1,1,2,36,7,3,0,0,0,0,0_0,3_4
1,2,1,75,10,3,0,0,0,1,0_0,3_9
1,1,2,43,7,3,0,0,0,1,5_4,3_8
1,1,2,51,8,2,0,0,0,0,0_0,2_4
2,1,2,69,10,3,0,0,0,0,0_0,1_8
2,1,2,19,4,3,0,0,0,0,0_0,3_7
2,2,1,75,10,3,0,0,0,0,0_0,1_10
1,1,2,68,10,2,0,0,0,1,5_1,1_4
2,2,1,49,8,3,0,0,0,0,0_0,1_8
1,1,2,21,5,2,0,0,0,0,0_0,1_10
1,2,1,29,6,3,0,0,0,0,0_0,1_4
2,2,2,53,8,3,0,0,0,0,0_0,1_10
1,1,2,71,10,2,0,0,0,1,4_3,1_7
1,2,1,51,8,3,0,0,0,0,0_0,3_5
3,1,1,26,6,3,0,0,0,0,0_0,1_3
1,3,2,19,4,2,0,0,0,0,0_0,3_6
3,1,1,31,6,2,0,0,0,0,0_0,1_8
1,1,1,16,4,3,0,0,0,1,9_8,3_7
2,1,2,49,8,3,0,0,0,1,0_0,2_1
2,2,2,56,9,3,0,0,0,1,0_0,2_3
2,1,1,39,7,3,0,0,0,1,0_0,1_8
1,1,1,26,6,3,0,0,0,0,0_0,2_6
1,1,1,58,9,3,0,0,0,1,6_8,2_8
1,2,1,72,10,3,0,0,0,0,0_0,1_1
2,1,1,75,10,3,0,0,0,0,0_0,3_4
1,1,1,36,7,2,0,0,0,0,0_0,3_7
1,1,1,64,9,2,0,0,0,0,0_0,3_3
1,1,2,43,7,3,0,0,0,0,0_0,2_9
1,1,2,63,9,2,0,0,0,1,0_0,2_9
1,1,2,30,6,3,0,0,0,1,0_0,2_9
1,1,1,9,2,3,0,0,0,1,1_1,1_2
2,1,2,21,5,3,0,0,0,0,0_0,3_2
2,1,2,68,10,2,0,0,0,0,0_0,2_4
1,1,2,57,9,2,0,0,0,1,9_5,1_8
2,1,1,59,9,2,0,0,0,0,0_0,3_5
1,1,1,78,11,3,0,0,0,0,0_0,3_9
1,1,1,63,9,3,0,0,0,1,9_7,-1_-1
1,1,1,83,11,2,0,0,0,1,10_9,1_5
1,1,2,83,11,3,0,0,0,0,0_0,3_7
1,1,2,47,8,3,0,0,0,0,0_0,-1_-1
1,1,2,62,9,2,0,0,0,1,9_5,-1_-1
1,1,1,18,4,2,0,0,0,1,5_3,-1_-1
1,1,1,27,6,2,0,0,0,1,10_4,-1_-1
2,1,1,56,9,1,0,0,0,0,0_0,-1_-1
2,1,1,79,11,2,0,0,0,0,0_0,1_2
1,1,2,42,7,3,0,0,0,1,1_1,1_2
1,2,2,4,1,3,0,0,0,1,1_3,1_2
1,1,1,12,3,3,0,0,0,1,8_1,1_6
2,1,2,24,5,2,0,0,0,0,0_0,1_5
2,2,2,22,5,3,0,0,0,0,0_0,1_6
1,3,2,35,6,2,0,0,0,0,0_0,2_7
2,2,2,78,11,2,0,0,0,0,0_0,2_6
2,2,2,59,9,3,0,0,0,0,0_0,1_2
2,3,2,55,8,3,0,0,0,0,0_0,3_7
1,1,1,52,8,3,0,0,0,1,5_9,1_4
2,1,1,35,6,2,0,0,0,0,0_0,3_7
1,1,1,54,8,3,0,0,0,1,6_9,1_7
2,2,1,90,11,3,0,0,0,0,0_0,1_7
2,1,1,51,8,2,0,0,0,0,0_0,-1_-1
1,2,2,64,9,3,0,0,0,0,0_0,3_4
1,1,1,73,10,2,0,0,0,1,5_9,1_3
1,1,2,34,6,2,0,0,0,1,1_3,1_2
1,1,1,40,7,3,0,0,0,0,0_0,2_10
1,1,1,78,11,1,0,0,0,0,0_0,3_6
1,1,1,29,6,2,0,0,0,1,5_1,-1_-1
1,1,2,53,8,2,0,0,0,1,9_5,1_4
1,2,1,43,7,2,0,0,0,1,9_5,1_2
2,1,1,89,11,1,0,0,0,0,0_0,-1_-1
1,1,2,44,7,2,0,0,0,1,6_9,3_7
2,1,1,30,6,2,0,0,0,0,0_0,3_2
2,2,1,30,6,1,0,0,0,0,0_0,3_6
2,1,2,30,6,2,0,0,0,0,0_0,1_5
1,1,2,22,5,3,0,0,0,1,4_1,-1_-1
3,2,1,41,7,3,0,0,0,0,0_0,-1_-1
1,1,1,52,8,2,0,0,0,0,0_0,3_3
1,1,1,53,8,3,0,0,0,0,0_0,2_3
2,2,1,63,9,2,0,0,0,0,0_0,-1_-1
1,1,2,71,10,2,0,0,0,1,5_1,-1_-1
1,1,1,5,1,2,0,0,0,0,0_0,-1_-1
1,2,1,31,6,3,0,0,0,0,0_0,-1_-1
1,1,1,10,2,3,0,0,0,1,8_1,1_6
1,2,1,58,9,2,0,0,0,0,0_0,2_4
3,1,1,51,8,2,0,0,0,0,0_0,1_10
1,3,2,26,6,3,0,0,0,0,0_0,1_9
2,1,2,57,9,2,0,0,0,0,0_0,2_7
1,1,2,8,2,2,0,0,0,1,1_3,1_6
2,2,1,27,6,2,0,0,0,0,0_0,3_7
1,1,1,6,2,3,0,0,0,1,5_9,1_1
2,2,1,39,7,3,0,0,0,0,0_0,3_5
3,1,1,31,6,3,0,0,0,0,0_0,3_-1
1,1,1,56,9,3,0,0,0,0,0_0,2_9
1,1,2,24,5,2,0,0,0,0,0_0,1_7
2,2,1,21,5,3,0,0,0,0,0_0,3_6
1,1,2,84,11,2,0,0,0,0,0_0,-1_-1
1,1,1,12,3,2,0,0,0,1,1_1,1_2
1,1,1,45,7,3,0,0,0,1,1_1,1_6
1,1,1,30,6,3,0,0,0,1,4_3,1_3
1,1,2,2,1,3,0,0,0,1,5_4,1_7
1,1,1,20,4,2,0,0,0,1,1_3,1_3
1,1,2,61,9,3,0,0,0,1,8_1,1_3
1,1,2,59,9,3,0,0,0,1,4_1,1_2
2,3,2,23,5,3,0,0,0,0,0_0,1_7
1,1,1,10,2,2,0,0,0,1,10_9,1_5
1,1,1,25,5,3,0,0,0,1,1_3,1_4
1,2,1,78,11,3,0,0,0,1,6_9,1_5
1,2,1,75,10,3,0,0,0,1,4_1,1_2
1,1,2,29,6,3,0,0,0,1,1_3,1_6
3,2,2,33,6,3,0,0,0,0,0_0,1_2
1,1,1,52,8,3,0,0,0,1,8_9,1_7
1,1,1,34,6,3,0,0,0,1,5_3,1_5
2,2,1,74,10,3,0,0,0,0,0_0,1_5
1,1,1,36,7,3,0,0,0,1,1_3,1_9
1,1,1,92,11,3,0,0,0,1,5_1,1_9
2,1,2,20,4,2,0,0,0,0,0_0,1_3
2,2,1,50,8,3,0,0,0,0,0_0,1_5
1,1,2,20,4,2,0,0,0,1,5_3,1_7
1,1,2,34,6,3,0,0,0,1,0_0,1_6
1,2,1,7,2,3,0,0,0,1,0_0,1_6
1,3,2,11,3,3,0,0,0,1,0_0,1_6
2,2,1,62,9,3,0,0,0,0,0_0,1_1
3,3,1,39,7,2,0,0,0,0,0_0,1_5
1,1,2,14,3,3,0,0,0,1,1_4,1_10
1,2,1,45,7,3,0,0,0,1,0_0,1_5
2,2,1,42,7,2,0,0,0,0,0_0,1_3
1,1,1,65,9,2,0,0,0,1,5_1,1_5
1,1,1,32,6,3,0,0,0,1,1_1,1_2
1,1,1,27,6,3,0,0,0,1,6_9,1_5
1,1,2,33,6,3,0,0,0,1,6_9,1_5
1,1,1,26,6,2,0,0,0,1,1_3,1_1
1,1,2,33,6,3,0,0,0,1,6_9,1_1
1,1,1,23,5,3,0,0,0,1,9_9,1_7
1,2,2,22,5,3,0,0,0,1,10_9,1_7
1,1,1,15,3,3,0,0,0,1,9_7,1_7
2,1,1,23,5,2,0,0,0,0,0_0,1_-1
1,1,2,86,11,3,0,0,0,0,0_0,1_6
1,1,2,59,9,2,0,0,0,0,0_0,1_8
2,3,2,38,7,3,0,0,0,0,0_0,1_7
1,1,1,21,5,3,0,0,0,1,5_9,1_8
1,1,1,56,9,3,0,0,0,1,1_1,-1_-1
1,1,1,17,4,3,0,0,0,1,10_9,1_7
1,1,1,90,11,3,0,0,0,1,1_1,1_5
1,1,2,29,6,3,0,0,0,1,5_1,1_6
1,1,1,32,6,3,0,0,0,0,0_0,2_9
1,1,1,45,7,3,0,0,0,1,1_3,1_8
1,1,1,44,7,3,0,0,0,1,10_9,1_2
1,1,2,88,11,2,0,0,0,1,4_1,1_7
1,1,2,36,7,3,0,0,0,1,5_1,1_3
1,1,1,37,7,3,0,0,0,1,6_9,1_8
1,1,1,27,6,3,0,0,0,1,1_1,1_3
1,1,1,33,6,2,0,0,0,1,6_9,3_9
1,2,1,3,1,3,0,0,0,1,6_9,3_9
1,3,2,2,1,3,0,0,0,1,6_9,3_9
2,1,1,75,10,2,0,0,0,0,0_0,1_1
2,1,2,80,11,1,0,0,0,0,0_0,1_1
2,1,2,45,7,2,0,0,0,0,0_0,1_9
1,2,1,30,6,3,0,0,0,0,0_0,1_4
1,1,1,7,2,3,0,0,0,1,1_3,1_3
1,2,1,5,1,3,0,0,0,1,1_3,1_3
2,1,1,33,6,2,0,0,0,0,0_0,3_6
1,1,2,34,6,2,0,0,0,1,8_3,1_3
2,1,1,70,10,3,0,0,0,0,0_0,1_1
1,1,2,37,7,2,0,0,0,1,5_2,1_3
1,1,2,72,10,3,0,0,0,1,1_3,1_8
1,1,1,49,8,2,0,0,0,1,1_1,1_4
1,1,2,25,5,3,0,0,0,1,1_1,1_2
1,1,2,54,8,2,0,0,0,1,5_1,1_3
1,1,2,30,6,3,0,0,0,1,9_5,1_2
1,1,2,30,6,3,0,0,0,1,5_3,1_9
1,1,1,28,6,2,0,0,0,1,9_9,1_2
1,2,2,28,6,3,0,0,0,0,0_0,1_6
2,3,1,41,7,3,0,0,0,0,0_0,3_9
1,1,2,22,5,3,0,0,0,1,1_1,1_3
1,1,2,28,6,3,0,0,0,1,1_1,1_2
1,1,2,36,7,3,0,0,0,1,4_1,1_2
1,1,2,43,7,3,0,0,0,1,8_1,1_2
1,2,1,26,6,3,0,0,0,1,10_9,1_3
1,1,2,53,8,2,0,0,0,1,4_2,1_1
2,2,2,59,9,2,0,0,0,0,0_0,1_7
1,2,2,31,6,3,0,0,0,0,0_0,1_2
1,1,1,59,9,2,0,0,0,0,0_0,2_2
3,1,1,61,9,3,0,0,0,0,0_0,2_4
1,2,2,25,5,3,0,0,0,0,0_0,1_3
2,3,2,23,5,2,0,0,0,0,0_0,1_10
1,1,2,70,10,3,0,0,0,0,0_0,3_6
1,3,2,30,6,3,0,0,0,0,0_0,1_3
1,1,1,64,9,3,0,0,0,0,0_0,1_-1
1,1,1,32,6,3,0,0,0,1,5_1,1_3
1,3,1,3,1,3,0,0,0,1,5_1,1_3
1,1,1,37,7,3,0,0,0,1,9_5,1_2
1,1,1,19,4,3,0,0,0,1,1_1,1_5
1,1,1,28,6,2,0,0,0,1,5_1,1_1
1,1,2,8,2,2,0,0,0,1,8_3,1_1
2,2,1,75,10,3,0,0,0,0,0_0,-1_-1
2,2,2,40,7,3,0,0,0,0,0_0,3_8
1,1,1,5,1,3,0,0,0,1,6_9,1_4
1,2,1,1,1,3,0,0,0,1,6_9,1_4
1,1,2,68,10,2,0,0,0,0,0_0,1_3
2,2,2,33,6,3,0,0,0,0,0_0,3_7
2,1,2,62,9,3,0,0,0,0,0_0,2_4
1,1,1,22,5,2,0,0,0,1,8_1,-1_-1
1,1,1,29,6,2,0,0,0,0,0_0,3_6
1,1,2,79,11,2,0,0,0,1,5_3,1_10
1,1,1,25,5,3,0,0,0,1,1_1,-1_-1
2,2,2,40,7,3,0,0,0,0,0_0,1_4
1,1,2,11,3,2,0,0,0,0,0_0,1_3
1,1,2,43,7,3,0,0,0,1,6_8,1_8
1,1,2,58,9,3,0,0,0,1,5_9,1_5
1,1,1,5,1,3,0,0,0,1,10_9,1_2
1,1,1,30,6,3,0,0,0,1,5_4,1_4
2,1,1,55,8,2,0,0,0,0,0_0,2_2
2,2,2,55,8,2,0,0,0,1,0_0,-1_-1
3,2,2,33,6,3,0,0,0,0,0_0,1_7
1,1,2,48,8,3,0,0,0,1,4_4,1_8
1,1,1,51,8,2,0,0,0,1,8_7,1_2
1,1,2,46,8,3,0,0,0,1,5_3,1_3
1,1,1,45,7,2,0,0,0,0,0_0,2_8
3,3,1,64,9,3,0,0,0,0,0_0,1_8
1,1,2,53,8,2,0,0,0,1,5_4,1_4
1,1,1,6,2,3,0,0,0,1,5_3,1_4
1,1,1,87,11,3,0,0,0,1,1_1,1_2
1,1,2,42,7,2,0,0,0,1,6_9,1_2
2,1,1,36,7,3,0,0,0,0,0_0,2_8
2,2,1,3,1,2,0,0,0,1,0_0,1_1
2,1,2,74,10,2,0,0,0,0,0_0,1_7
2,1,1,17,4,2,0,0,0,0,0_0,3_7
1,1,1,10,2,2,0,0,0,0,0_0,1_1
1,1,1,53,8,3,0,0,0,1,0_0,1_7
1,1,2,18,4,3,0,0,0,1,6_7,1_6
1,1,1,14,3,2,0,0,0,1,8_2,1_9
1,1,2,85,11,3,0,0,0,1,8_9,1_6
1,2,1,28,6,2,0,0,0,1,0_0,1_4
3,3,1,44,7,3,0,0,0,0,0_0,1_1
1,1,2,33,6,3,0,0,0,1,6_9,1_9
1,1,2,37,7,3,0,0,0,1,10_9,-1_-1
2,1,1,60,9,3,0,0,0,0,0_0,2_1
1,1,1,37,7,2,0,0,0,1,8_7,1_3
1,2,2,19,4,3,0,0,0,0,0_0,1_1
2,3,1,32,6,3,0,0,0,0,0_0,2_1
2,1,2,29,6,3,0,0,0,0,0_0,2_4
2,2,1,24,5,3,0,0,0,0,0_0,2_3
2,1,2,49,8,2,0,0,0,0,0_0,1_5
1,2,1,26,6,3,0,0,0,0,0_0,2_1
2,3,2,58,9,3,0,0,0,0,0_0,1_6
1,1,2,25,5,1,0,0,0,0,0_0,1_2
1,1,2,5,1,3,0,0,0,1,5_2,2_1
1,1,1,76,11,2,0,0,0,0,0_0,1_9
1,1,1,15,3,2,0,0,0,1,9_4,2_4
3,1,1,21,5,3,0,0,0,0,0_0,1_10
1,1,2,52,8,2,0,0,0,1,9_7,3_8
1,1,2,78,11,2,0,0,0,0,0_0,1_7
1,2,1,81,11,2,0,0,0,1,0_0,1_7
2,1,2,35,6,3,0,0,0,1,0_0,1_1
2,2,1,21,5,3,0,0,0,1,0_0,1_1
2,2,1,69,10,3,0,0,0,1,0_0,-1_-1
1,1,1,6,2,3,0,0,0,1,0_0,1_5
1,2,1,41,7,2,0,0,0,0,0_0,1_5
2,1,1,37,7,2,0,0,0,0,0_0,3_9
1,2,2,66,10,3,0,0,0,1,0_0,1_3
1,1,2,63,9,2,0,0,0,0,0_0,3_6
1,1,1,65,9,3,0,0,0,0,0_0,3_8
1,2,2,15,3,2,0,0,0,1,5_4,3_7
2,1,2,19,4,3,0,0,0,1,9_5,1_2
1,1,1,37,7,1,0,0,0,0,0_0,-1_-1
1,1,2,66,10,3,0,0,0,1,7_3,1_6
2,1,1,42,7,2,0,0,0,0,0_0,2_8
2,2,1,55,8,2,0,0,0,0,0_0,2_2
2,2,1,60,9,2,0,0,0,0,0_0,1_5
1,1,1,30,6,1,0,0,0,0,0_0,1_5
1,2,2,24,5,3,0,0,0,1,9_5,1_6
2,2,1,58,9,2,0,0,0,0,0_0,1_1
2,2,1,58,9,3,0,0,0,0,0_0,3_6
1,1,2,20,4,2,0,0,0,0,0_0,3_6
1,1,2,25,5,3,0,0,0,1,1_3,3_8
1,1,1,54,8,3,0,0,0,0,0_0,2_4
2,1,1,41,7,2,0,0,0,0,0_0,1_4
1,1,2,57,9,3,0,0,0,1,1_9,-1_-1
1,1,1,21,5,3,0,0,0,1,0_0,-1_-1
2,1,2,66,10,2,0,0,0,0,0_0,1_2
1,1,1,19,4,1,0,0,0,1,10_1,1_2
1,1,1,16,4,2,0,0,0,1,0_0,1_3
1,1,1,33,6,3,0,0,0,1,5_1,1_1
3,1,1,15,3,3,0,0,0,0,0_0,1_3
1,1,1,31,6,3,0,0,0,1,3_3,1_3
2,2,2,23,5,2,0,0,0,0,0_0,1_10
1,1,1,37,7,1,0,0,0,0,0_0,1_3
1,1,1,79,11,3,0,0,0,0,0_0,2_10
1,1,1,46,8,2,0,0,0,0,0_0,1_8
1,1,1,43,7,2,0,0,0,0,0_0,2_10
1,1,1,79,11,3,0,0,0,0,0_0,3_8
2,3,2,43,7,3,0,0,0,0,0_0,1_1
1,2,1,44,7,3,0,0,0,0,0_0,1_2
2,1,2,20,4,2,0,0,0,0,0_0,1_9
2,1,1,56,9,2,0,0,0,0,0_0,1_8
1,1,1,66,10,2,0,0,0,1,8_1,1_1
1,1,1,75,10,3,0,0,0,1,4_1,1_3
1,1,1,39,7,3,0,0,0,1,4_3,1_6
2,1,2,53,8,3,0,0,0,0,0_0,1_5
1,1,1,76,11,2,0,0,0,1,1_9,1_7
1,1,2,54,8,3,0,0,0,1,5_4,1_3
1,1,2,57,9,2,0,0,0,0,0_0,1_10
2,1,2,24,5,2,0,0,0,0,0_0,1_1
2,2,1,46,8,2,0,0,0,0,0_0,1_10
2,1,1,17,4,3,0,0,0,0,0_0,2_4
1,1,1,74,10,2,0,0,0,0,0_0,-1_-1
2,1,1,54,8,3,0,0,0,0,0_0,2_4
1,1,1,12,3,3,0,0,0,1,5_3,3_6
2,1,1,68,10,3,0,0,0,0,0_0,3_-1
1,1,1,19,4,1,0,0,0,1,0_0,1_4
1,1,1,67,10,3,0,0,0,0,0_0,2_2
1,1,1,16,4,2,0,0,0,0,0_0,2_7
1,2,1,16,4,3,0,0,0,1,0_0,2_5
2,1,2,14,3,3,0,0,0,0,0_0,1_2
2,2,1,27,6,3,0,0,0,0,0_0,3_2
1,1,1,30,6,2,0,0,0,0,0_0,2_4
1,1,2,42,7,2,0,0,0,1,5_1,1_3
1,1,2,52,8,3,0,0,0,0,0_0,2_2
2,2,2,36,7,3,0,0,0,0,0_0,2_4
2,2,2,77,11,3,0,0,0,0,0_0,2_2
1,2,1,23,5,2,0,0,0,1,0_0,1_3
2,3,1,20,4,3,0,0,0,0,0_0,1_8
2,1,2,67,10,3,0,0,0,0,0_0,1_10
2,1,1,14,3,3,0,0,0,1,0_0,1_1
1,1,1,64,9,2,0,0,0,0,0_0,1_6
2,1,1,69,10,2,0,0,0,0,0_0,1_9
1,1,2,13,3,2,0,0,0,1,8_7,1_1
1,1,1,35,6,2,0,0,0,1,9_5,2_6
1,1,1,11,3,2,0,0,0,0,0_0,1_3
1,1,2,17,4,3,0,0,0,1,6_9,1_3
1,1,2,15,3,3,0,0,0,1,5_1,1_1
2,1,1,31,6,2,0,0,0,0,0_0,3_6
1,1,1,50,8,2,0,0,0,1,4_3,1_2
1,1,2,40,7,2,0,0,0,0,0_0,1_2
3,3,2,31,6,3,0,0,0,0,0_0,1_3
1,1,2,29,6,3,0,0,0,1,9_5,2_9
1,1,2,41,7,3,0,0,0,1,8_8,1_1
1,1,1,46,8,2,0,0,0,1,5_1,1_1
2,1,1,74,10,3,0,0,0,0,0_0,3_6
1,1,2,35,6,2,0,0,0,1,8_7,1_1
1,1,2,70,10,2,0,0,0,0,0_0,1_1
1,1,2,6,2,3,0,0,0,1,5_2,1_3
1,1,1,13,3,3,0,0,0,0,0_0,3_7
2,1,2,36,7,2,0,0,0,0,0_0,3_5
1,1,1,20,4,2,0,0,0,1,9_7,1_4
1,1,2,42,7,2,0,0,0,1,5_9,-1_-1
1,1,2,11,3,3,0,0,0,1,0_0,2_4
1,1,2,52,8,3,0,0,0,1,6_9,1_10
1,1,1,3,1,3,0,0,0,1,5_3,3_9
1,2,2,43,7,3,0,0,0,1,5_3,3_9
2,2,2,35,6,3,0,0,0,0,0_0,3_8
1,1,2,17,4,3,0,0,0,0,0_0,2_9
1,1,2,15,3,3,0,0,0,1,5_1,1_10
2,1,2,80,11,3,0,0,0,0,0_0,1_10
2,2,1,75,10,2,0,0,0,0,0_0,2_8
1,1,1,82,11,3,0,0,0,0,0_0,1_1
1,1,2,30,6,2,0,0,0,1,5_1,1_1
1,1,1,40,7,3,0,0,0,0,0_0,1_-1
2,1,1,50,8,2,0,0,0,0,0_0,1_6
1,1,1,30,6,3,0,0,0,1,6_9,1_7
1,1,2,40,7,2,0,0,0,0,0_0,1_3
1,1,2,2,1,3,0,0,0,1,9_5,1_4
1,1,2,60,9,3,0,0,0,1,8_1,2_6
1,1,1,15,3,3,0,0,0,0,0_0,2_8
1,1,2,20,4,2,0,0,0,1,4_3,2_8
1,1,1,9,2,2,0,0,0,1,5_1,1_3
1,1,2,31,6,3,0,0,0,1,10_3,1_2
1,1,1,25,5,1,0,0,0,0,0_0,1_8
2,2,1,85,11,3,0,0,0,0,0_0,1_10
2,2,2,47,8,3,0,0,0,0,0_0,1_6
2,2,2,17,4,3,0,0,0,0,0_0,1_8
1,1,1,12,3,2,0,0,0,1,5_2,1_1
1,1,1,48,8,3,0,0,0,1,9_9,1_9
1,1,1,22,5,2,0,0,0,1,5_1,-1_-1
1,1,1,60,9,2,0,0,0,1,9_6,1_1
1,1,2,70,10,3,0,0,0,1,1_3,-1_-1
1,1,2,20,4,2,0,0,0,1,5_1,-1_-1
1,1,2,23,5,3,0,0,0,1,9_9,1_5
2,2,1,38,7,3,0,0,0,0,0_0,1_9
1,1,2,13,3,2,0,0,0,1,5_1,1_5
2,1,2,46,8,2,0,0,0,0,0_0,3_2
1,1,1,11,3,3,0,0,0,1,4_1,1_7
1,1,1,83,11,2,0,0,0,1,1_1,1_4
2,1,1,83,11,2,0,0,0,0,0_0,1_2
1,1,2,16,4,3,0,0,0,0,0_0,1_3
1,1,2,10,2,3,0,0,0,1,5_2,1_3
3,2,2,77,11,3,0,0,0,0,0_0,1_8
1,1,1,26,6,3,0,0,0,1,6_9,1_1
3,1,1,24,5,3,0,0,0,0,0_0,1_1
1,1,2,32,6,3,0,0,0,1,6_9,1_1
1,1,2,41,7,2,0,0,0,1,4_1,1_1
1,1,1,10,2,3,0,0,0,1,1_3,1_2
1,2,2,10,2,3,0,0,0,1,1_3,1_3
1,3,1,11,3,3,0,0,0,1,1_3,1_3
1,1,1,13,3,3,0,0,0,1,10_9,1_7
2,2,1,87,11,3,0,0,0,0,0_0,1_10
1,1,2,31,6,3,0,0,0,1,1_4,-1_-1
1,1,1,17,4,2,0,0,0,0,0_0,3_3
1,1,1,68,10,3,0,0,0,1,5_1,3_7
1,1,2,19,4,2,0,0,0,1,9_7,-1_-1
1,1,1,6,2,3,0,0,0,1,1_9,1_4
1,1,1,48,8,3,0,0,0,1,5_9,1_2
1,1,1,17,4,2,0,0,0,1,4_3,1_1
1,1,1,64,9,2,0,0,0,1,5_3,2_5
2,1,1,41,7,2,0,0,0,0,0_0,1_2
2,1,2,13,3,3,0,0,0,0,0_0,1_6
3,2,2,41,7,3,0,0,0,0,0_0,1_6
1,1,1,80,11,2,0,0,0,1,8_3,1_3
1,1,2,11,3,2,0,0,0,1,1_1,1_7
1,1,1,20,4,1,0,0,0,0,0_0,1_8
1,1,1,54,8,3,0,0,0,1,10_9,1_5
3,1,1,44,7,3,0,0,0,0,0_0,3_5
2,2,2,60,9,2,0,0,0,0,0_0,1_3
3,3,2,72,10,3,0,0,0,0,0_0,2_9
1,1,2,59,9,3,0,0,0,1,6_7,1_9
2,2,2,45,7,3,0,0,0,0,0_0,1_7
1,2,2,17,4,2,0,0,0,0,0_0,3_7
2,1,2,59,9,2,0,0,0,0,0_0,1_8
3,2,2,40,7,3,0,0,0,0,0_0,1_8
2,2,1,17,4,2,0,0,0,0,0_0,1_10
2,1,1,64,9,3,0,0,0,0,0_0,1_10
2,1,2,67,10,2,0,0,0,0,0_0,3_6
3,1,1,38,7,3,0,0,0,0,0_0,1_3
1,1,1,59,9,3,0,0,0,1,1_1,1_1
1,1,2,16,4,2,0,0,0,1,5_3,1_1
1,1,1,32,6,3,0,0,0,1,5_4,1_2
1,2,2,19,4,2,0,0,0,0,0_0,1_5
1,1,2,26,6,2,0,0,0,1,5_1,1_4
1,1,2,8,2,3,0,0,0,1,0_0,1_3
1,1,1,30,6,2,0,0,0,1,1_3,1_4
1,1,2,91,11,2,0,0,0,1,4_3,1_2
1,1,2,63,9,3,0,0,0,1,5_9,1_4
1,1,1,49,8,3,0,0,0,1,1_3,1_3
1,1,1,46,8,2,0,0,0,1,5_1,1_9
1,1,2,40,7,2,0,0,0,1,5_3,1_2
1,1,1,54,8,2,0,0,0,1,6_9,1_6
1,1,2,26,6,3,0,0,0,1,10_9,-1_-1
1,1,1,61,9,3,0,0,0,1,7_9,-1_-1
1,1,1,24,5,2,0,0,0,1,6_9,1_8
1,1,2,83,11,3,0,0,0,1,5_1,1_10
1,1,2,73,10,2,0,0,0,1,5_3,1_8
1,1,2,4,1,3,0,0,0,1,10_9,1_4
1,2,1,70,10,2,0,0,0,1,5_1,1_7
1,1,2,69,10,3,0,0,0,1,5_9,1_1
2,1,1,61,9,1,0,0,0,0,0_0,1_1
2,2,2,19,4,2,0,0,0,1,0_0,1_1
1,1,2,78,11,2,0,0,0,0,0_0,1_10
2,1,1,13,3,3,0,0,0,0,0_0,2_4
3,1,1,58,9,3,0,0,0,0,0_0,1_3
2,2,1,49,8,3,0,0,0,0,0_0,2_5
1,1,1,61,9,1,0,0,0,0,0_0,1_1
1,1,1,56,9,3,0,0,0,0,0_0,2_5
1,1,2,59,9,3,0,0,0,1,8_7,1_1
2,1,1,12,3,3,0,0,0,0,0_0,2_9
1,3,1,28,6,2,0,0,0,0,0_0,1_3
2,1,2,47,8,2,0,0,0,0,0_0,1_8
1,1,1,11,3,2,0,0,0,1,10_1,1_2
1,1,1,23,5,1,0,0,0,0,0_0,1_3
1,1,1,7,2,2,0,0,0,1,5_2,1_3
1,1,2,11,3,3,0,0,0,1,5_1,2_4
1,1,1,17,4,3,0,0,0,1,10_3,1_9
3,2,1,49,8,3,0,0,0,0,0_0,-1_-1
1,1,2,27,6,3,0,0,0,0,0_0,3_5
1,1,2,78,11,3,0,0,0,1,9_5,-1_-1
1,1,1,80,11,3,0,0,0,0,0_0,1_3
2,1,1,79,11,3,0,0,0,0,0_0,1_10
1,1,1,18,4,2,0,0,0,0,0_0,3_9
1,1,1,17,4,3,0,0,0,1,0_0,-1_-1
1,2,1,69,10,2,0,0,0,0,0_0,-1_-1
2,1,1,68,10,3,0,0,0,0,0_0,2_3
1,1,2,46,8,3,0,0,0,1,9_8,-1_-1
1,2,1,31,6,2,0,0,0,0,0_0,1_7
1,1,1,74,10,3,0,0,0,1,5_3,1_8
1,2,2,21,5,3,0,0,0,1,4_2,1_2
1,1,2,16,4,3,0,0,0,1,5_1,1_3
1,1,2,29,6,3,0,0,0,1,5_9,1_8
1,2,2,13,3,3,0,0,0,1,1_9,1_1
1,3,2,10,2,3,0,0,0,1,1_9,1_1
1,1,1,6,2,3,0,0,0,1,5_4,1_6
1,1,1,28,6,3,0,0,0,1,9_9,1_4
1,1,2,47,8,3,0,0,0,1,10_9,1_3
3,2,1,33,6,3,0,0,0,0,0_0,3_7
1,1,1,61,9,2,0,0,0,1,5_3,1_3
1,1,1,42,7,3,0,0,0,1,10_3,1_1
1,2,1,25,5,3,0,0,0,0,0_0,1_2
1,3,1,26,6,2,0,0,0,0,0_0,1_7
2,1,2,50,8,3,0,0,0,1,0_0,1_3
1,1,1,26,6,2,0,0,0,1,9_9,-1_-1
1,1,2,69,10,2,0,0,0,1,8_1,1_4
1,1,1,10,2,2,0,0,0,1,1_1,1_4
2,2,1,22,5,3,0,0,0,0,0_0,1_2
1,1,2,51,8,2,0,0,0,1,1_9,1_5
1,1,2,27,6,1,0,0,0,1,1_3,1_9
2,1,1,6,2,3,0,0,0,0,0_0,-1_-1
1,1,1,81,11,2,0,0,0,1,5_1,1_6
1,1,1,49,8,3,0,0,0,1,5_2,-1_-1
1,1,2,28,6,3,0,0,0,1,5_2,1_5
1,1,1,49,8,3,0,0,0,1,1_1,1_4
1,1,1,15,3,2,0,0,0,1,5_1,1_2
1,1,1,34,6,3,0,0,0,1,10_9,1_6
2,1,1,63,9,3,0,0,0,0,0_0,1_1
1,1,2,64,9,3,0,0,0,1,1_9,1_3
2,3,1,20,4,2,0,0,0,0,0_0,1_4
1,1,1,75,10,1,0,0,0,0,0_0,1_7
2,2,2,35,6,2,0,0,0,0,0_0,1_9
1,2,2,86,11,3,0,0,0,0,0_0,1_7
1,2,1,77,11,3,0,0,0,1,0_0,1_2
1,1,2,41,7,3,0,0,0,1,5_3,1_3
2,1,2,44,7,2,0,0,0,0,0_0,1_8
1,1,1,32,6,3,0,0,0,1,9_9,1_1
2,1,2,88,11,3,0,0,0,1,0_0,1_4
2,1,2,19,4,3,0,0,0,1,0_0,3_6
2,2,2,36,7,3,0,0,0,1,0_0,1_1
2,1,1,40,7,3,0,0,0,0,0_0,3_8
2,1,1,16,4,2,0,0,0,1,0_0,-1_-1
2,2,1,15,3,2,0,0,0,1,0_0,1_1
1,2,2,58,9,3,0,0,0,1,0_0,1_10
1,2,1,58,9,3,0,0,0,0,0_0,3_5
3,1,2,47,8,3,0,0,0,0,0_0,2_9
1,1,1,64,9,2,0,0,0,1,9_9,1_1
1,1,2,30,6,2,0,0,0,1,5_4,1_1
1,1,1,25,5,3,0,0,0,1,5_2,1_2
1,1,2,49,8,2,0,0,0,1,6_9,1_10
1,1,1,59,9,2,0,0,0,0,0_0,3_8
1,1,1,35,6,3,0,0,0,0,0_0,3_9
1,1,2,49,8,2,0,0,0,1,0_0,1_8
2,1,2,74,10,3,0,0,0,0,0_0,3_2
1,1,1,34,6,2,0,0,0,0,0_0,3_6
1,1,2,44,7,3,0,0,0,1,5_1,3_5
1,1,1,55,8,3,0,0,0,0,0_0,1_7
1,1,2,43,7,2,0,0,0,0,0_0,2_5
1,1,2,50,8,3,0,0,0,1,5_1,2_9
1,1,1,61,9,3,0,0,0,0,0_0,2_8
1,1,2,83,11,3,0,0,0,0,0_0,3_9
1,1,2,19,4,3,0,0,0,1,5_9,1_6
1,1,2,3,1,2,0,0,0,1,5_1,1_1
1,1,2,75,10,3,0,0,0,1,1_1,1_10
2,3,2,42,7,3,0,0,0,0,0_0,2_10
1,2,1,44,7,3,0,0,0,1,4_2,-1_-1
2,1,2,58,9,3,0,0,0,0,0_0,1_7
1,1,2,65,9,3,0,0,0,1,1_1,-1_-1
1,1,2,65,9,2,0,0,0,0,0_0,2_10
1,1,2,54,8,3,0,0,0,1,1_3,1_4
1,1,2,51,8,3,0,0,0,0,0_0,2_2
2,1,2,37,7,2,0,0,0,0,0_0,2_4
3,1,1,38,7,3,0,0,0,0,0_0,1_8
1,1,2,66,10,2,0,0,0,1,6_9,1_2
1,1,1,43,7,1,0,0,0,1,6_9,1_1
2,1,2,14,3,2,0,0,0,0,0_0,-1_-1
2,2,1,30,6,3,0,0,0,0,0_0,1_5
1,1,1,67,10,2,0,0,0,1,5_9,-1_-1
1,1,1,23,5,2,0,0,0,1,9_8,1_3
1,1,2,63,9,2,0,0,0,0,0_0,1_8
1,1,1,15,3,3,0,0,0,1,5_1,1_7
1,1,2,84,11,2,0,0,0,1,6_9,1_1
1,1,1,10,2,2,0,0,0,1,1_9,2_4
1,1,2,73,10,2,0,0,0,0,0_0,2_7
1,1,2,38,7,2,0,0,0,0,0_0,1_5
1,1,1,28,6,3,0,0,0,0,0_0,3_9
1,1,1,4,1,3,0,0,0,1,1_4,1_1
2,2,2,45,7,2,0,0,0,0,0_0,1_10
1,1,1,39,7,3,0,0,0,0,0_0,2_8
1,1,2,27,6,3,0,0,0,1,9_5,1_1
1,1,1,53,8,1,0,0,0,0,0_0,1_6
1,3,2,15,3,2,0,0,0,1,0_0,1_4
2,2,1,54,8,1,0,0,0,0,0_0,1_5
2,3,2,39,7,3,0,0,0,0,0_0,3_7
1,1,1,45,7,2,0,0,0,0,0_0,2_10
2,1,2,5,1,3,0,0,0,0,0_0,1_3
2,1,1,73,10,3,0,0,0,0,0_0,2_1
1,1,1,55,8,2,0,0,0,0,0_0,2_6
2,1,2,4,1,2,0,0,0,0,0_0,3_8
2,1,2,27,6,2,0,0,0,0,0_0,1_-1
2,1,2,37,7,3,0,0,0,0,0_0,1_7
1,2,1,79,11,3,0,0,0,0,0_0,3_7
2,1,2,75,10,2,0,0,0,0,0_0,1_8
2,1,1,51,8,2,0,0,0,1,0_0,1_1
2,2,1,47,8,3,0,0,0,1,0_0,1_1
1,1,1,14,3,3,0,0,0,1,10_9,-1_-1
2,3,2,26,6,3,0,0,0,0,0_0,3_9
1,1,1,89,11,3,0,0,0,0,0_0,1_6
1,1,1,8,2,2,0,0,0,1,5_3,1_2
1,1,2,62,9,2,0,0,0,0,0_0,1_1
1,1,1,10,2,3,0,0,0,1,8_8,1_4
1,1,1,16,4,3,0,0,0,1,1_1,1_8
1,2,1,73,10,2,0,0,0,0,0_0,1_2
2,1,1,41,7,2,0,0,0,1,0_0,1_2
1,1,1,24,5,3,0,0,0,1,0_0,1_1
1,2,1,31,6,3,0,0,0,1,0_0,1_8
1,3,1,24,5,3,0,0,0,1,0_0,1_2
2,1,1,32,6,3,0,0,0,1,0_0,1_4
2,1,1,41,7,3,0,0,0,0,0_0,3_1
1,1,2,59,9,2,0,0,0,0,0_0,1_5
1,1,1,34,6,3,0,0,0,1,5_3,-1_-1
2,3,1,63,9,3,0,0,0,0,0_0,1_1
1,1,2,82,11,3,0,0,0,0,0_0,1_8
1,1,1,34,6,2,0,0,0,1,10_9,1_5
1,1,2,9,2,3,0,0,0,1,5_2,1_10
1,1,1,8,2,2,0,0,0,1,5_4,1_1
1,1,2,76,11,3,0,0,0,0,0_0,1_8
2,3,1,57,9,3,0,0,0,0,0_0,1_1
1,1,1,7,2,3,0,0,0,1,5_3,1_4
1,1,1,88,11,3,0,0,0,0,0_0,3_4
1,1,1,56,9,3,0,0,0,0,0_0,2_1
1,1,1,23,5,1,0,0,0,0,0_0,2_8
1,1,2,11,3,3,0,0,0,1,5_1,1_7
1,2,1,44,7,3,0,0,0,0,0_0,3_3
2,1,2,18,4,3,0,0,0,0,0_0,2_9
2,1,2,63,9,2,0,0,0,0,0_0,1_3
1,1,2,17,4,3,0,0,0,1,1_1,1_10
1,1,1,61,9,3,0,0,0,1,5_1,1_8
1,1,2,15,3,3,0,0,0,0,0_0,1_1
1,2,2,19,4,2,0,0,0,0,0_0,1_2
2,1,1,13,3,3,0,0,0,0,0_0,3_5
1,1,1,14,3,2,0,0,0,1,5_1,1_3
1,1,1,29,6,3,0,0,0,1,5_1,1_8
1,1,2,24,5,3,0,0,0,0,0_0,3_5
1,1,2,60,9,3,0,0,0,0,0_0,1_8
1,1,1,58,9,3,0,0,0,1,6_9,1_4
1,1,1,57,9,2,0,0,0,0,0_0,3_7
1,1,2,57,9,3,0,0,0,1,1_1,3_9
2,1,1,67,10,3,0,0,0,0,0_0,1_5
1,1,1,22,5,2,0,0,0,0,0_0,2_8
1,1,2,33,6,3,0,0,0,1,10_9,1_2
3,1,2,42,7,3,0,0,0,0,0_0,2_6
1,1,1,92,11,3,0,0,0,0,0_0,3_4
2,2,1,38,7,2,0,0,0,0,0_0,2_1
2,1,1,41,7,3,0,0,0,0,0_0,3_6
3,1,1,50,8,3,0,0,0,0,0_0,1_1
1,1,1,80,11,3,0,0,0,0,0_0,1_6
1,1,2,13,3,3,0,0,0,1,0_0,1_6
2,1,2,83,11,3,0,0,0,0,0_0,1_7
1,1,1,65,9,3,0,0,0,1,0_0,1_8
1,2,2,22,5,3,0,0,0,0,0_0,1_2
2,1,1,66,10,2,0,0,0,0,0_0,1_3
2,1,1,23,5,3,0,0,0,0,0_0,3_9
1,1,1,37,7,3,0,0,0,0,0_0,3_9
1,1,1,41,7,3,0,0,0,1,10_9,1_3
1,1,1,22,5,2,0,0,0,0,0_0,2_9
2,1,1,15,3,2,0,0,0,0,0_0,1_1
1,1,2,78,11,3,0,0,0,0,0_0,3_9
1,1,1,15,3,3,0,0,0,1,10_8,1_9
1,3,1,29,6,3,0,0,0,0,0_0,1_4
2,1,1,26,6,2,0,0,0,0,0_0,3_8
2,1,2,49,8,3,0,0,0,0,0_0,2_4
2,1,1,23,5,2,0,0,0,0,0_0,2_7
2,1,2,34,6,2,0,0,0,0,0_0,3_10
1,1,2,26,6,3,0,0,0,0,0_0,1_-1
1,3,1,53,8,3,0,0,0,0,0_0,1_2
3,1,1,40,7,3,0,0,0,0,0_0,1_4
3,2,2,51,8,3,0,0,0,0,0_0,1_5
1,1,1,50,8,2,0,0,0,1,6_9,1_3
2,2,1,41,7,3,0,0,0,0,0_0,2_8
2,1,1,22,5,3,0,0,0,0,0_0,3_5
2,2,2,32,6,3,0,0,0,1,0_0,2_9
2,1,1,52,8,1,0,0,0,0,0_0,2_8
2,1,2,61,9,3,0,0,0,1,9_5,3_8
1,1,2,38,7,3,0,0,0,0,0_0,2_8
1,1,1,50,8,3,0,0,0,0,0_0,3_7
2,2,2,79,11,2,0,0,0,0,0_0,3_5
2,1,1,21,5,2,0,0,0,0,0_0,1_7
1,1,1,19,4,1,0,0,0,0,0_0,2_10
2,2,2,62,9,3,0,0,0,0,0_0,1_3
2,1,2,8,2,3,0,0,0,0,0_0,3_6
2,1,1,80,11,3,0,0,0,0,0_0,1_6
1,1,1,40,7,3,0,0,0,1,5_3,-1_-1
3,2,1,28,6,3,0,0,0,0,0_0,1_7
1,1,1,9,2,3,0,0,0,1,1_1,1_1
2,2,1,64,9,3,0,0,0,0,0_0,3_8
2,1,2,37,7,2,0,0,0,0,0_0,3_3
1,1,2,58,9,2,0,0,0,1,5_3,1_3
1,3,2,35,6,3,0,0,0,0,0_0,1_1
2,1,2,83,11,2,0,0,0,0,0_0,1_3
2,1,1,6,2,2,0,0,0,1,9_5,1_6
1,1,1,14,3,3,0,0,0,1,9_5,1_1
1,1,1,18,4,3,0,0,0,1,1_9,1_1
1,1,2,26,6,3,0,0,0,1,5_9,1_4
1,1,1,51,8,2,0,0,0,0,0_0,2_8
2,2,2,60,9,3,0,0,0,0,0_0,3_9
1,1,2,35,6,2,0,0,0,0,0_0,1_1
2,1,2,68,10,2,0,0,0,0,0_0,2_8
1,1,2,58,9,2,0,0,0,0,0_0,1_6
1,1,2,56,9,2,0,0,0,0,0_0,-1_-1
2,2,2,33,6,2,0,0,0,0,0_0,1_1
1,1,2,28,6,3,0,0,0,1,10_9,1_3
2,1,2,70,10,1,0,0,0,1,0_0,1_3
2,2,2,33,6,3,0,0,0,1,0_0,1_5
1,1,1,71,10,2,0,0,0,1,5_9,-1_-1
1,1,2,28,6,3,0,0,0,1,5_1,1_3
2,1,2,49,8,3,0,0,0,0,0_0,-1_-1
1,1,1,12,3,2,0,0,0,1,5_1,1_4
1,1,1,23,5,3,0,0,0,1,5_9,1_1
3,3,1,30,6,3,0,0,0,0,0_0,1_5
1,1,2,10,2,2,0,0,0,1,9_9,-1_-1
2,2,1,89,11,2,0,0,0,0,0_0,1_9
2,1,2,55,8,2,0,0,0,0,0_0,1_10
2,1,1,67,10,3,0,0,0,0,0_0,2_8
1,1,1,19,4,2,0,0,0,0,0_0,2_3
1,1,1,43,7,3,0,0,0,1,6_5,1_2
1,2,2,37,7,3,0,0,0,1,6_5,1_2
1,3,1,11,3,3,0,0,0,1,6_5,1_2
2,2,2,35,6,3,0,0,0,0,0_0,1_10
1,1,1,17,4,3,0,0,0,0,0_0,2_1
1,1,2,72,10,2,0,0,0,1,10_5,1_3
1,1,2,77,11,3,0,0,0,0,0_0,1_4
1,1,2,63,9,3,0,0,0,1,9_9,1_2
1,1,1,20,4,2,0,0,0,1,5_2,1_9
1,2,1,37,7,2,0,0,0,0,0_0,2_8
1,1,1,39,7,3,0,0,0,0,0_0,2_3
1,1,2,28,6,3,0,0,0,0,0_0,2_7
1,1,1,69,10,3,0,0,0,1,4_1,1_1
1,1,2,72,10,2,0,0,0,1,5_1,2_9
2,2,2,19,4,3,0,0,0,0,0_0,3_5
1,1,1,74,10,3,0,0,0,1,9_8,2_10
2,2,2,59,9,3,0,0,0,0,0_0,-1_-1
1,2,1,22,5,3,0,0,0,0,0_0,2_7
3,1,1,81,11,3,0,0,0,0,0_0,2_4
1,1,1,84,11,2,0,0,0,0,0_0,3_3
1,1,1,24,5,3,0,0,0,1,5_9,1_1
2,2,2,82,11,3,0,0,0,0,0_0,1_9
1,1,2,91,11,3,0,0,0,0,0_0,3_6
1,1,2,84,11,2,0,0,0,1,9_9,1_8
1,2,2,34,6,2,0,0,0,0,0_0,1_9
1,2,1,55,8,3,0,0,0,0,0_0,1_2
1,1,1,81,11,2,0,0,0,0,0_0,1_3
2,1,2,33,6,2,0,0,0,1,0_0,1_1
1,1,2,54,8,2,0,0,0,0,0_0,2_10
1,1,1,36,7,3,0,0,0,1,10_9,1_1
1,1,1,28,6,3,0,0,0,1,1_1,-1_-1
1,1,2,43,7,3,0,0,0,1,6_9,1_1
1,1,1,26,6,2,0,0,0,1,5_9,-1_-1
1,1,2,10,2,3,0,0,0,0,0_0,-1_-1
1,1,2,64,9,2,0,0,0,1,9_9,1_4
1,2,1,27,6,3,0,0,0,0,0_0,1_6
1,1,1,4,1,3,0,0,0,1,5_2,1_1
2,1,2,32,6,2,0,0,0,0,0_0,1_4
1,1,2,17,4,2,0,0,0,1,6_5,-1_-1
1,1,1,64,9,2,0,0,0,1,1_1,1_2
2,1,2,43,7,3,0,0,0,0,0_0,2_9
1,1,2,16,4,3,0,0,0,1,0_0,1_2
1,2,1,17,4,3,0,0,0,0,0_0,2_5
1,1,2,62,9,3,0,0,0,0,0_0,2_6
1,1,1,13,3,2,0,0,0,0,0_0,-1_-1
1,1,1,10,2,2,0,0,0,1,10_3,1_2
1,1,1,50,8,2,0,0,0,0,0_0,2_7
3,1,1,49,8,3,0,0,0,0,0_0,3_7
1,1,1,69,10,3,0,0,0,1,5_1,1_3
1,1,1,9,2,3,0,0,0,0,0_0,1_3
2,2,2,54,8,2,0,0,0,0,0_0,2_7
2,1,2,71,10,2,0,0,0,0,0_0,1_5
1,1,2,60,9,3,0,0,0,1,0_0,1_1
1,3,1,31,6,2,0,0,0,0,0_0,1_1
2,3,1,22,5,3,0,0,0,0,0_0,1_1
1,2,1,18,4,3,0,0,0,1,0_0,1_2
1,1,1,35,6,3,0,0,0,0,0_0,2_7
2,1,1,70,10,2,0,0,0,0,0_0,1_1
1,1,2,22,5,2,0,0,0,0,0_0,1_6
1,1,2,13,3,2,0,0,0,1,5_2,1_1
1,1,1,14,3,3,0,0,0,1,4_1,1_1
1,1,2,4,1,3,0,0,0,1,1_3,1_2
2,1,1,79,11,1,0,0,0,0,0_0,1_1
1,1,1,5,1,3,0,0,0,1,10_9,-1_-1
1,1,1,16,4,3,0,0,0,1,5_4,1_8
1,1,2,16,4,3,0,0,0,1,1_9,-1_-1
1,1,1,87,11,1,0,0,0,1,5_1,1_8
1,1,2,8,2,2,0,0,0,1,5_4,1_1
1,1,1,34,6,3,0,0,0,1,9_7,1_9
1,1,1,18,4,2,0,0,0,0,0_0,1_-1
1,1,1,49,8,3,0,0,0,1,9_8,2_6
1,1,1,82,11,3,0,0,0,0,0_0,2_7
3,1,2,66,10,3,0,0,0,0,0_0,3_10
1,1,2,35,6,1,0,0,0,1,5_1,1_1
1,1,2,33,6,3,0,0,0,1,4_3,1_5
1,1,1,76,11,3,0,0,0,0,0_0,1_8
2,3,1,33,6,2,0,0,0,0,0_0,1_9
1,1,2,43,7,3,0,0,0,1,5_1,1_1
2,1,1,12,3,3,0,0,0,0,0_0,3_2
1,2,1,17,4,2,0,0,0,1,0_0,1_1
1,3,1,18,4,1,0,0,0,1,0_0,1_1
2,1,1,19,4,3,0,0,0,0,0_0,3_7
3,1,2,39,7,3,0,0,0,0,0_0,3_6
1,1,1,39,7,3,0,0,0,0,0_0,2_1
1,2,2,22,5,3,0,0,0,1,4_2,1_1
1,1,1,6,2,3,0,0,0,1,5_2,1_7
1,1,1,14,3,3,0,0,0,1,5_9,1_2
3,3,2,58,9,3,0,0,0,0,0_0,1_8
1,1,2,38,7,2,0,0,0,0,0_0,1_1
2,2,1,40,7,2,0,0,0,0,0_0,1_1
1,1,2,16,4,3,0,0,0,1,5_9,2_9
2,1,1,59,9,2,0,0,0,0,0_0,-1_-1
1,1,1,33,6,3,0,0,0,0,0_0,3_9
1,1,2,82,11,2,0,0,0,1,10_9,1_7
2,3,1,31,6,3,0,0,0,0,0_0,1_4
1,1,1,24,5,3,0,0,0,1,5_9,1_8
1,1,2,85,11,2,0,0,0,1,8_5,1_8
1,1,1,40,7,2,0,0,0,1,9_6,1_2
1,1,1,60,9,2,0,0,0,1,5_1,1_7
3,2,2,26,6,3,0,0,0,0,0_0,1_8
3,1,1,74,10,3,0,0,0,0,0_0,1_5
2,1,2,22,5,3,0,0,0,0,0_0,3_9
1,1,1,8,2,3,0,0,0,1,8_3,1_1
1,2,2,33,6,3,0,0,0,1,8_3,1_1
1,1,2,32,6,3,0,0,0,1,8_1,1_6
1,1,1,45,7,2,0,0,0,1,8_9,1_1
1,1,1,32,6,2,0,0,0,1,5_1,1_2
1,1,1,11,3,3,0,0,0,1,1_4,1_1
1,1,2,26,6,3,0,0,0,1,1_1,1_6
1,1,2,5,1,3,0,0,0,1,5_9,1_9
1,1,2,71,10,2,0,0,0,1,4_1,1_7
1,1,1,19,4,2,0,0,0,1,5_4,1_6
1,1,2,60,9,2,0,0,0,1,9_5,1_2
1,1,2,29,6,3,0,0,0,1,1_3,1_5
1,1,2,8,2,3,0,0,0,1,5_4,1_2
2,1,1,13,3,2,0,0,0,0,0_0,1_3
1,1,2,23,5,2,0,0,0,1,5_3,1_10
1,1,2,23,5,2,0,0,0,1,1_2,1_2
2,1,2,78,11,3,0,0,0,0,0_0,-1_-1
1,1,1,7,2,2,0,0,0,1,4_3,1_5
1,1,2,49,8,3,0,0,0,1,8_1,1_6
1,1,2,27,6,3,0,0,0,1,0_0,1_1
1,1,1,1,1,3,0,0,0,1,5_1,1_2
1,1,2,55,8,2,0,0,0,1,10_9,1_6
1,1,1,66,10,3,0,0,0,1,5_1,1_2
1,1,2,28,6,3,0,0,0,1,9_5,1_3
1,1,2,61,9,3,0,0,0,1,8_9,1_8
1,2,2,59,9,2,0,0,0,1,1_2,1_2
1,1,1,21,5,2,0,0,0,1,9_9,1_8
1,1,1,71,10,3,0,0,0,1,5_9,-1_-1
1,1,2,38,7,3,0,0,0,1,1_9,1_1
1,1,1,37,7,1,0,0,0,0,0_0,1_4
1,2,1,56,9,2,0,0,0,1,6_9,1_3
1,1,1,61,9,3,0,0,0,1,1_9,1_10
2,2,1,64,9,3,0,0,0,0,0_0,-1_-1
1,1,1,8,2,3,0,0,0,1,10_5,1_1
1,1,1,76,11,2,0,0,0,1,1_1,1_7
2,2,1,29,6,3,0,0,0,0,0_0,3_7
1,1,1,75,10,3,0,0,0,1,5_3,1_7
2,2,2,13,3,3,0,0,0,1,0_0,2_5
3,3,1,26,6,3,0,0,0,0,0_0,1_6
1,1,1,18,4,3,0,0,0,1,5_1,2_8
1,1,1,37,7,1,0,0,0,0,0_0,1_1
1,1,1,11,3,3,0,0,0,1,3_2,3_5
3,2,2,25,5,3,0,0,0,0,0_0,1_4
3,1,2,54,8,3,0,0,0,0,0_0,2_5
2,1,2,68,10,2,0,0,0,0,0_0,1_6
1,1,1,41,7,2,0,0,0,0,0_0,1_7
1,1,2,26,6,3,0,0,0,1,6_9,1_1
1,1,1,80,11,2,0,0,0,1,5_3,1_1
1,1,1,24,5,3,0,0,0,1,8_3,-1_-1
1,1,1,73,10,3,0,0,0,1,6_9,1_6
1,1,2,24,5,3,0,0,0,1,5_1,3_9
1,1,1,10,2,3,0,0,0,1,5_3,1_5
1,1,2,2,1,2,0,0,0,1,8_1,1_2
2,2,1,58,9,3,0,0,0,0,0_0,3_7
1,1,1,27,6,3,0,0,0,1,9_7,1_7
2,2,2,26,6,3,0,0,0,0,0_0,1_8
1,1,2,72,10,3,0,0,0,1,5_3,1_8
1,1,2,25,5,2,0,0,0,0,0_0,1_3
1,1,1,72,10,2,0,0,0,1,8_1,1_2
1,1,1,20,4,2,0,0,0,1,7_9,1_1
1,1,2,15,3,3,0,0,0,1,5_9,1_5
1,3,1,17,4,2,0,0,0,0,0_0,1_6
2,1,1,69,10,2,0,0,0,0,0_0,3_8
1,1,1,43,7,3,0,0,0,0,0_0,3_10
1,1,2,87,11,2,0,0,0,1,5_3,1_2
1,2,1,60,9,3,0,0,0,0,0_0,1_6
2,1,1,21,5,3,0,0,0,1,0_0,-1_-1
1,1,1,70,10,3,0,0,0,1,5_9,2_10
1,1,1,23,5,2,0,0,0,1,10_9,1_10
2,3,1,55,8,3,0,0,0,0,0_0,3_6
1,1,1,20,4,2,0,0,0,1,9_9,1_8
1,1,2,10,2,3,0,0,0,1,10_1,-1_-1
1,1,1,44,7,3,0,0,0,1,5_9,1_5
2,2,2,26,6,2,0,0,0,0,0_0,1_10
1,1,1,69,10,2,0,0,0,0,0_0,1_5
1,1,1,83,11,3,0,0,0,1,5_3,1_8
2,2,2,34,6,3,0,0,0,0,0_0,3_6
1,1,2,86,11,3,0,0,0,0,0_0,1_10
2,2,1,32,6,2,0,0,0,0,0_0,1_6
1,1,1,48,8,3,0,0,0,0,0_0,2_10
2,2,2,46,8,2,0,0,0,0,0_0,2_5
1,1,1,60,9,3,0,0,0,1,9_5,1_6
1,2,2,68,10,3,0,0,0,1,9_5,1_6
1,1,1,41,7,2,0,0,0,1,5_3,1_1
1,1,1,42,7,2,0,0,0,1,5_9,1_5
1,1,1,38,7,2,0,0,0,1,1_1,1_3
1,1,2,34,6,2,0,0,0,0,0_0,1_7
1,1,2,73,10,2,0,0,0,1,8_1,1_2
2,1,1,58,9,3,0,0,0,0,0_0,2_4
1,1,1,45,7,2,0,0,0,1,5_4,1_9
1,2,2,57,9,3,0,0,0,1,1_3,1_8
1,1,2,46,8,3,0,0,0,1,5_3,1_5
3,2,1,24,5,3,0,0,0,0,0_0,1_8
1,1,2,20,4,2,0,0,0,1,1_1,1_8
1,1,1,19,4,2,0,0,0,1,8_9,1_9
1,1,1,26,6,3,0,0,0,1,1_1,1_5
1,1,2,11,3,3,0,0,0,1,4_3,1_2
2,1,1,55,8,2,0,0,0,0,0_0,1_6
1,1,2,12,3,3,0,0,0,1,1_9,1_1
1,1,2,3,1,3,0,0,0,1,8_1,1_6
2,1,2,69,10,3,0,0,0,0,0_0,1_6
1,1,1,48,8,3,0,0,0,0,0_0,3_10
2,2,1,74,10,3,0,0,0,0,0_0,1_3
2,2,2,43,7,3,0,0,0,0,0_0,1_2
1,1,2,45,7,3,0,0,0,1,9_7,1_5
1,1,2,62,9,3,0,0,0,1,1_4,1_7
1,2,2,38,7,3,0,0,0,1,5_1,1_1
1,1,1,14,3,2,0,0,0,1,1_1,1_1
1,2,2,5,1,3,0,0,0,1,5_3,1_2
1,1,1,28,6,3,0,0,0,1,9_8,2_9
2,2,1,37,7,3,0,0,0,0,0_0,1_2
1,1,2,4,1,3,0,0,0,1,5_3,-1_-1
3,2,1,22,5,3,0,0,0,0,0_0,-1_-1
1,1,1,29,6,3,0,0,0,1,5_1,1_3
3,3,1,47,8,3,0,0,0,0,0_0,3_8
1,1,2,36,7,2,0,0,0,0,0_0,3_7
1,1,2,69,10,2,0,0,0,0,0_0,1_6
2,2,2,56,9,3,0,0,0,0,0_0,1_7
1,2,2,54,8,3,0,0,0,1,6_9,1_4
1,1,2,6,2,3,0,0,0,1,5_3,1_10
1,2,1,37,7,3,0,0,0,0,0_0,1_4
2,3,1,59,9,3,0,0,0,0,0_0,1_3
1,1,2,4,1,3,0,0,0,1,10_9,1_5
1,1,2,24,5,3,0,0,0,1,6_9,2_9
1,2,1,23,5,2,0,0,0,1,6_9,1_3
1,1,2,36,7,2,0,0,0,0,0_0,1_-1
1,1,2,90,11,2,0,0,0,1,6_9,1_8
1,1,2,86,11,2,0,0,0,1,6_9,1_2
2,2,2,73,10,3,0,0,0,0,0_0,1_10
3,2,2,29,6,3,0,0,0,0,0_0,1_2
2,3,2,19,4,3,0,0,0,0,0_0,1_1
2,2,1,57,9,3,0,0,0,0,0_0,1_4
1,1,1,28,6,2,0,0,0,1,9_5,1_1
1,1,1,27,6,1,0,0,0,0,0_0,1_10
2,2,1,58,9,3,0,0,0,0,0_0,2_8
2,1,2,62,9,2,0,0,0,0,0_0,3_8
2,1,1,70,10,2,0,0,0,0,0_0,3_5
2,2,1,56,9,2,0,0,0,0,0_0,3_3
1,1,2,26,6,3,0,0,0,1,1_9,1_5
2,2,2,57,9,3,0,0,0,0,0_0,1_4
2,1,1,19,4,3,0,0,0,0,0_0,3_9
1,1,2,58,9,2,0,0,0,1,1_9,1_2
1,1,1,65,9,2,0,0,0,1,5_3,-1_-1
1,1,1,72,10,2,0,0,0,0,0_0,2_6
2,2,1,73,10,2,0,0,0,0,0_0,2_4
1,1,2,30,6,2,0,0,0,1,4_3,1_9
1,2,1,44,7,3,0,0,0,1,4_3,1_7
1,1,2,36,7,1,0,0,0,0,0_0,1_4
2,3,2,37,7,2,0,0,0,0,0_0,1_5
2,2,1,59,9,2,0,0,0,0,0_0,2_7
1,1,1,11,3,3,0,0,0,0,0_0,1_-1
1,1,2,20,4,3,0,0,0,1,5_1,-1_-1
1,1,2,36,7,3,0,0,0,1,5_3,3_6
1,1,1,28,6,3,0,0,0,1,10_9,1_7
1,1,1,57,9,3,0,0,0,1,10_3,3_4
2,1,2,52,8,3,0,0,0,0,0_0,2_1
1,1,2,26,6,3,0,0,0,1,6_9,1_10
1,1,1,29,6,2,0,0,0,0,0_0,3_9
1,1,1,10,2,3,0,0,0,1,2_1,-1_-1
1,1,2,46,8,2,0,0,0,1,9_5,1_9
1,1,2,31,6,2,0,0,0,0,0_0,3_9
1,1,2,65,9,3,0,0,0,0,0_0,3_9
2,1,2,62,9,3,0,0,0,0,0_0,3_4
1,1,1,54,8,2,0,0,0,1,9_5,1_2
2,1,1,17,4,2,0,0,0,0,0_0,1_5
1,1,1,23,5,1,0,0,0,0,0_0,2_10
2,2,2,17,4,3,0,0,0,0,0_0,3_7
1,1,2,39,7,2,0,0,0,0,0_0,1_4
2,1,2,52,8,2,0,0,0,0,0_0,1_3
1,2,1,34,6,2,0,0,0,1,0_0,1_3
2,1,1,84,11,3,0,0,0,0,0_0,2_2
1,1,1,64,9,3,0,0,0,1,6_8,1_4
2,1,1,75,10,2,0,0,0,0,0_0,1_9
1,1,1,15,3,3,0,0,0,1,5_1,2_2
2,2,1,55,8,3,0,0,0,0,0_0,1_9
2,2,1,35,6,2,0,0,0,0,0_0,1_9
2,1,1,72,10,3,0,0,0,0,0_0,3_5
1,1,2,23,5,3,0,0,0,1,10_9,1_6
1,1,1,63,9,3,0,0,0,1,5_4,1_1
1,1,2,28,6,3,0,0,0,1,9_5,-1_-1
2,1,1,43,7,3,0,0,0,1,9_9,1_1
1,1,1,24,5,1,0,0,0,0,0_0,1_2
1,2,2,13,3,3,0,0,0,1,5_1,1_1
1,1,1,39,7,3,0,0,0,1,5_1,1_3
2,1,1,51,8,2,0,0,0,0,0_0,1_10
1,1,2,55,8,3,0,0,0,1,5_1,1_1
1,1,1,56,9,2,0,0,0,1,5_1,1_4
1,1,2,8,2,3,0,0,0,1,5_1,1_9
3,1,2,19,4,3,0,0,0,0,0_0,1_9
1,1,2,82,11,3,0,0,0,0,0_0,1_4
1,1,2,38,7,3,0,0,0,1,4_1,1_8
1,1,2,12,3,2,0,0,0,1,1_3,1_2
1,1,1,72,10,3,0,0,0,1,5_1,1_7
3,1,1,30,6,3,0,0,0,0,0_0,1_2
1,1,1,9,2,3,0,0,0,1,5_1,-1_-1
2,2,1,27,6,2,0,0,0,0,0_0,2_7
1,1,2,42,7,1,0,0,0,0,0_0,1_9
2,1,1,79,11,1,0,0,0,0,0_0,2_5
1,1,1,86,11,1,0,0,0,0,0_0,3_7
1,3,1,20,4,2,0,0,0,0,0_0,1_5
1,1,1,59,9,2,0,0,0,0,0_0,3_7
1,1,1,24,5,3,0,0,0,0,0_0,2_10
1,1,1,25,5,2,0,0,0,0,0_0,1_6
1,1,1,12,3,2,0,0,0,1,5_9,2_10
1,1,1,75,10,3,0,0,0,0,0_0,2_4
3,1,2,32,6,3,0,0,0,0,0_0,1_1
3,1,1,31,6,3,0,0,0,0,0_0,1_2
1,1,1,9,2,3,0,0,0,1,5_1,1_2
1,2,2,15,3,3,0,0,0,1,5_1,1_2
1,1,1,77,11,2,0,0,0,0,0_0,1_2
1,1,1,77,11,1,0,0,0,0,0_0,3_3
2,2,2,38,7,3,0,0,0,0,0_0,3_3
1,1,1,40,7,3,0,0,0,1,10_5,1_9
1,1,2,22,5,3,0,0,0,1,5_4,1_4
1,1,1,18,4,2,0,0,0,1,10_5,-1_-1
1,1,1,18,4,3,0,0,0,1,5_1,1_1
1,2,1,30,6,3,0,0,0,0,0_0,1_7
2,1,2,36,7,2,0,0,0,0,0_0,3_6
1,1,1,44,7,1,0,0,0,1,1_1,-1_-1
2,1,2,60,9,2,0,0,0,0,0_0,1_10
1,1,2,28,6,2,0,0,0,0,0_0,2_2
1,1,1,19,4,3,0,0,0,1,5_3,-1_-1
1,1,2,13,3,2,0,0,0,1,10_6,1_9
1,1,2,43,7,2,0,0,0,0,0_0,3_5
1,1,1,23,5,2,0,0,0,0,0_0,2_6
2,2,1,37,7,3,0,0,0,1,0_0,2_8
1,1,2,60,9,3,0,0,0,1,10_9,1_7
1,1,1,12,3,3,0,0,0,1,4_1,1_10
1,1,2,6,2,3,0,0,0,1,5_3,1_3
1,1,2,12,3,2,0,0,0,1,5_1,1_4
1,1,1,57,9,3,0,0,0,1,2_1,2_7
1,2,2,33,6,2,0,0,0,1,0_0,1_6
2,1,2,45,7,2,0,0,0,0,0_0,2_7
1,3,1,57,9,3,0,0,0,0,0_0,3_6
1,2,2,44,7,2,0,0,0,0,0_0,1_2
1,1,2,11,3,3,0,0,0,0,0_0,1_2
2,1,1,46,8,1,0,0,0,0,0_0,-1_-1
1,1,1,19,4,1,0,0,0,0,0_0,1_3
2,1,2,16,4,2,0,0,0,0,0_0,2_8
1,1,1,73,10,3,0,0,0,1,5_1,1_6
2,3,2,30,6,3,0,0,0,0,0_0,1_1
1,1,2,44,7,2,0,0,0,0,0_0,3_4
2,1,2,29,6,2,0,0,0,0,0_0,1_8
1,1,1,12,3,3,0,0,0,1,1_1,1_5
1,1,1,22,5,3,0,0,0,1,7_3,1_5
1,1,1,43,7,3,0,0,0,1,10_1,2_5
2,3,1,46,8,3,0,0,0,0,0_0,2_2
1,1,1,61,9,3,0,0,0,0,0_0,2_7
1,1,1,13,3,3,0,0,0,1,8_2,-1_-1
1,1,1,59,9,2,0,0,0,0,0_0,1_7
1,1,2,17,4,3,0,0,0,0,0_0,2_8
2,1,1,36,7,2,0,0,0,0,0_0,1_8
1,1,1,11,3,3,0,0,0,1,6_9,1_1
1,1,2,65,9,2,0,0,0,0,0_0,2_5
1,2,2,32,6,3,0,0,0,0,0_0,3_7
1,2,2,68,10,3,0,0,0,0,0_0,1_8
3,2,2,35,6,3,0,0,0,0,0_0,1_4
1,1,1,43,7,3,0,0,0,0,0_0,2_9
1,1,2,20,4,2,0,0,0,1,1_1,1_5
2,1,1,57,9,3,0,0,0,0,0_0,3_10
2,2,1,58,9,3,0,0,0,0,0_0,1_7
2,1,1,29,6,1,0,0,0,0,0_0,3_8
1,1,1,8,2,3,0,0,0,1,5_3,3_9
1,1,2,10,2,3,0,0,0,1,6_9,1_1
3,3,2,47,8,3,0,0,0,0,0_0,2_4
1,1,1,26,6,3,0,0,0,0,0_0,3_10
2,1,2,40,7,2,0,0,0,0,0_0,3_4
1,1,1,34,6,3,0,0,0,0,0_0,2_8
1,1,2,19,4,2,0,0,0,0,0_0,2_10
3,1,2,20,4,2,0,0,0,0,0_0,1_4
1,1,2,37,7,3,0,0,0,0,0_0,2_10
2,2,1,25,5,3,0,0,0,0,0_0,2_8
1,1,2,68,10,3,0,0,0,0,0_0,2_10
2,2,1,61,9,3,0,0,0,0,0_0,2_6
2,3,2,63,9,3,0,0,0,0,0_0,2_5
3,1,2,53,8,3,0,0,0,0,0_0,2_4
1,1,2,13,3,3,0,0,0,0,0_0,1_5
1,1,1,42,7,3,0,0,0,1,9_5,1_5
1,1,1,12,3,3,0,0,0,1,5_3,2_10
1,2,1,22,5,3,0,0,0,0,0_0,1_10
3,3,1,51,8,3,0,0,0,0,0_0,3_9
3,2,2,27,6,3,0,0,0,0,0_0,1_8
1,1,2,59,9,2,0,0,0,1,5_3,1_1
1,1,1,38,7,3,0,0,0,1,6_9,1_8
1,1,1,43,7,3,0,0,0,1,8_7,1_7
2,3,2,46,8,3,0,0,0,0,0_0,3_7
1,1,2,43,7,2,0,0,0,1,6_9,1_10
1,1,1,71,10,3,0,0,0,1,6_9,1_8
1,1,1,25,5,3,0,0,0,1,5_2,1_3
1,1,2,10,2,3,0,0,0,1,5_2,1_6
1,1,2,17,4,3,0,0,0,1,5_1,3_5
2,3,1,46,8,3,0,0,0,0,0_0,3_7
1,1,2,76,11,3,0,0,0,0,0_0,3_5
1,1,1,12,3,3,0,0,0,1,6_9,-1_-1
2,2,2,53,8,2,0,0,0,1,0_0,-1_-1
1,1,1,2,1,3,0,0,0,1,5_2,-1_-1
2,1,2,52,8,2,0,0,0,0,0_0,-1_-1
1,1,2,20,4,3,0,0,0,1,4_1,-1_-1
1,2,2,53,8,3,0,0,0,1,0_0,1_6
1,1,2,5,1,2,0,0,0,1,6_9,1_6
1,2,2,47,8,3,0,0,0,0,0_0,3_5
1,1,2,45,7,3,0,0,0,1,9_5,3_4
1,2,2,13,3,3,0,0,0,1,9_5,-1_-1
1,1,1,16,4,2,0,0,0,1,5_2,3_5
2,2,1,62,9,3,0,0,0,0,0_0,3_3
2,1,2,44,7,3,0,0,0,0,0_0,3_8
3,1,2,52,8,2,0,0,0,0,0_0,3_5
1,1,2,76,11,2,0,0,0,1,5_3,1_1
1,1,2,33,6,3,0,0,0,0,0_0,2_9
3,2,1,17,4,3,0,0,0,0,0_0,2_8
2,1,1,45,7,2,0,0,0,0,0_0,1_7
1,1,2,36,7,3,0,0,0,0,0_0,2_7
2,1,1,11,3,3,0,0,0,0,0_0,1_3
1,1,1,24,5,2,0,0,0,1,5_1,1_4
1,1,1,41,7,3,0,0,0,1,9_5,1_2
2,1,2,25,5,3,0,0,0,0,0_0,2_3
1,1,1,53,8,2,0,0,0,1,5_4,1_2
1,1,2,7,2,3,0,0,0,1,4_2,-1_-1
2,2,1,79,11,2,0,0,0,0,0_0,1_10
3,1,1,74,10,2,0,0,0,0,0_0,1_7
1,1,1,71,10,3,0,0,0,0,0_0,2_8
1,1,2,67,10,2,0,0,0,1,1_1,2_10
1,1,2,10,2,3,0,0,0,1,5_1,2_9
2,2,2,44,7,3,0,0,0,0,0_0,3_7
3,3,2,58,9,3,0,0,0,0,0_0,3_7
1,1,2,4,1,2,0,0,0,1,9_2,1_3
1,1,1,49,8,1,0,0,0,0,0_0,1_5
1,1,2,24,5,3,0,0,0,0,0_0,2_9
2,2,1,28,6,3,0,0,0,0,0_0,2_4
1,1,1,77,11,3,0,0,0,1,10_9,1_6
1,1,1,16,4,2,0,0,0,0,0_0,1_4
1,1,1,69,10,3,0,0,0,0,0_0,1_5
2,1,1,60,9,3,0,0,0,0,0_0,3_10
1,1,1,33,6,1,0,0,0,0,0_0,2_7
1,1,2,12,3,2,0,0,0,1,10_1,2_4
2,1,1,86,11,2,0,0,0,0,0_0,-1_-1
2,2,1,12,3,3,0,0,0,1,0_0,1_9
2,3,1,33,6,2,0,0,0,0,0_0,2_5
3,1,1,44,7,2,0,0,0,0,0_0,1_10
1,1,2,46,8,2,0,0,0,0,0_0,1_4
1,1,2,24,5,2,0,0,0,0,0_0,1_4
1,1,2,45,7,3,0,0,0,0,0_0,-1_-1
1,1,2,21,5,2,0,0,0,0,0_0,1_1
1,1,1,19,4,2,0,0,0,1,1_3,1_4
1,1,1,47,8,2,0,0,0,1,8_9,1_2
1,1,2,22,5,3,0,0,0,1,0_0,1_6
1,1,1,35,6,2,0,0,0,1,5_2,1_5
1,1,1,43,7,2,0,0,0,0,0_0,1_7
1,1,1,28,6,2,0,0,0,1,6_9,2_10
1,1,1,91,11,3,0,0,0,0,0_0,2_8
2,1,2,53,8,2,0,0,0,0,0_0,1_10
1,1,1,8,2,3,0,0,0,1,5_1,1_7
2,2,2,51,8,2,0,0,0,0,0_0,1_9
1,1,1,58,9,2,0,0,0,0,0_0,1_9
2,1,2,54,8,3,0,0,0,0,0_0,3_10
1,1,2,20,4,3,0,0,0,1,5_3,1_6
1,1,1,21,5,2,0,0,0,0,0_0,3_6
1,1,1,19,4,2,0,0,0,0,0_0,3_9
2,2,1,21,5,3,0,0,0,0,0_0,3_10
1,2,1,14,3,3,0,0,0,1,0_0,1_3
2,1,1,70,10,2,0,0,0,0,0_0,3_8
1,1,2,4,1,3,0,0,0,1,5_2,1_4
3,1,1,35,6,3,0,0,0,0,0_0,2_9
1,1,1,21,5,2,0,0,0,1,9_5,-1_-1
1,2,1,19,4,2,0,0,0,1,9_5,-1_-1
1,1,2,92,11,3,0,0,0,1,5_9,1_9
2,2,1,49,8,3,0,0,0,0,0_0,3_7
2,1,2,55,8,3,0,0,0,0,0_0,3_7
3,1,1,30,6,3,0,0,0,0,0_0,1_10
1,1,1,56,9,3,0,0,0,1,1_1,1_7
1,1,2,20,4,2,0,0,0,1,10_9,1_10
1,1,2,31,6,2,0,0,0,1,6_9,1_10
3,3,2,37,7,3,0,0,0,0,0_0,1_10
1,1,2,60,9,2,0,0,0,0,0_0,1_10
1,1,1,41,7,3,0,0,0,1,1_1,-1_-1
1,1,2,52,8,3,0,0,0,1,4_1,1_8
2,3,1,25,5,3,0,0,0,0,0_0,1_5
1,1,2,33,6,2,0,0,0,0,0_0,1_1
1,1,1,14,3,2,0,0,0,1,5_3,1_2
1,1,2,3,1,3,0,0,0,1,5_3,1_5
3,2,2,42,7,3,0,0,0,0,0_0,1_5
1,1,2,14,3,3,0,0,0,1,1_3,1_3
2,1,2,55,8,2,0,0,0,0,0_0,1_1
1,1,1,15,3,3,0,0,0,1,1_1,1_4
1,2,2,24,5,3,0,0,0,0,0_0,1_3
1,1,2,67,10,2,0,0,0,1,5_1,1_6
2,1,1,47,8,3,0,0,0,1,0_0,1_3
1,1,2,8,2,3,0,0,0,1,5_4,1_3
1,1,1,64,9,1,0,0,0,0,0_0,2_9
1,1,2,57,9,3,0,0,0,1,6_9,1_4
1,1,2,76,11,3,0,0,0,1,10_1,2_8
2,1,1,36,7,2,0,0,0,0,0_0,3_9
1,1,1,72,10,1,0,0,0,0,0_0,3_8
2,2,1,48,8,3,0,0,0,0,0_0,3_9
1,3,1,54,8,1,0,0,0,0,0_0,-1_-1
1,1,1,8,2,3,0,0,0,1,5_9,1_6
1,1,2,51,8,2,0,0,0,1,5_3,1_10
1,1,1,47,8,2,0,0,0,1,10_5,2_10
2,1,1,32,6,3,0,0,0,0,0_0,3_6
1,1,2,21,5,3,0,0,0,0,0_0,2_10
1,1,2,30,6,3,0,0,0,0,0_0,3_5
1,1,2,79,11,2,0,0,0,1,1_9,1_9
1,1,2,43,7,2,0,0,0,0,0_0,1_6
1,1,1,47,8,3,0,0,0,1,9_7,1_7
1,1,2,77,11,2,0,0,0,1,5_9,1_8
1,1,1,21,5,2,0,0,0,0,0_0,2_9
1,2,1,34,6,2,0,0,0,0,0_0,1_9
1,1,2,21,5,1,0,0,0,1,5_9,1_9
1,1,2,20,4,2,0,0,0,1,5_3,1_10
1,1,2,59,9,2,0,0,0,1,9_9,3_7
1,1,1,48,8,3,0,0,0,0,0_0,3_9
1,1,2,57,9,2,0,0,0,1,5_4,3_8
1,1,2,47,8,3,0,0,0,1,6_9,1_9
1,2,1,30,6,3,0,0,0,1,6_9,1_8
1,1,2,44,7,3,0,0,0,1,1_3,1_8
1,1,1,31,6,3,0,0,0,0,0_0,3_8
2,2,2,51,8,3,0,0,0,0,0_0,1_6
2,2,1,29,6,3,0,0,0,1,0_0,1_3
2,2,1,66,10,3,0,0,0,0,0_0,3_6
1,1,1,63,9,2,0,0,0,1,10_1,1_3
1,2,2,61,9,3,0,0,0,1,10_1,1_3
1,1,2,77,11,2,0,0,0,1,5_2,3_10
1,1,2,56,9,3,0,0,0,1,10_9,1_10
1,1,1,14,3,2,0,0,0,1,5_9,-1_-1
